decision_id,level,topic,status,source_classification,source_evidence,why_it_matters,candidate_options_summary,dependencies,recommended_if_forced,recommendation_confidence
DECISION_REQUIRED_LOOKBACK_N,1,Input tensor history depth N,USER_DECISION_REQUIRED,MISSING,"p.3 Fig.1 and text define X_t in R^(N x (l+m)) but N is never given a numeric value anywhere in body, table, or figure.","N controls tensor shape, model input size, and how much history is 'burned' before the first trainable example in each 2-year window; wrong N changes both capacity and effective sample count.","A: N = 52 (one full trailing year of weekly bars); B: N = 104 (two full trailing years, matching the annual training-window length); C: N small (e.g. 4-12 weeks), a short technical-momentum window",,B,LOW
DECISION_REQUIRED_PRICE_FIELD,1,Which Yahoo Finance price field populates X_t,RESOLVED_ADJUSTED_CLOSE_LEVELS,MISSING,p.3 says only 'prices... recorded for the current and previous N-1 weeks' were assembled into X_t; never states raw Close vs Adjusted Close vs returns.,"Determines whether corporate actions (splits, dividends) are silently embedded in the model's price history, and whether the network sees levels or returns -- both materially change learned representations.",A: Raw (unadjusted) Friday close; B: Adjusted close (dividend + split adjusted); C: Week-over-week simple returns computed from Friday closes,DECISION_REQUIRED_ETF_DIVIDEND_TREATMENT,A,LOW
DECISION_REQUIRED_VOLUME_INPUT,1,Whether the final reported model includes ETF volume,RESOLVED_INCLUDE_FINAL_SESSION_DAILY_VOLUME,MISSING,"p.3 footnote: tensor is N x (2l+m) 'if ETF volumes are used in the analysis' -- conditional, never resolved for the final Table 3 model.",Doubles the traded-asset feature block (l -> 2l) if included; changes model input width and every downstream shape.,A: PRICE_ONLY (volume excluded from final model); B: PRICE_PLUS_VOLUME,,B,LOW
DECISION_REQUIRED_TARGET_RETURN_INTERVAL,1,Exact date range the +1% label return is measured over,RESOLVED_FIRST_ACTUAL_OPEN_TO_FINAL_ACTUAL_CLOSE,STRONG_INFERENCE,p.3: '...implicitly predict two distinct future values (Monday open and Friday close)'; p.4-5 execution timeline confirms Mon-open entry / Fri-close exit.,"Changes every label in the entire dataset; a Fri-close-to-Fri-close definition captures weekend gap risk the strategy never actually trades, while Mon-open-to-Fri-close matches the tradeable P&L exactly.",A: next Monday open -> next Friday close (matches realized tradeable return); B: current Friday close -> next Friday close,,A,MEDIUM
DECISION_REQUIRED_NORMALIZATION_SCOPE,1,Scope over which zero-mean/unit-variance normalization stats are computed,RESOLVED_PER_ETF_TWO_YEAR_ANNUAL_ZSCORE_FROZEN,MISSING,"p.3: 'All non-target data were normalized to have zero mean and unit variance' -- states the transform, not its scope.",Determines whether normalization stats are refreshed weekly (expanding/rolling) or fixed per annual training window; also determines lookahead-safety implementation detail.,"A: Fit once per trading year on the 2-year training window, held fixed through all weekly updates that year; B: Refit weekly on an expanding window (all data through the most recent observed week); C: Refit weekly on a fixed-size rolling window of the most recent N weeks (same N as the tensor depth)",DECISION_REQUIRED_LOOKBACK_N,A,LOW
DECISION_REQUIRED_HIDDEN_WIDTHS,1,Units per hidden Dense layer (4 layers),USER_DECISION_REQUIRED,MISSING,"p.3: 'four fully connected internal layers' -- layer count given, unit counts never given.",Directly sets model capacity; needed to instantiate the Keras model at all.,"A: Uniform moderate width, e.g. 64 units/layer; B: Funnel/taper shape (e.g. 128-64-32-16)",,A,LOW
DECISION_REQUIRED_DROPOUT_RATE,1,Dropout rate(s) for the 4 hidden layers,USER_DECISION_REQUIRED,MISSING,"p.3: dropout named as a technique used, no rate given, and not stated whether one rate is shared across layers or each differs.",Directly affects both regularization strength during training and (critically) the MC-dropout confidence-estimation ensemble's dispersion at inference time -- this single number affects two separate paper mechanics.,"A: Single shared rate, e.g. 0.5 (classic Srivastava et al. default, cited as ref [24] in the paper itself); B: Lower rate, e.g. 0.2-0.3, common in smaller MLPs",,A,LOW
DECISION_REQUIRED_CUSTOM_FINANCIAL_LOSS,1,Exact custom financial loss function formula,USER_DECISION_REQUIRED,MISSING,p.4: 'a custom loss function incorporating recent capital gains and losses was used... The idea of directly using a financial criterion was suggested in [4]' (Bengio 1997). No equation given anywhere.,"This is the single largest blocker: it is the mechanism the paper credits for connecting model optimization to trading profitability, and every subsequent training epoch (initial and weekly-update) depends on it.",A: Full replacement of prediction loss with a financial-return objective (minimize negative realized/expected portfolio return from the model's own selections); B: Hybrid: base classification loss (on the +1% binary label) plus an additive term scaled by recent per-asset realized P&L; C: Asymmetric/reweighted classification loss where each example's weight is scaled by the sign/magnitude of that asset's most recent realized trade P&L,,NONE -- do not implement without direct user resolution or access to Bengio (1997) as a secondary source,LOW
DECISION_REQUIRED_OPTIMIZER,1,Optimizer,USER_DECISION_REQUIRED,MISSING,"Not stated anywhere in the paper body, tables, or appendix.",Required to instantiate/run TensorFlow/Keras training; task brief explicitly forbids copying prior (archived) project NN v1/v2 hyperparameter settings for this value.,A: Common Keras/TF default (Adam); B: Leave fully unresolved until user supplies a value; block training,,A (framework default) only if forced; otherwise block,LOW
DECISION_REQUIRED_LEARNING_RATE,1,Learning rate,USER_DECISION_REQUIRED,MISSING,"Not stated anywhere in the paper body, tables, or appendix.",Required to instantiate/run TensorFlow/Keras training; task brief explicitly forbids copying prior (archived) project NN v1/v2 hyperparameter settings for this value.,A: Common Keras/TF default (1e-3); B: Leave fully unresolved until user supplies a value; block training,,A (framework default) only if forced; otherwise block,LOW
DECISION_REQUIRED_BATCH_SIZE,1,Batch size,USER_DECISION_REQUIRED,MISSING,"Not stated anywhere in the paper body, tables, or appendix.",Required to instantiate/run TensorFlow/Keras training; task brief explicitly forbids copying prior (archived) project NN v1/v2 hyperparameter settings for this value.,A: Common Keras/TF default (32); B: Leave fully unresolved until user supplies a value; block training,,A (framework default) only if forced; otherwise block,LOW
DECISION_REQUIRED_INITIAL_EPOCHS,1,Initial (annual) training epoch count,USER_DECISION_REQUIRED,MISSING,"Not stated anywhere in the paper body, tables, or appendix.",Required to instantiate/run TensorFlow/Keras training; task brief explicitly forbids copying prior (archived) project NN v1/v2 hyperparameter settings for this value.,A: Common Keras/TF default (50-100); B: Leave fully unresolved until user supplies a value; block training,,A (framework default) only if forced; otherwise block,LOW
DECISION_REQUIRED_WEEKLY_UPDATE_EPOCHS,1,Weekly incremental-update epoch count,USER_DECISION_REQUIRED,MISSING,"Not stated anywhere in the paper body, tables, or appendix.",Required to instantiate/run TensorFlow/Keras training; task brief explicitly forbids copying prior (archived) project NN v1/v2 hyperparameter settings for this value.,A: Common Keras/TF default (1-5); B: Leave fully unresolved until user supplies a value; block training,,A (framework default) only if forced; otherwise block,LOW
DECISION_REQUIRED_EARLY_STOPPING,1,Early-stopping rule (patience/monitor metric),USER_DECISION_REQUIRED,MISSING,"Not stated anywhere in the paper body, tables, or appendix.",Required to instantiate/run TensorFlow/Keras training; task brief explicitly forbids copying prior (archived) project NN v1/v2 hyperparameter settings for this value.,A: Common Keras/TF default (none stated); B: Leave fully unresolved until user supplies a value; block training,,A (framework default) only if forced; otherwise block,LOW
DECISION_REQUIRED_RANDOM_SEED_POLICY,1,Random seed / initialization policy,USER_DECISION_REQUIRED,MISSING,"Not stated anywhere in the paper body, tables, or appendix.",Required to instantiate/run TensorFlow/Keras training; task brief explicitly forbids copying prior (archived) project NN v1/v2 hyperparameter settings for this value.,A: Common Keras/TF default (unset/unspecified); B: Leave fully unresolved until user supplies a value; block training,,A (framework default) only if forced; otherwise block,LOW
DECISION_REQUIRED_WEEKLY_UPDATE_MECHANISM,2,What 'incrementally updated' means for the weekly model refresh,USER_DECISION_REQUIRED,MISSING,p.3: 'the models were updated incrementally using the observed price data from the week just ended' -- mechanism not specified.,Different mechanisms (single gradient step on newest example vs. multi-epoch fit on an expanding/rolling window vs. full retrain) produce materially different model drift and forgetting behavior over a 52-week year.,"A: One (or a few) gradient step(s)/epoch(s) fit only on the single newest week's example; B: Fit continuation on an expanding window (all data seen so far this year, appended weekly); C: Fixed-size rolling-window retrain (e.g. always the most recent 2 years, sliding forward weekly)",DECISION_REQUIRED_WEEKLY_UPDATE_EPOCHS,A,LOW
DECISION_REQUIRED_ROC_OBJECTIVE,2,ROC operating-point / cost-function criterion for per-asset thresholds,USER_DECISION_REQUIRED,MISSING,"p.4: threshold 'estimated by optimizing a cost function based on receiver operating characteristic (ROC) curve analysis [8]' -- [8] (Fawcett 2006) is a general survey, not a single criterion.","The threshold directly gates every buy decision; different ROC criteria (Youden's J, cost-weighted point, fixed-FPR target, F1-optimal) produce different selectivity and different realized #buy/week.",A: Youden's J statistic (max TPR - FPR); B: Cost-weighted point reflecting the strategy's own asymmetric loss-aversion framing (false positives -- bad buys -- penalized more than false negatives); C: Fixed target false-positive rate (e.g. 10%),DECISION_REQUIRED_ROC_LOOKBACK; DECISION_REQUIRED_ROC_MIN_SAMPLE,NONE -- explicitly not Youden's J per task brief; needs user input,LOW
DECISION_REQUIRED_ROC_LOOKBACK,2,ROC estimation history window ('recently observed input data'),USER_DECISION_REQUIRED,MISSING,"p.4 says only 'recently observed input data', without quantifying the window, minimum sample, fallback, or tie-break behavior.",Needed to make the weekly ROC-threshold re-estimation procedure fully executable and deterministic.,A: Use all data observed so far in the current trading year (expanding window); B: Use a fixed trailing window (e.g. most recent 13/26/52 weeks),DECISION_REQUIRED_ROC_OBJECTIVE,"B (fixed trailing window) if forced, exact length unresolved",LOW
DECISION_REQUIRED_ROC_MIN_SAMPLE,2,Minimum sample size before a per-asset ROC threshold can be estimated,USER_DECISION_REQUIRED,MISSING,"p.4 says only 'recently observed input data', without quantifying the window, minimum sample, fallback, or tie-break behavior.",Needed to make the weekly ROC-threshold re-estimation procedure fully executable and deterministic.,A: Use all data observed so far in the current trading year (expanding window); B: Use a fixed trailing window (e.g. most recent 13/26/52 weeks),DECISION_REQUIRED_ROC_OBJECTIVE,"B (fixed trailing window) if forced, exact length unresolved",LOW
DECISION_REQUIRED_ROC_FALLBACK,2,Fallback threshold/behavior before minimum sample size is reached,USER_DECISION_REQUIRED,MISSING,"p.4 says only 'recently observed input data', without quantifying the window, minimum sample, fallback, or tie-break behavior.",Needed to make the weekly ROC-threshold re-estimation procedure fully executable and deterministic.,A: Use all data observed so far in the current trading year (expanding window); B: Use a fixed trailing window (e.g. most recent 13/26/52 weeks),DECISION_REQUIRED_ROC_OBJECTIVE,"B (fixed trailing window) if forced, exact length unresolved",LOW
DECISION_REQUIRED_ROC_TIEBREAK,2,Tie-break rule when multiple ROC operating points score equally,USER_DECISION_REQUIRED,MISSING,"p.4 says only 'recently observed input data', without quantifying the window, minimum sample, fallback, or tie-break behavior.",Needed to make the weekly ROC-threshold re-estimation procedure fully executable and deterministic.,A: Use all data observed so far in the current trading year (expanding window); B: Use a fixed trailing window (e.g. most recent 13/26/52 weeks),DECISION_REQUIRED_ROC_OBJECTIVE,"B (fixed trailing window) if forced, exact length unresolved",LOW
DECISION_REQUIRED_MC_PASSES,2,Number of MC-dropout stochastic forward passes per asset per week,USER_DECISION_REQUIRED,MISSING,"p.4 'Confidence estimation': MC dropout, 'a large number' of passes (unquantified); 80%-mass-within-one-std-of-median rule stated but not reduced to a computable procedure; population language used loosely.","A prior archived project's literal implementation of this exact rule was found to become nearly degenerate empirically -- the task brief explicitly prohibits silently changing the rule for that reason, so this must be user-confirmed rather than reinterpreted unilaterally.","A: Implement the rule exactly as literally stated (population-style moments, empirical CDF mass test) and accept the degeneracy risk pending user review; B: User supplies a refined/clarified acceptance procedure before implementation proceeds",DECISION_REQUIRED_DROPOUT_RATE,"A (literal reading), flagged for explicit user confirmation given known degeneracy risk",LOW
DECISION_REQUIRED_MC_POPULATION_DEFINITION,2,Whether the MC ensemble is treated as sample or as the full 'population' for moment estimation,USER_DECISION_REQUIRED,MISSING,"p.4 'Confidence estimation': MC dropout, 'a large number' of passes (unquantified); 80%-mass-within-one-std-of-median rule stated but not reduced to a computable procedure; population language used loosely.","A prior archived project's literal implementation of this exact rule was found to become nearly degenerate empirically -- the task brief explicitly prohibits silently changing the rule for that reason, so this must be user-confirmed rather than reinterpreted unilaterally.","A: Implement the rule exactly as literally stated (population-style moments, empirical CDF mass test) and accept the degeneracy risk pending user review; B: User supplies a refined/clarified acceptance procedure before implementation proceeds",DECISION_REQUIRED_DROPOUT_RATE,"A (literal reading), flagged for explicit user confirmation given known degeneracy risk",LOW
DECISION_REQUIRED_MC_STD_DEFINITION,2,Population vs sample standard-deviation divisor (N vs N-1) for the MC ensemble,USER_DECISION_REQUIRED,MISSING,"p.4 'Confidence estimation': MC dropout, 'a large number' of passes (unquantified); 80%-mass-within-one-std-of-median rule stated but not reduced to a computable procedure; population language used loosely.","A prior archived project's literal implementation of this exact rule was found to become nearly degenerate empirically -- the task brief explicitly prohibits silently changing the rule for that reason, so this must be user-confirmed rather than reinterpreted unilaterally.","A: Implement the rule exactly as literally stated (population-style moments, empirical CDF mass test) and accept the degeneracy risk pending user review; B: User supplies a refined/clarified acceptance procedure before implementation proceeds",DECISION_REQUIRED_DROPOUT_RATE,"A (literal reading), flagged for explicit user confirmation given known degeneracy risk",LOW
DECISION_REQUIRED_MC_ACCEPTANCE_RULE,2,Exact numerical procedure implementing the '80% probability mass within one std of median' test,USER_DECISION_REQUIRED,WEAK_INFERENCE,"p.4 'Confidence estimation': MC dropout, 'a large number' of passes (unquantified); 80%-mass-within-one-std-of-median rule stated but not reduced to a computable procedure; population language used loosely.","A prior archived project's literal implementation of this exact rule was found to become nearly degenerate empirically -- the task brief explicitly prohibits silently changing the rule for that reason, so this must be user-confirmed rather than reinterpreted unilaterally.","A: Implement the rule exactly as literally stated (population-style moments, empirical CDF mass test) and accept the degeneracy risk pending user review; B: User supplies a refined/clarified acceptance procedure before implementation proceeds",DECISION_REQUIRED_DROPOUT_RATE,"A (literal reading), flagged for explicit user confirmation given known degeneracy risk",LOW
DECISION_REQUIRED_MC_REJECTION_BEHAVIOR,2,What happens to a rejected asset (dropped this week only vs. other interaction with risk rules),USER_DECISION_REQUIRED,MISSING,"p.4 'Confidence estimation': MC dropout, 'a large number' of passes (unquantified); 80%-mass-within-one-std-of-median rule stated but not reduced to a computable procedure; population language used loosely.","A prior archived project's literal implementation of this exact rule was found to become nearly degenerate empirically -- the task brief explicitly prohibits silently changing the rule for that reason, so this must be user-confirmed rather than reinterpreted unilaterally.","A: Implement the rule exactly as literally stated (population-style moments, empirical CDF mass test) and accept the degeneracy risk pending user review; B: User supplies a refined/clarified acceptance procedure before implementation proceeds",DECISION_REQUIRED_DROPOUT_RATE,"A (literal reading), flagged for explicit user confirmation given known degeneracy risk",LOW
DECISION_REQUIRED_RANKING_CRITERION,2,Criterion used to rank surviving candidate ETFs before allocation,USER_DECISION_REQUIRED,MISSING,"p.4-5 step 4: 'Rank funds in list, and allocate available capital' -- ranked by what value is never stated.","Determines selection order when capital constraints or count limits (if any) apply, and affects which symbols are prioritized when not all survivors can be equally funded.","A: Rank by raw model output score (the same real-valued score used for ROC thresholding); B: Rank by the allocation raw score w_s itself (post-hoc, using each candidate's own win/streak history)",DECISION_REQUIRED_WEIGHT_NORMALIZATION,A,LOW
DECISION_REQUIRED_BUY_COUNT_RULE,2,"Maximum/minimum number of ETFs bought per week, if any",USER_DECISION_REQUIRED,MISSING,"Table 3's 2.25 avg buys/week is stated as a *result* of the filter cascade (p.6), not a target; no explicit cap or floor is given anywhere.","Task brief explicitly forbids imposing a Top-2/Top-3 rule; without this decision, the buy list is simply 'everything that survives all upstream filters', which is the most literal reading but should be confirmed.",A: No explicit cap/floor -- buy list is exactly the filter cascade's survivors; B: An implicit cap exists but is unstated (e.g. capital constraints alone limit effective buy count),,A,MEDIUM
DECISION_REQUIRED_STARTING_CAPITAL,3,Backtest starting account value,USER_DECISION_REQUIRED,MISSING,Never stated anywhere in the paper. The only dollar figure present is the $300 Rule-B threshold (Table 2).,"All dollar-denominated risk rules (Rule B) and all realistic position-sizing math require a starting capital; per task brief, must NOT default to $100,000.",A: User-specified starting capital,DECISION_REQUIRED_RULE_B_SCALE_CONTEXT,NONE -- must come from user,LOW
DECISION_REQUIRED_SHARE_ROUNDING,3,Integer vs fractional share handling,USER_DECISION_REQUIRED,MISSING,Not addressed anywhere in the paper.,"Determines whether allocation weights translate exactly to dollar exposure or are quantized by whole-share rounding, which matters most for small starting-capital scenarios.",A: Fractional shares (exact dollar allocation); B: Integer shares with residual cash uninvested,DECISION_REQUIRED_STARTING_CAPITAL,"A (simpler, matches 'preliminary results' framing)",LOW
DECISION_REQUIRED_CASH_HANDLING,3,Treatment of uninvested residual cash between trading weeks,USER_DECISION_REQUIRED,MISSING,Not addressed anywhere in the paper.,"Determines whether idle cash (e.g. in weeks with fewer buys, or Rule-B halt weeks) earns any return or sits flat, affecting realized CAGR.",A: Idle cash earns zero return (flat); B: Idle cash earns the contemporaneous risk-free rate (same 90-day T-bill series used for Sharpe),,A,LOW
DECISION_REQUIRED_CAPITAL_DEPLOYMENT,3,Whether 100% of capital is deployed each week or partial/leveraged deployment is allowed,USER_DECISION_REQUIRED,MISSING,Not addressed anywhere in the paper.,Interacts directly with the weight-normalization decision -- full deployment vs partial deployment change realized portfolio volatility and CAGR even holding the selection/allocation logic fixed.,A: Full deployment: normalized weights always sum to 1.0 of available capital each week; B: Partial deployment scaled by conviction/count of survivors (fewer survivors -> less capital deployed),DECISION_REQUIRED_WEIGHT_NORMALIZATION,A,LOW
DECISION_REQUIRED_WEIGHT_NORMALIZATION,3,How raw allocation scores w_s convert into dollar position sizes,USER_DECISION_REQUIRED,MISSING,p.5-6 gives the exact raw-score formula w_s = 1.0 + wins_s/buys_s + streak_s/(wins_s+1) but never states how {w_s} for the week's selected set becomes actual capital weights.,Without this the exact formula produces an unbounded positive score per symbol with no defined mapping to dollars -- required for any executable backtest.,"A: Normalize selected symbols' raw scores to sum to 1.0, multiply by deployed capital; B: Equal-dollar-weight all selected symbols (ignore w_s magnitude for sizing, use only for ranking); C: w_s used as a multiplier against a fixed per-position base allocation (not necessarily summing to 1)",DECISION_REQUIRED_CAPITAL_DEPLOYMENT; DECISION_REQUIRED_RANKING_CRITERION,A,LOW
DECISION_REQUIRED_STREAK_SEMANTICS,3,Exact reset/in-progress semantics of streak_s in the allocation formula,USER_DECISION_REQUIRED,WEAK_INFERENCE,"p.6: 'streak_s is the number of consecutive buys producing a profitable outcome (not necessarily contiguous weeks)' -- clarifies 'consecutive' means consecutive trades not consecutive calendar weeks, but does not state the reset rule on a loss or whether an in-progress streak counts at allocation time.",Directly affects the allocation raw score; a wrong reset rule changes capital weighting for symbols with mixed recent records.,"A: streak_s resets to 0 on any losing trade; counts the current (possibly in-progress) streak as of allocation time; B: streak_s only counts fully completed streaks (a streak broken by a loss is 'closed' and a new one starts at 0, but the count used is always the most recently completed streak's length, not the currently-building one)",,A,MEDIUM
DECISION_REQUIRED_HOLIDAY_EXECUTION,3,Weekly-calendar handling when Friday close or Monday open falls on a market holiday,RESOLVED_FIRST_ACTUAL_OPEN_TO_FINAL_ACTUAL_CLOSE,MISSING,Not addressed anywhere in the paper.,"Every year in 2012-2022 contains multiple holiday-shortened weeks (Good Friday, MLK/Presidents/Memorial/Labor Day Mondays, etc.); without a rule, those weeks cannot be executed.","A: Substitute nearest prior trading day for a missing Friday, nearest following trading day for a missing Monday; B: Skip (no trade) any week where either boundary day is a holiday",,A,LOW
DECISION_REQUIRED_ETF_DIVIDEND_TREATMENT,3,Whether ETF entry/exit execution prices reflect dividend adjustment,USER_DECISION_REQUIRED,MISSING,Not addressed for the traded ETFs anywhere in the paper (only the benchmark's dividend treatment is explicit).,Ex-dividend price drops that fall inside a one-week hold could be misread as trading losses if unadjusted close is used naively across an ex-div date; the choice interacts with DECISION_REQUIRED_PRICE_FIELD.,"A: Use unadjusted close for both entry and exit -- dividends simply are not captured as strategy return (matches a literal 'buy/sell at close' reading); B: Use adjusted close throughout, so dividend effects are embedded consistently",DECISION_REQUIRED_PRICE_FIELD,A,LOW
DECISION_REQUIRED_BENCHMARK_RETURN_TREATMENT,3,Exact reproducible series used for the SPX total-return benchmark,USER_DECISION_REQUIRED,MISSING,"p.4: 'benchmark strategy of full investment in the S&P 500 (SPX)... CAGR_SPX includes reinvestment of dividends' (footnote points to an external, non-machine-readable source: https://bit.ly/3iavw0u).",CAGR_SPX is the direct subtrahend of alpha (the paper's headline metric); an imprecise proxy changes every reported alpha figure this rebuild would eventually try to compare against.,"A: PAPER_REPORTING_BENCHMARK proxy: SPY total return (dividends reinvested), computed from SPY adjusted close; B: EXECUTABLE_PROXY_IF_NEEDED: raw ^GSPC price index with a separately sourced dividend-yield add-back",,"A (SPY total return) as the practical EXECUTABLE_PROXY, clearly labeled as a proxy, not claimed equal to PAPER_REPORTING_BENCHMARK",MEDIUM
DECISION_REQUIRED_RULE_A_STATE,3,Rule A (5%/week symbol loss) — % of entry price vs % of portfolio equity,USER_DECISION_REQUIRED,MISSING,"Table 2 (p.5) states the exact numeric threshold (5%) and evaluation cadence, but not the underlying state-machine semantics -- see `docs/paper_risk_rule_audit.md` for the full per-rule treatment.","Table 2's five rules are part of the EXPLICIT loss-mitigation mechanism, but cannot be executed deterministically without resolving the state variable each depends on.",A: See docs/paper_risk_rule_audit.md for this rule's specific candidate readings,,See docs/paper_risk_rule_audit.md,LOW
DECISION_REQUIRED_RULE_B_SCALE_CONTEXT,3,"Rule B ($300/week loss) — measured against what P&L figure, and halt-timing",USER_DECISION_REQUIRED,MISSING,"Table 2 (p.5) states the exact numeric threshold ($300) and evaluation cadence, but not the underlying state-machine semantics -- see `docs/paper_risk_rule_audit.md` for the full per-rule treatment.","Table 2's five rules are part of the EXPLICIT loss-mitigation mechanism, but cannot be executed deterministically without resolving the state variable each depends on.",A: See docs/paper_risk_rule_audit.md for this rule's specific candidate readings,DECISION_REQUIRED_STARTING_CAPITAL,See docs/paper_risk_rule_audit.md,LOW
DECISION_REQUIRED_RULE_C_REFERENCE,3,Rule C (5% Q4 underwater) — reference point for 'underwater',USER_DECISION_REQUIRED,MISSING,"Table 2 (p.5) states the exact numeric threshold (5%) and evaluation cadence, but not the underlying state-machine semantics -- see `docs/paper_risk_rule_audit.md` for the full per-rule treatment.","Table 2's five rules are part of the EXPLICIT loss-mitigation mechanism, but cannot be executed deterministically without resolving the state variable each depends on.",A: See docs/paper_risk_rule_audit.md for this rule's specific candidate readings,,See docs/paper_risk_rule_audit.md,LOW
DECISION_REQUIRED_RULE_D_RESET,3,"Rule D (27.5% max symbol loss, Q1-Q4) — cumulative definition and year-reset",USER_DECISION_REQUIRED,MISSING,"Table 2 (p.5) states the exact numeric threshold (27.5%) and evaluation cadence, but not the underlying state-machine semantics -- see `docs/paper_risk_rule_audit.md` for the full per-rule treatment.","Table 2's five rules are part of the EXPLICIT loss-mitigation mechanism, but cannot be executed deterministically without resolving the state variable each depends on.",A: See docs/paper_risk_rule_audit.md for this rule's specific candidate readings,,See docs/paper_risk_rule_audit.md,LOW
DECISION_REQUIRED_RULE_E_MIN_SAMPLE,3,"Rule E (45% min win rate, Q4) — trade-history scope and minimum sample size",USER_DECISION_REQUIRED,MISSING,"Table 2 (p.5) states the exact numeric threshold (45%) and evaluation cadence, but not the underlying state-machine semantics -- see `docs/paper_risk_rule_audit.md` for the full per-rule treatment.","Table 2's five rules are part of the EXPLICIT loss-mitigation mechanism, but cannot be executed deterministically without resolving the state variable each depends on.",A: See docs/paper_risk_rule_audit.md for this rule's specific candidate readings,,See docs/paper_risk_rule_audit.md,LOW
DECISION_REQUIRED_TICKER_ORDERING,0,Canonical 11-ticker ordering convention (Table 1 order vs Figure 1 alphabetical order),USER_DECISION_REQUIRED,WEAK_INFERENCE,Table 1 (p.3) lists sectors in one order; Figure 1 (p.4) draws columns in a different (alphabetical-by-symbol) order.,"Non-blocking: any single fixed ordering, used consistently everywhere (tensors, labels, model outputs, ROC/MC/allocation/risk state), is mechanically equivalent. Recorded only in case the user prefers to match Figure 1's convention instead of the adopted Table 1 order.",A: Table 1 order (adopted default in this rebuild); B: Figure 1 alphabetical-by-symbol order,,A (already implemented; non-blocking),HIGH
DECISION_REQUIRED_FRAMEWORK_SUBSTITUTION,1,Contingency: substitute framework if TensorFlow/Keras is unavailable at training time,RESOLVED_USE_TENSORFLOW_KERAS,EXPLICIT (paper) / environment-triggered contingency,p.4: 'Models were developed used the TensorFlow platform [1] and the Keras deep learning API [6].',"RESOLVED 2026-08-14: option A was provisioned -- a dedicated Python 3.13.13 environment (.venvs/deep_sector_rotation/, see research/strategies/deep_sector_rotation_paper_rebuild/requirements.txt) with TensorFlow 2.21.0 / Keras 3.15.1 installed and importable. No framework substitution was needed; PyTorch (option B) was never used. Original blocker text preserved for context: this repo's root Python (3.14) has no available TensorFlow wheel, so TF/Keras could not be installed in the shared root .venv -- resolved by isolating this strategy into its own TF-compatible venv rather than by substituting frameworks.","A: Provision a separate Python 3.11/3.12 environment with TensorFlow/Keras installed, used only for this rebuild's training/inference; B: Accept an explicit PyTorch substitution for this rebuild, clearly labeled as a fidelity deviation",,A (provision TF-compatible environment) -- avoid substituting framework silently -- CHOSEN,MEDIUM
