decision_id,level,status,depends_on,blocks_downstream
DECISION_REQUIRED_TICKER_ORDERING,0,USER_DECISION_REQUIRED,,
DECISION_REQUIRED_BATCH_SIZE,1,USER_DECISION_REQUIRED,,
DECISION_REQUIRED_CUSTOM_FINANCIAL_LOSS,1,USER_DECISION_REQUIRED,,
DECISION_REQUIRED_DROPOUT_RATE,1,USER_DECISION_REQUIRED,,DECISION_REQUIRED_MC_PASSES; DECISION_REQUIRED_MC_POPULATION_DEFINITION; DECISION_REQUIRED_MC_STD_DEFINITION; DECISION_REQUIRED_MC_ACCEPTANCE_RULE; DECISION_REQUIRED_MC_REJECTION_BEHAVIOR
DECISION_REQUIRED_EARLY_STOPPING,1,USER_DECISION_REQUIRED,,
DECISION_REQUIRED_FRAMEWORK_SUBSTITUTION,1,USER_DECISION_REQUIRED,,
DECISION_REQUIRED_HIDDEN_WIDTHS,1,USER_DECISION_REQUIRED,,
DECISION_REQUIRED_INITIAL_EPOCHS,1,USER_DECISION_REQUIRED,,
DECISION_REQUIRED_LEARNING_RATE,1,USER_DECISION_REQUIRED,,
DECISION_REQUIRED_LOOKBACK_N,1,USER_DECISION_REQUIRED,,DECISION_REQUIRED_NORMALIZATION_SCOPE
DECISION_REQUIRED_NORMALIZATION_SCOPE,1,USER_DECISION_REQUIRED,DECISION_REQUIRED_LOOKBACK_N,
DECISION_REQUIRED_OPTIMIZER,1,USER_DECISION_REQUIRED,,
DECISION_REQUIRED_PRICE_FIELD,1,USER_DECISION_REQUIRED,DECISION_REQUIRED_ETF_DIVIDEND_TREATMENT,DECISION_REQUIRED_ETF_DIVIDEND_TREATMENT
DECISION_REQUIRED_RANDOM_SEED_POLICY,1,USER_DECISION_REQUIRED,,
DECISION_REQUIRED_TARGET_RETURN_INTERVAL,1,USER_DECISION_REQUIRED,,
DECISION_REQUIRED_VOLUME_INPUT,1,USER_DECISION_REQUIRED,,
DECISION_REQUIRED_WEEKLY_UPDATE_EPOCHS,1,USER_DECISION_REQUIRED,,DECISION_REQUIRED_WEEKLY_UPDATE_MECHANISM
DECISION_REQUIRED_BUY_COUNT_RULE,2,USER_DECISION_REQUIRED,,
DECISION_REQUIRED_MC_ACCEPTANCE_RULE,2,USER_DECISION_REQUIRED,DECISION_REQUIRED_DROPOUT_RATE,
DECISION_REQUIRED_MC_PASSES,2,USER_DECISION_REQUIRED,DECISION_REQUIRED_DROPOUT_RATE,
DECISION_REQUIRED_MC_POPULATION_DEFINITION,2,USER_DECISION_REQUIRED,DECISION_REQUIRED_DROPOUT_RATE,
DECISION_REQUIRED_MC_REJECTION_BEHAVIOR,2,USER_DECISION_REQUIRED,DECISION_REQUIRED_DROPOUT_RATE,
DECISION_REQUIRED_MC_STD_DEFINITION,2,USER_DECISION_REQUIRED,DECISION_REQUIRED_DROPOUT_RATE,
DECISION_REQUIRED_RANKING_CRITERION,2,USER_DECISION_REQUIRED,DECISION_REQUIRED_WEIGHT_NORMALIZATION,DECISION_REQUIRED_WEIGHT_NORMALIZATION
DECISION_REQUIRED_ROC_FALLBACK,2,USER_DECISION_REQUIRED,DECISION_REQUIRED_ROC_OBJECTIVE,
DECISION_REQUIRED_ROC_LOOKBACK,2,USER_DECISION_REQUIRED,DECISION_REQUIRED_ROC_OBJECTIVE,DECISION_REQUIRED_ROC_OBJECTIVE
DECISION_REQUIRED_ROC_MIN_SAMPLE,2,USER_DECISION_REQUIRED,DECISION_REQUIRED_ROC_OBJECTIVE,DECISION_REQUIRED_ROC_OBJECTIVE
DECISION_REQUIRED_ROC_OBJECTIVE,2,USER_DECISION_REQUIRED,DECISION_REQUIRED_ROC_LOOKBACK; DECISION_REQUIRED_ROC_MIN_SAMPLE,DECISION_REQUIRED_ROC_LOOKBACK; DECISION_REQUIRED_ROC_MIN_SAMPLE; DECISION_REQUIRED_ROC_FALLBACK; DECISION_REQUIRED_ROC_TIEBREAK
DECISION_REQUIRED_ROC_TIEBREAK,2,USER_DECISION_REQUIRED,DECISION_REQUIRED_ROC_OBJECTIVE,
DECISION_REQUIRED_WEEKLY_UPDATE_MECHANISM,2,USER_DECISION_REQUIRED,DECISION_REQUIRED_WEEKLY_UPDATE_EPOCHS,
DECISION_REQUIRED_BENCHMARK_RETURN_TREATMENT,3,USER_DECISION_REQUIRED,,
DECISION_REQUIRED_CAPITAL_DEPLOYMENT,3,USER_DECISION_REQUIRED,DECISION_REQUIRED_WEIGHT_NORMALIZATION,DECISION_REQUIRED_WEIGHT_NORMALIZATION
DECISION_REQUIRED_CASH_HANDLING,3,USER_DECISION_REQUIRED,,
DECISION_REQUIRED_ETF_DIVIDEND_TREATMENT,3,USER_DECISION_REQUIRED,DECISION_REQUIRED_PRICE_FIELD,DECISION_REQUIRED_PRICE_FIELD
DECISION_REQUIRED_HOLIDAY_EXECUTION,3,USER_DECISION_REQUIRED,,
DECISION_REQUIRED_RULE_A_STATE,3,USER_DECISION_REQUIRED,,
DECISION_REQUIRED_RULE_B_SCALE_CONTEXT,3,USER_DECISION_REQUIRED,DECISION_REQUIRED_STARTING_CAPITAL,DECISION_REQUIRED_STARTING_CAPITAL
DECISION_REQUIRED_RULE_C_REFERENCE,3,USER_DECISION_REQUIRED,,
DECISION_REQUIRED_RULE_D_RESET,3,USER_DECISION_REQUIRED,,
DECISION_REQUIRED_RULE_E_MIN_SAMPLE,3,USER_DECISION_REQUIRED,,
DECISION_REQUIRED_SHARE_ROUNDING,3,USER_DECISION_REQUIRED,DECISION_REQUIRED_STARTING_CAPITAL,
DECISION_REQUIRED_STARTING_CAPITAL,3,USER_DECISION_REQUIRED,DECISION_REQUIRED_RULE_B_SCALE_CONTEXT,DECISION_REQUIRED_SHARE_ROUNDING; DECISION_REQUIRED_RULE_B_SCALE_CONTEXT
DECISION_REQUIRED_STREAK_SEMANTICS,3,USER_DECISION_REQUIRED,,
DECISION_REQUIRED_WEIGHT_NORMALIZATION,3,USER_DECISION_REQUIRED,DECISION_REQUIRED_CAPITAL_DEPLOYMENT; DECISION_REQUIRED_RANKING_CRITERION,DECISION_REQUIRED_RANKING_CRITERION; DECISION_REQUIRED_CAPITAL_DEPLOYMENT
