feature_set,n_features,accuracy,auc,n_test_rows,mean_spread_k2,hit_rate_k2,mean_spread_k3,hit_rate_k3
B,6,0.49746954076850985,0.49935607875152654,10670,-0.00023143077232373388,0.5010309278350515,-1.8180695196097424e-05,0.5020618556701031
A+B,12,0.4942830365510778,0.49891966432319257,10670,-0.00037240235406271554,0.49896907216494846,4.644998122617472e-05,0.49896907216494846
A+B+C,16,0.5042174320524836,0.5034370227870251,10670,0.00046043709064519503,0.5051546391752577,4.21896531533193e-05,0.49587628865979383
A+B+C+D,19,0.5007497656982193,0.5011770082021595,10670,0.0007836620786463907,0.4948453608247423,-3.664467841162833e-05,0.4927835051546392
A+B+C+D+E,22,0.49953139643861294,0.5009577643324136,10670,0.0005182537827393184,0.48350515463917526,2.3901653106272843e-05,0.488659793814433
A+B+C+D+E+F,24,0.5030927835051546,0.5014500527394133,10670,-0.0007177097477204564,0.465979381443299,-0.0004743795049899869,0.46494845360824744
A+B+C+D+E+F+G,27,0.5021555763823805,0.5026319455220978,10670,-0.0006201100561540862,0.47525773195876286,-0.0005022435186004073,0.4824742268041237
A+B+C+D+E+F+G+H,31,0.5055295220243674,0.503144545350273,10670,-0.0005830866321957552,0.47525773195876286,-0.00047776975933365933,0.47525773195876286
A+B+C+D+E+F+G+H+I,34,0.5000937207122774,0.5021488288814071,10670,-0.0006538094061583935,0.477319587628866,-0.0005307012248732233,0.477319587628866
