stress_period,year,model,K,allocation_method,risk_config,strategy_return,spy_return,excess_return,max_drawdown
2008_financial_crisis,2008,NN_v1,2,EQUAL_WEIGHT,RISK_NONE,-0.3483572068169942,-0.3824640124635811,0.03410680564658686,-0.5903508430295501
2008_financial_crisis,2008,NN_v1,2,EQUAL_WEIGHT,RISK_FULL_A_B_C_D_E,-0.27948149663592825,-0.3824640124635811,0.10298251582765283,-0.27948149663592825
2008_financial_crisis,2008,NN_v1,2,EQUAL_WEIGHT,RISK_A_C_D_E,-0.3153421364152311,-0.3824640124635811,0.06712187604834996,-0.3790767500889828
2008_financial_crisis,2008,NN_v1,2,PAPER_WEIGHT_NORMALIZED,RISK_NONE,-0.3473021886597708,-0.3824640124635811,0.03516182380381028,-0.5886563903857034
2008_financial_crisis,2008,NN_v1,2,PAPER_WEIGHT_NORMALIZED,RISK_FULL_A_B_C_D_E,-0.24011825212855842,-0.3824640124635811,0.14234576033502266,-0.2644494907699244
2008_financial_crisis,2008,NN_v1,2,PAPER_WEIGHT_NORMALIZED,RISK_A_C_D_E,-0.31184294363385034,-0.3824640124635811,0.07062106882973074,-0.37956567181683365
2008_financial_crisis,2008,NN_v1,3,EQUAL_WEIGHT,RISK_NONE,-0.39296323891492735,-0.3824640124635811,-0.010499226451346266,-0.5918761455105652
2008_financial_crisis,2008,NN_v1,3,EQUAL_WEIGHT,RISK_FULL_A_B_C_D_E,-0.07619623733040459,-0.3824640124635811,0.3062677751331765,-0.2379397699306507
2008_financial_crisis,2008,NN_v1,3,EQUAL_WEIGHT,RISK_A_C_D_E,-0.32019631472476273,-0.3824640124635811,0.06226769773881835,-0.4041603528998112
2008_financial_crisis,2008,NN_v1,3,PAPER_WEIGHT_NORMALIZED,RISK_NONE,-0.4064891096806088,-0.3824640124635811,-0.024025097217027724,-0.5965829796661531
2008_financial_crisis,2008,NN_v1,3,PAPER_WEIGHT_NORMALIZED,RISK_FULL_A_B_C_D_E,-0.09471458705438895,-0.3824640124635811,0.2877494254091921,-0.24260089967371956
2008_financial_crisis,2008,NN_v1,3,PAPER_WEIGHT_NORMALIZED,RISK_A_C_D_E,-0.32516617487477484,-0.3824640124635811,0.057297837588806244,-0.4094464076777097
2008_financial_crisis,2008,NN_v2,2,EQUAL_WEIGHT,RISK_NONE,-0.3217254897716899,-0.3824640124635811,0.06073852269189117,-0.5317378503841139
2008_financial_crisis,2008,NN_v2,2,EQUAL_WEIGHT,RISK_FULL_A_B_C_D_E,-0.1418599506199566,-0.3824640124635811,0.24060406184362448,-0.2002850306106011
2008_financial_crisis,2008,NN_v2,2,EQUAL_WEIGHT,RISK_A_C_D_E,-0.23316648200946244,-0.3824640124635811,0.14929753045411864,-0.34938418517633085
2008_financial_crisis,2008,NN_v2,2,PAPER_WEIGHT_NORMALIZED,RISK_NONE,-0.30261020708749164,-0.3824640124635811,0.07985380537608944,-0.5218984869884813
2008_financial_crisis,2008,NN_v2,2,PAPER_WEIGHT_NORMALIZED,RISK_FULL_A_B_C_D_E,-0.14259755346906566,-0.3824640124635811,0.23986645899451542,-0.20002194854804956
2008_financial_crisis,2008,NN_v2,2,PAPER_WEIGHT_NORMALIZED,RISK_A_C_D_E,-0.2175990511417617,-0.3824640124635811,0.16486496132181938,-0.3526274043540306
2008_financial_crisis,2008,NN_v2,3,EQUAL_WEIGHT,RISK_NONE,-0.33114013657882824,-0.3824640124635811,0.051323875884752845,-0.5236958598020506
2008_financial_crisis,2008,NN_v2,3,EQUAL_WEIGHT,RISK_FULL_A_B_C_D_E,-0.04593860769131353,-0.3824640124635811,0.33652540477226756,-0.22012373397286877
2008_financial_crisis,2008,NN_v2,3,EQUAL_WEIGHT,RISK_A_C_D_E,-0.25044016071299735,-0.3824640124635811,0.13202385175058373,-0.3447924449745927
2008_financial_crisis,2008,NN_v2,3,PAPER_WEIGHT_NORMALIZED,RISK_NONE,-0.3322397686671853,-0.3824640124635811,0.050224243796395784,-0.5299408665448455
2008_financial_crisis,2008,NN_v2,3,PAPER_WEIGHT_NORMALIZED,RISK_FULL_A_B_C_D_E,-0.049097244052181965,-0.3824640124635811,0.3333667684113991,-0.21938620490222516
2008_financial_crisis,2008,NN_v2,3,PAPER_WEIGHT_NORMALIZED,RISK_A_C_D_E,-0.23232523634379754,-0.3824640124635811,0.15013877611978355,-0.34392097210439
2020_covid_shock,2020,NN_v1,2,EQUAL_WEIGHT,RISK_NONE,0.2184568663425568,0.2706269353360111,-0.05217006899345433,-0.2742280049104112
2020_covid_shock,2020,NN_v1,2,EQUAL_WEIGHT,RISK_FULL_A_B_C_D_E,0.127267456538382,0.2706269353360111,-0.14335947879762911,-0.22633448463809247
2020_covid_shock,2020,NN_v1,2,EQUAL_WEIGHT,RISK_A_C_D_E,0.721008089398917,0.2706269353360111,0.4503811540629059,-0.10911639654057403
2020_covid_shock,2020,NN_v1,2,PAPER_WEIGHT_NORMALIZED,RISK_NONE,0.22373530872815728,0.2706269353360111,-0.04689162660785384,-0.2709448031556885
2020_covid_shock,2020,NN_v1,2,PAPER_WEIGHT_NORMALIZED,RISK_FULL_A_B_C_D_E,0.1299686814260097,0.2706269353360111,-0.14065825391000142,-0.22784313959041258
2020_covid_shock,2020,NN_v1,2,PAPER_WEIGHT_NORMALIZED,RISK_A_C_D_E,0.5987892105899775,0.2706269353360111,0.32816227525396635,-0.12987682151864222
2020_covid_shock,2020,NN_v1,3,EQUAL_WEIGHT,RISK_NONE,0.21759431865591616,0.2706269353360111,-0.05303261668009496,-0.20614903078904756
2020_covid_shock,2020,NN_v1,3,EQUAL_WEIGHT,RISK_FULL_A_B_C_D_E,0.0190347042292196,0.2706269353360111,-0.2515922311067915,-0.1855972515165215
2020_covid_shock,2020,NN_v1,3,EQUAL_WEIGHT,RISK_A_C_D_E,0.32923202811036,0.2706269353360111,0.05860509277434889,-0.16965161776107485
2020_covid_shock,2020,NN_v1,3,PAPER_WEIGHT_NORMALIZED,RISK_NONE,0.22571376883498506,0.2706269353360111,-0.04491316650102606,-0.20130394108083982
2020_covid_shock,2020,NN_v1,3,PAPER_WEIGHT_NORMALIZED,RISK_FULL_A_B_C_D_E,0.021397535810902646,0.2706269353360111,-0.24922939952510847,-0.18612242934380918
2020_covid_shock,2020,NN_v1,3,PAPER_WEIGHT_NORMALIZED,RISK_A_C_D_E,0.33227056710910996,0.2706269353360111,0.06164363177309884,-0.16860769822681687
2020_covid_shock,2020,NN_v2,2,EQUAL_WEIGHT,RISK_NONE,0.25807185651654785,0.2706269353360111,-0.012555078819463272,-0.24224946217059806
2020_covid_shock,2020,NN_v2,2,EQUAL_WEIGHT,RISK_FULL_A_B_C_D_E,-0.13170560869443226,0.2706269353360111,-0.4023325440304434,-0.16325951128101235
2020_covid_shock,2020,NN_v2,2,EQUAL_WEIGHT,RISK_A_C_D_E,0.28325874240753524,0.2706269353360111,0.012631807071524115,-0.19306076586269705
2020_covid_shock,2020,NN_v2,2,PAPER_WEIGHT_NORMALIZED,RISK_NONE,0.26906973600704087,0.2706269353360111,-0.001557199328970249,-0.2390451904152635
2020_covid_shock,2020,NN_v2,2,PAPER_WEIGHT_NORMALIZED,RISK_FULL_A_B_C_D_E,-0.12932425981350304,0.2706269353360111,-0.39995119514951416,-0.16143760044325517
2020_covid_shock,2020,NN_v2,2,PAPER_WEIGHT_NORMALIZED,RISK_A_C_D_E,0.2888511919603416,0.2706269353360111,0.01822425662433047,-0.19274830002070553
2020_covid_shock,2020,NN_v2,3,EQUAL_WEIGHT,RISK_NONE,0.13625007255520982,0.2706269353360111,-0.1343768627808013,-0.21735444150379502
2020_covid_shock,2020,NN_v2,3,EQUAL_WEIGHT,RISK_FULL_A_B_C_D_E,-0.1957558057329093,0.2706269353360111,-0.4663827410689204,-0.21591621446944032
2020_covid_shock,2020,NN_v2,3,EQUAL_WEIGHT,RISK_A_C_D_E,0.26858651924847177,0.2706269353360111,-0.002040416087539354,-0.13226956079628482
2020_covid_shock,2020,NN_v2,3,PAPER_WEIGHT_NORMALIZED,RISK_NONE,0.1409758466058575,0.2706269353360111,-0.12965108873015363,-0.21460763060718158
2020_covid_shock,2020,NN_v2,3,PAPER_WEIGHT_NORMALIZED,RISK_FULL_A_B_C_D_E,-0.1945428430118773,0.2706269353360111,-0.4651697783478884,-0.2152384630121693
2020_covid_shock,2020,NN_v2,3,PAPER_WEIGHT_NORMALIZED,RISK_A_C_D_E,0.2719872506459393,0.2706269353360111,0.001360315309928195,-0.13066629384462203
2022_bear_market,2022,NN_v1,2,EQUAL_WEIGHT,RISK_NONE,0.014038078633601625,-0.0728162550623267,0.08685433369592832,-0.150077757201439
2022_bear_market,2022,NN_v1,2,EQUAL_WEIGHT,RISK_FULL_A_B_C_D_E,-0.008808241644787995,-0.0728162550623267,0.0640080134175387,-0.14994687191821077
2022_bear_market,2022,NN_v1,2,EQUAL_WEIGHT,RISK_A_C_D_E,-0.18904509130100522,-0.0728162550623267,-0.11622883623867852,-0.23524939071089135
2022_bear_market,2022,NN_v1,2,PAPER_WEIGHT_NORMALIZED,RISK_NONE,0.0097826977887836,-0.0728162550623267,0.0825989528511103,-0.15237169814158302
2022_bear_market,2022,NN_v1,2,PAPER_WEIGHT_NORMALIZED,RISK_FULL_A_B_C_D_E,-0.009724121346136538,-0.0728162550623267,0.06309213371619016,-0.1501311184094246
2022_bear_market,2022,NN_v1,2,PAPER_WEIGHT_NORMALIZED,RISK_A_C_D_E,-0.1509394638953785,-0.0728162550623267,-0.0781232088330518,-0.20640542398344064
2022_bear_market,2022,NN_v1,3,EQUAL_WEIGHT,RISK_NONE,0.004204526964516564,-0.0728162550623267,0.07702078202684326,-0.1725946368543153
2022_bear_market,2022,NN_v1,3,EQUAL_WEIGHT,RISK_FULL_A_B_C_D_E,-0.12486316428440125,-0.0728162550623267,-0.052046909222074556,-0.16706676903747097
2022_bear_market,2022,NN_v1,3,EQUAL_WEIGHT,RISK_A_C_D_E,-0.07825888012478144,-0.0728162550623267,-0.005442625062454742,-0.1736287944538344
2022_bear_market,2022,NN_v1,3,PAPER_WEIGHT_NORMALIZED,RISK_NONE,0.000792165466519501,-0.0728162550623267,0.0736084205288462,-0.17272635087134347
2022_bear_market,2022,NN_v1,3,PAPER_WEIGHT_NORMALIZED,RISK_FULL_A_B_C_D_E,-0.1266238672053781,-0.0728162550623267,-0.05380761214305141,-0.16741385122381114
2022_bear_market,2022,NN_v1,3,PAPER_WEIGHT_NORMALIZED,RISK_A_C_D_E,-0.07971665451845977,-0.0728162550623267,-0.006900399456133077,-0.17331982100820176
2022_bear_market,2022,NN_v2,2,EQUAL_WEIGHT,RISK_NONE,-0.027502620876364237,-0.0728162550623267,0.04531363418596246,-0.16852638406444664
2022_bear_market,2022,NN_v2,2,EQUAL_WEIGHT,RISK_FULL_A_B_C_D_E,-0.1575210837530293,-0.0728162550623267,-0.08470482869070262,-0.16841163814166848
2022_bear_market,2022,NN_v2,2,EQUAL_WEIGHT,RISK_A_C_D_E,-0.09002706839234353,-0.0728162550623267,-0.01721081333001684,-0.21107672472717554
2022_bear_market,2022,NN_v2,2,PAPER_WEIGHT_NORMALIZED,RISK_NONE,-0.031273881568100625,-0.0728162550623267,0.04154237349422607,-0.1691984440179629
2022_bear_market,2022,NN_v2,2,PAPER_WEIGHT_NORMALIZED,RISK_FULL_A_B_C_D_E,-0.17612602915010478,-0.0728162550623267,-0.10330977408777808,-0.18698553546795615
2022_bear_market,2022,NN_v2,2,PAPER_WEIGHT_NORMALIZED,RISK_A_C_D_E,-0.09488211851542228,-0.0728162550623267,-0.02206586345309558,-0.21299666623676472
2022_bear_market,2022,NN_v2,3,EQUAL_WEIGHT,RISK_NONE,-0.08125526455276444,-0.0728162550623267,-0.008439009490437743,-0.19489003605154043
2022_bear_market,2022,NN_v2,3,EQUAL_WEIGHT,RISK_FULL_A_B_C_D_E,-0.027302258067706697,-0.0728162550623267,0.04551399699462,-0.14930051841662562
2022_bear_market,2022,NN_v2,3,EQUAL_WEIGHT,RISK_A_C_D_E,-0.15921328707243343,-0.0728162550623267,-0.08639703201010673,-0.209310685020483
2022_bear_market,2022,NN_v2,3,PAPER_WEIGHT_NORMALIZED,RISK_NONE,-0.08536023522497471,-0.0728162550623267,-0.012543980162648016,-0.1950334575572037
2022_bear_market,2022,NN_v2,3,PAPER_WEIGHT_NORMALIZED,RISK_FULL_A_B_C_D_E,-0.030216135175059278,-0.0728162550623267,0.04260011988726742,-0.14975693883580465
2022_bear_market,2022,NN_v2,3,PAPER_WEIGHT_NORMALIZED,RISK_A_C_D_E,-0.16063940084416362,-0.0728162550623267,-0.08782314578183692,-0.20881438368646665
