model,K,allocation_method,risk_config,gross_cumulative_return_minus_spy,gross_cagr_minus_spy,net_cagr_minus_spy,mean_weekly_excess_return,excess_return_win_rate,tracking_error,information_ratio,gross_max_drawdown_minus_spy
NN_v1,2,EQUAL_WEIGHT,RISK_NONE,0.016558231265159762,0.013424995996681455,-0.042381461566164846,0.0003475401079119942,0.49432404540763675,0.11987832325098721,0.15075357346787774,-0.033657455799447344
NN_v1,2,EQUAL_WEIGHT,RISK_FULL_A_B_C_D_E,-2.7224150497942223,-0.024379845581367077,-0.06160777329926059,-0.0005614613686950213,0.4809081527347781,0.14872771042054647,-0.19630498640492572,0.22394711906176257
NN_v1,2,EQUAL_WEIGHT,RISK_A_C_D_E,-0.8103705912957446,0.004241499207105148,-0.048644383648670964,2.4214676621322595e-05,0.5025799793601651,0.11171176218710847,0.01127153631503704,0.022017270732783256
NN_v1,2,PAPER_WEIGHT_NORMALIZED,RISK_NONE,-0.3170971752377181,0.009880855974728764,-0.045748259367670796,0.00027285672713753934,0.49638802889576883,0.11779313204804272,0.12045311610667717,-0.031524668715870785
NN_v1,2,PAPER_WEIGHT_NORMALIZED,RISK_FULL_A_B_C_D_E,-2.646666841552857,-0.022949634988114642,-0.060226168688764625,-0.0005405066220964976,0.4871001031991744,0.14804414389729345,-0.18985110527922555,0.23615231726370045
NN_v1,2,PAPER_WEIGHT_NORMALIZED,RISK_A_C_D_E,-0.7563723278766199,0.004884386812808339,-0.04825562274440798,3.6820417491577676e-05,0.5067079463364293,0.1108555826460795,0.0172716760298382,0.014475556134382339
NN_v1,3,EQUAL_WEIGHT,RISK_NONE,-1.5048630824920437,-0.004684274795956789,-0.0595844020933014,-3.528580011722648e-05,0.49432404540763675,0.09811151330285404,-0.018701797009611523,-0.052818273734003385
NN_v1,3,EQUAL_WEIGHT,RISK_FULL_A_B_C_D_E,-2.5195753212370016,-0.02062348314538731,-0.0579225354710633,-0.0005253980223852659,0.47781217750258,0.13979758152181634,-0.1954303992002197,0.18958867007618607
NN_v1,3,EQUAL_WEIGHT,RISK_A_C_D_E,-1.9762065722602267,-0.011575338818570646,-0.06321149992720265,-0.0002838001388304621,0.47471620227038186,0.10659000916318305,-0.13845206821017342,0.03786324115994044
NN_v1,3,PAPER_WEIGHT_NORMALIZED,RISK_NONE,-1.7046955952109784,-0.007511837323710857,-0.062270780455100816,-8.969288890510405e-05,0.49432404540763675,0.09717596090841135,-0.04799572012939777,-0.06259288714595101
NN_v1,3,PAPER_WEIGHT_NORMALIZED,RISK_FULL_A_B_C_D_E,-2.5627539193268745,-0.02140379397500003,-0.05862076944517458,-0.0005436590408040927,0.48194014447884415,0.1388125226502387,-0.20365792352210527,0.18519421226200872
NN_v1,3,PAPER_WEIGHT_NORMALIZED,RISK_A_C_D_E,-2.032828771910617,-0.012457884082843318,-0.06405245929422931,-0.00029940299189310676,0.478844169246646,0.10620735683050961,-0.14659018021969208,0.031160783172311746
NN_v2,2,EQUAL_WEIGHT,RISK_NONE,2.7789678646950264,0.03695327896951062,-0.02002523163811909,0.0007427399527762198,0.5025799793601651,0.11563062756576714,0.3340159813834457,0.00943872147845859
NN_v2,2,EQUAL_WEIGHT,RISK_FULL_A_B_C_D_E,-1.5729384985689503,-0.005632972079400833,-0.04305132519407384,-0.00023192356266557942,0.47471620227038186,0.1409991989278565,-0.08553257997430715,0.21560749125803547
NN_v2,2,EQUAL_WEIGHT,RISK_A_C_D_E,2.112315394341514,0.03202362912204704,-0.022416188583902708,0.0005591903678565867,0.5036119711042312,0.12113715452553388,0.2400411272861236,0.06425919203709107
NN_v2,2,PAPER_WEIGHT_NORMALIZED,RISK_NONE,3.060924816132589,0.03892883592208851,-0.018148042710224965,0.0007748376503309472,0.5036119711042312,0.11515880877412724,0.34987820945801207,0.013337075396102405
NN_v2,2,PAPER_WEIGHT_NORMALIZED,RISK_FULL_A_B_C_D_E,-2.057029737864574,-0.012839020311353089,-0.04934476696816947,-0.00036694424969300376,0.4664602683178535,0.14049828271363382,-0.13581020789362702,0.2199052063802901
NN_v2,2,PAPER_WEIGHT_NORMALIZED,RISK_A_C_D_E,2.084905578315613,0.031812541082532286,-0.022617195861882156,0.0005551020388637871,0.5056759545923633,0.12050247974111997,0.23954117859590407,0.060954305675896325
NN_v2,3,EQUAL_WEIGHT,RISK_NONE,-1.3275086716165587,-0.0022792583850703707,-0.05729948439576393,9.199065503571447e-06,0.4726522187822497,0.09520609147948944,0.005024378154298751,-0.011131971825903975
NN_v2,3,EQUAL_WEIGHT,RISK_FULL_A_B_C_D_E,-1.743610557778918,-0.008077955376754264,-0.04457164183964002,-0.00030680965190753616,0.4664602683178535,0.13722426583746772,-0.11626297872191471,0.19432286413349964
NN_v2,3,EQUAL_WEIGHT,RISK_A_C_D_E,-0.9953350833071486,0.0019873990514607254,-0.05090253553742974,-1.750115182563261e-05,0.48813209494324045,0.10620694357033311,-0.00856874197053067,0.07712588553614153
NN_v2,3,PAPER_WEIGHT_NORMALIZED,RISK_NONE,-1.3617242431305439,-0.002735984143421133,-0.05773338830821362,-1.665473786954481e-07,0.4809081527347781,0.09498408605803954,-9.117804941420785e-05,-0.01714691562653914
NN_v2,3,PAPER_WEIGHT_NORMALIZED,RISK_FULL_A_B_C_D_E,-1.7058682661425602,-0.0075288206766381816,-0.043984309370187935,-0.00030034090637198074,0.4695562435500516,0.13685013195376938,-0.1141228503646527,0.19563758978293344
NN_v2,3,PAPER_WEIGHT_NORMALIZED,RISK_A_C_D_E,-0.9728625225985343,0.0022656843124158055,-0.050637535687044766,-1.2631606235324216e-05,0.48813209494324045,0.10626011044618812,-0.006181468487833876,0.07545825488479307
