model,K,allocation_method,risk_config,symbol,contribution,n_trades,share_of_total_contribution
NN_v1,2,EQUAL_WEIGHT,RISK_NONE,VGT,0.5794522699673993,194,0.26127107340356037
NN_v1,2,EQUAL_WEIGHT,RISK_NONE,VFH,0.4695824570440547,218,0.21173152468672538
NN_v1,2,EQUAL_WEIGHT,RISK_NONE,VNQ,0.2555219234148837,233,0.11521309117057225
NN_v1,2,EQUAL_WEIGHT,RISK_NONE,VIS,0.2554819289652551,98,0.11519505794622188
NN_v1,2,EQUAL_WEIGHT,RISK_NONE,VHT,0.24499586740482454,118,0.11046696436256287
NN_v1,2,EQUAL_WEIGHT,RISK_NONE,VPU,0.20313899826951554,144,0.09159398776880509
NN_v1,2,EQUAL_WEIGHT,RISK_NONE,VOX,0.14790140031295054,159,0.06668773188139955
NN_v1,2,EQUAL_WEIGHT,RISK_NONE,VDE,0.1139196969376487,405,0.05136561377588929
NN_v1,2,EQUAL_WEIGHT,RISK_NONE,VCR,0.09731023303496088,130,0.043876519872163476
NN_v1,2,EQUAL_WEIGHT,RISK_NONE,VDC,0.04097586416951741,49,0.018475737468093143
NN_v1,2,EQUAL_WEIGHT,RISK_NONE,VAW,-0.19046041771492145,190,-0.08587730233599339
NN_v1,2,EQUAL_WEIGHT,RISK_FULL_A_B_C_D_E,VGT,0.37575785604438205,152,0.28104598121338253
NN_v1,2,EQUAL_WEIGHT,RISK_FULL_A_B_C_D_E,VFH,0.3106770491890347,164,0.2323691566930208
NN_v1,2,EQUAL_WEIGHT,RISK_FULL_A_B_C_D_E,VHT,0.30118819035504574,113,0.22527201794077414
NN_v1,2,EQUAL_WEIGHT,RISK_FULL_A_B_C_D_E,VDE,0.29098507263920353,301,0.21764065326334256
NN_v1,2,EQUAL_WEIGHT,RISK_FULL_A_B_C_D_E,VPU,0.18632542227926857,136,0.13936105469818774
NN_v1,2,EQUAL_WEIGHT,RISK_FULL_A_B_C_D_E,VOX,0.1639867176033647,126,0.12265294580921791
NN_v1,2,EQUAL_WEIGHT,RISK_FULL_A_B_C_D_E,VDC,0.0922545462805273,43,0.06900127053562863
NN_v1,2,EQUAL_WEIGHT,RISK_FULL_A_B_C_D_E,VCR,0.041510810596395345,125,0.031047777996819424
NN_v1,2,EQUAL_WEIGHT,RISK_FULL_A_B_C_D_E,VIS,-0.12213891762677322,74,-0.09135311849528581
NN_v1,2,EQUAL_WEIGHT,RISK_FULL_A_B_C_D_E,VAW,-0.14094647714720665,85,-0.10542012716755422
NN_v1,2,EQUAL_WEIGHT,RISK_FULL_A_B_C_D_E,VNQ,-0.16260247923935128,9,-0.12161761248753374
NN_v1,2,EQUAL_WEIGHT,RISK_A_C_D_E,VGT,0.5423672119558706,240,0.2847792703701356
NN_v1,2,EQUAL_WEIGHT,RISK_A_C_D_E,VCR,0.44576603408703935,242,0.23405715379679862
NN_v1,2,EQUAL_WEIGHT,RISK_A_C_D_E,VIS,0.32072874549426095,189,0.168404166245979
NN_v1,2,EQUAL_WEIGHT,RISK_A_C_D_E,VPU,0.25306338948594287,232,0.13287530261151548
NN_v1,2,EQUAL_WEIGHT,RISK_A_C_D_E,VHT,0.2462499606717042,180,0.1292977941566061
NN_v1,2,EQUAL_WEIGHT,RISK_A_C_D_E,VOX,0.23381008704711198,243,0.12276602369516401
NN_v1,2,EQUAL_WEIGHT,RISK_A_C_D_E,VAW,0.22340278550101705,296,0.11730149030250006
NN_v1,2,EQUAL_WEIGHT,RISK_A_C_D_E,VDC,0.11040202894652365,79,0.05796849174822853
NN_v1,2,EQUAL_WEIGHT,RISK_A_C_D_E,VDE,-0.1194427758008374,110,-0.06271549200196447
NN_v1,2,EQUAL_WEIGHT,RISK_A_C_D_E,VFH,-0.17434728628043233,23,-0.09154405333409879
NN_v1,2,EQUAL_WEIGHT,RISK_A_C_D_E,VNQ,-0.17748230222277278,16,-0.09319014759086425
NN_v1,2,PAPER_WEIGHT_NORMALIZED,RISK_NONE,VGT,0.5722790742467292,194,0.26674055973068406
NN_v1,2,PAPER_WEIGHT_NORMALIZED,RISK_NONE,VFH,0.43346537229675786,218,0.20203918198913134
NN_v1,2,PAPER_WEIGHT_NORMALIZED,RISK_NONE,VIS,0.2756341366480527,98,0.12847368914748614
NN_v1,2,PAPER_WEIGHT_NORMALIZED,RISK_NONE,VHT,0.2682271557691641,118,0.1250212787511252
NN_v1,2,PAPER_WEIGHT_NORMALIZED,RISK_NONE,VPU,0.19243164420946887,144,0.08969282085648957
NN_v1,2,PAPER_WEIGHT_NORMALIZED,RISK_NONE,VNQ,0.184815760185479,233,0.08614304023577234
NN_v1,2,PAPER_WEIGHT_NORMALIZED,RISK_NONE,VOX,0.1664594732431468,159,0.07758713373155558
NN_v1,2,PAPER_WEIGHT_NORMALIZED,RISK_NONE,VDE,0.1092754246055492,405,0.050933520437487764
NN_v1,2,PAPER_WEIGHT_NORMALIZED,RISK_NONE,VCR,0.10242723472591732,130,0.04774156377886028
NN_v1,2,PAPER_WEIGHT_NORMALIZED,RISK_NONE,VDC,0.047206812027645234,49,0.02200320093816054
NN_v1,2,PAPER_WEIGHT_NORMALIZED,RISK_NONE,VAW,-0.2067700621222681,190,-0.09637598959675281
NN_v1,2,PAPER_WEIGHT_NORMALIZED,RISK_FULL_A_B_C_D_E,VGT,0.4193838481515955,152,0.30898323112701276
NN_v1,2,PAPER_WEIGHT_NORMALIZED,RISK_FULL_A_B_C_D_E,VHT,0.31274028190448233,113,0.230413029095699
NN_v1,2,PAPER_WEIGHT_NORMALIZED,RISK_FULL_A_B_C_D_E,VDE,0.30419815559953317,300,0.22411957311728903
NN_v1,2,PAPER_WEIGHT_NORMALIZED,RISK_FULL_A_B_C_D_E,VFH,0.28022313336623766,165,0.20645585080505569
NN_v1,2,PAPER_WEIGHT_NORMALIZED,RISK_FULL_A_B_C_D_E,VPU,0.2009323410439749,136,0.14803794721069077
NN_v1,2,PAPER_WEIGHT_NORMALIZED,RISK_FULL_A_B_C_D_E,VOX,0.17884548633211234,127,0.13176534213926863
NN_v1,2,PAPER_WEIGHT_NORMALIZED,RISK_FULL_A_B_C_D_E,VDC,0.09504185158774794,43,0.07002257842143043
NN_v1,2,PAPER_WEIGHT_NORMALIZED,RISK_FULL_A_B_C_D_E,VCR,-0.018149408250783317,124,-0.013371670914572772
NN_v1,2,PAPER_WEIGHT_NORMALIZED,RISK_FULL_A_B_C_D_E,VIS,-0.08923442269691759,71,-0.06574392498463784
NN_v1,2,PAPER_WEIGHT_NORMALIZED,RISK_FULL_A_B_C_D_E,VAW,-0.15003237761357713,88,-0.11053713444861668
NN_v1,2,PAPER_WEIGHT_NORMALIZED,RISK_FULL_A_B_C_D_E,VNQ,-0.17664594899654568,9,-0.13014482156861895
NN_v1,2,PAPER_WEIGHT_NORMALIZED,RISK_A_C_D_E,VGT,0.5933095600716158,253,0.30954212665231745
NN_v1,2,PAPER_WEIGHT_NORMALIZED,RISK_A_C_D_E,VCR,0.45391439669876477,269,0.23681672625548034
NN_v1,2,PAPER_WEIGHT_NORMALIZED,RISK_A_C_D_E,VIS,0.43242349361471266,227,0.2256044682842564
NN_v1,2,PAPER_WEIGHT_NORMALIZED,RISK_A_C_D_E,VHT,0.40343216653932423,199,0.210479080727202
NN_v1,2,PAPER_WEIGHT_NORMALIZED,RISK_A_C_D_E,VPU,0.2800160989039431,252,0.14609031201376532
NN_v1,2,PAPER_WEIGHT_NORMALIZED,RISK_A_C_D_E,VOX,0.23123635624232272,262,0.12064089016523122
NN_v1,2,PAPER_WEIGHT_NORMALIZED,RISK_A_C_D_E,VDC,0.12215619293230896,89,0.0637314654755496
NN_v1,2,PAPER_WEIGHT_NORMALIZED,RISK_A_C_D_E,VAW,-0.11790860721463753,157,-0.061515410308619005
NN_v1,2,PAPER_WEIGHT_NORMALIZED,RISK_A_C_D_E,VDE,-0.13769304855712908,111,-0.07183737115321359
NN_v1,2,PAPER_WEIGHT_NORMALIZED,RISK_A_C_D_E,VFH,-0.14971589345054798,23,-0.07810994322549004
NN_v1,2,PAPER_WEIGHT_NORMALIZED,RISK_A_C_D_E,VNQ,-0.1944378739919722,16,-0.10144234488647971
NN_v1,3,EQUAL_WEIGHT,RISK_NONE,VGT,0.4126468616015958,284,0.22343135554415153
NN_v1,3,EQUAL_WEIGHT,RISK_NONE,VFH,0.3534727108228803,314,0.19139097925158338
NN_v1,3,EQUAL_WEIGHT,RISK_NONE,VHT,0.23806975828786875,194,0.1289050123921294
NN_v1,3,EQUAL_WEIGHT,RISK_NONE,VOX,0.2085656709727107,256,0.11292975888521342
NN_v1,3,EQUAL_WEIGHT,RISK_NONE,VNQ,0.19693443687468107,329,0.10663192254377724
NN_v1,3,EQUAL_WEIGHT,RISK_NONE,VPU,0.1420589634324668,219,0.0769191037676133
NN_v1,3,EQUAL_WEIGHT,RISK_NONE,VDE,0.13370004827021126,495,0.07239309395299244
NN_v1,3,EQUAL_WEIGHT,RISK_NONE,VCR,0.1159875737358424,249,0.06280251526812114
NN_v1,3,EQUAL_WEIGHT,RISK_NONE,VDC,0.0890978986806853,86,0.04824285879964148
NN_v1,3,EQUAL_WEIGHT,RISK_NONE,VIS,0.010715702683317242,186,0.005802113620467226
NN_v1,3,EQUAL_WEIGHT,RISK_NONE,VAW,-0.05438770843648542,295,-0.029448714025690357
NN_v1,3,EQUAL_WEIGHT,RISK_FULL_A_B_C_D_E,VHT,0.27457214180095924,146,0.20013375706435121
NN_v1,3,EQUAL_WEIGHT,RISK_FULL_A_B_C_D_E,VFH,0.2653899970853826,207,0.19344095455429514
NN_v1,3,EQUAL_WEIGHT,RISK_FULL_A_B_C_D_E,VGT,0.2636424121086431,197,0.19216715181199934
NN_v1,3,EQUAL_WEIGHT,RISK_FULL_A_B_C_D_E,VPU,0.18030774243040956,168,0.13142508079551693
NN_v1,3,EQUAL_WEIGHT,RISK_FULL_A_B_C_D_E,VDE,0.17850202766220724,346,0.13010890764562436
NN_v1,3,EQUAL_WEIGHT,RISK_FULL_A_B_C_D_E,VOX,0.15818133101590465,189,0.115297290781239
NN_v1,3,EQUAL_WEIGHT,RISK_FULL_A_B_C_D_E,VDC,0.08411490001553117,69,0.06131077557534533
NN_v1,3,EQUAL_WEIGHT,RISK_FULL_A_B_C_D_E,VAW,0.031621883552296434,193,0.023048974740344137
NN_v1,3,EQUAL_WEIGHT,RISK_FULL_A_B_C_D_E,VIS,-0.016671765180994676,124,-0.012151935665002125
NN_v1,3,EQUAL_WEIGHT,RISK_FULL_A_B_C_D_E,VNQ,-0.017139536542475253,189,-0.012492891012497207
NN_v1,3,EQUAL_WEIGHT,RISK_FULL_A_B_C_D_E,VCR,-0.030577960399819987,161,-0.02228806629121595
NN_v1,3,EQUAL_WEIGHT,RISK_A_C_D_E,VHT,0.3719881363128753,279,0.2316165646321115
NN_v1,3,EQUAL_WEIGHT,RISK_A_C_D_E,VDE,0.3392272618299455,519,0.2112181689270994
NN_v1,3,EQUAL_WEIGHT,RISK_A_C_D_E,VAW,0.30728003921004937,396,0.19132638951149467
NN_v1,3,EQUAL_WEIGHT,RISK_A_C_D_E,VGT,0.254499616498621,339,0.15846292158097566
NN_v1,3,EQUAL_WEIGHT,RISK_A_C_D_E,VIS,0.20905639363572273,294,0.13016792467692623
NN_v1,3,EQUAL_WEIGHT,RISK_A_C_D_E,VPU,0.17173206950167577,298,0.10692811972284509
NN_v1,3,EQUAL_WEIGHT,RISK_A_C_D_E,VOX,0.15713492623997333,345,0.09783928100548712
NN_v1,3,EQUAL_WEIGHT,RISK_A_C_D_E,VDC,0.0659132342561725,127,0.041040547780711235
NN_v1,3,EQUAL_WEIGHT,RISK_A_C_D_E,VNQ,-0.070353564430545,106,-0.043805297299377176
NN_v1,3,EQUAL_WEIGHT,RISK_A_C_D_E,VCR,-0.09854545061732733,27,-0.061358835145514115
NN_v1,3,EQUAL_WEIGHT,RISK_A_C_D_E,VFH,-0.10188113972451429,18,-0.06343578539275956
NN_v1,3,PAPER_WEIGHT_NORMALIZED,RISK_NONE,VGT,0.3985248835257751,284,0.22212567687703164
NN_v1,3,PAPER_WEIGHT_NORMALIZED,RISK_NONE,VFH,0.3524865546220814,314,0.19646530937488801
NN_v1,3,PAPER_WEIGHT_NORMALIZED,RISK_NONE,VHT,0.25041904264740844,194,0.139575975429289
NN_v1,3,PAPER_WEIGHT_NORMALIZED,RISK_NONE,VOX,0.2108828008136496,256,0.11753967395470441
NN_v1,3,PAPER_WEIGHT_NORMALIZED,RISK_NONE,VNQ,0.164973066726051,329,0.09195098130085455
NN_v1,3,PAPER_WEIGHT_NORMALIZED,RISK_NONE,VDE,0.13662381721082736,495,0.07614996987638815
NN_v1,3,PAPER_WEIGHT_NORMALIZED,RISK_NONE,VPU,0.13180430661722364,219,0.07346372091911066
NN_v1,3,PAPER_WEIGHT_NORMALIZED,RISK_NONE,VCR,0.11389432370179355,249,0.06348123991880272
NN_v1,3,PAPER_WEIGHT_NORMALIZED,RISK_NONE,VDC,0.0956527145715257,86,0.05331392052951063
NN_v1,3,PAPER_WEIGHT_NORMALIZED,RISK_NONE,VIS,0.004204332821000972,186,0.002343367534340576
NN_v1,3,PAPER_WEIGHT_NORMALIZED,RISK_NONE,VAW,-0.06532439536701609,295,-0.03640983571492045
NN_v1,3,PAPER_WEIGHT_NORMALIZED,RISK_FULL_A_B_C_D_E,VHT,0.27867513169141034,144,0.20577846961990756
NN_v1,3,PAPER_WEIGHT_NORMALIZED,RISK_FULL_A_B_C_D_E,VGT,0.2559808471948264,197,0.18902062293125096
NN_v1,3,PAPER_WEIGHT_NORMALIZED,RISK_FULL_A_B_C_D_E,VFH,0.24266513314534038,208,0.17918807259793398
NN_v1,3,PAPER_WEIGHT_NORMALIZED,RISK_FULL_A_B_C_D_E,VPU,0.20235925926020215,168,0.14942552796599617
NN_v1,3,PAPER_WEIGHT_NORMALIZED,RISK_FULL_A_B_C_D_E,VDE,0.1650659299747037,345,0.12188749764078187
NN_v1,3,PAPER_WEIGHT_NORMALIZED,RISK_FULL_A_B_C_D_E,VOX,0.14796331104765348,187,0.10925863216598952
NN_v1,3,PAPER_WEIGHT_NORMALIZED,RISK_FULL_A_B_C_D_E,VDC,0.09020829956882374,69,0.06661134676646457
NN_v1,3,PAPER_WEIGHT_NORMALIZED,RISK_FULL_A_B_C_D_E,VAW,0.028424902477691364,194,0.020989432732848114
NN_v1,3,PAPER_WEIGHT_NORMALIZED,RISK_FULL_A_B_C_D_E,VCR,-0.008830432359031528,159,-0.006520541843453005
NN_v1,3,PAPER_WEIGHT_NORMALIZED,RISK_FULL_A_B_C_D_E,VIS,-0.009437414429555395,124,-0.006968747755480476
NN_v1,3,PAPER_WEIGHT_NORMALIZED,RISK_FULL_A_B_C_D_E,VNQ,-0.03882672087186411,191,-0.028670312822239485
NN_v1,3,PAPER_WEIGHT_NORMALIZED,RISK_A_C_D_E,VHT,0.38857618681543327,279,0.24424431676072755
NN_v1,3,PAPER_WEIGHT_NORMALIZED,RISK_A_C_D_E,VDE,0.33167567921970637,519,0.2084788064885862
NN_v1,3,PAPER_WEIGHT_NORMALIZED,RISK_A_C_D_E,VAW,0.3199896124378178,396,0.20113338622453297
NN_v1,3,PAPER_WEIGHT_NORMALIZED,RISK_A_C_D_E,VGT,0.2335886137982788,339,0.14682498134489408
NN_v1,3,PAPER_WEIGHT_NORMALIZED,RISK_A_C_D_E,VIS,0.19688746841053636,294,0.12375602734380126
NN_v1,3,PAPER_WEIGHT_NORMALIZED,RISK_A_C_D_E,VPU,0.1558432120235675,298,0.09795715778273638
NN_v1,3,PAPER_WEIGHT_NORMALIZED,RISK_A_C_D_E,VOX,0.15538746222642474,345,0.097670690671282
NN_v1,3,PAPER_WEIGHT_NORMALIZED,RISK_A_C_D_E,VDC,0.06837926953623547,127,0.042980626541606004
NN_v1,3,PAPER_WEIGHT_NORMALIZED,RISK_A_C_D_E,VFH,-0.08194626632895952,18,-0.0515083283786406
NN_v1,3,PAPER_WEIGHT_NORMALIZED,RISK_A_C_D_E,VNQ,-0.08595192977408271,106,-0.054026137149542554
NN_v1,3,PAPER_WEIGHT_NORMALIZED,RISK_A_C_D_E,VCR,-0.09149695027001206,27,-0.05751152762998335
NN_v2,2,EQUAL_WEIGHT,RISK_NONE,VGT,0.6100305534879326,216,0.23455777257934454
NN_v2,2,EQUAL_WEIGHT,RISK_NONE,VFH,0.4637133782814766,235,0.17829857292073775
NN_v2,2,EQUAL_WEIGHT,RISK_NONE,VIS,0.45456689481671053,149,0.17478173466376384
NN_v2,2,EQUAL_WEIGHT,RISK_NONE,VNQ,0.37427175916339106,210,0.14390812012083012
NN_v2,2,EQUAL_WEIGHT,RISK_NONE,VCR,0.29588986479820256,182,0.11377015006715187
NN_v2,2,EQUAL_WEIGHT,RISK_NONE,VHT,0.24617414919686134,93,0.09465437390321348
NN_v2,2,EQUAL_WEIGHT,RISK_NONE,VOX,0.15121690453776676,155,0.058143153817333496
NN_v2,2,EQUAL_WEIGHT,RISK_NONE,VPU,0.1313504472135795,114,0.05050446760340413
NN_v2,2,EQUAL_WEIGHT,RISK_NONE,VDE,-0.01738671150537962,361,-0.006685219780982953
NN_v2,2,EQUAL_WEIGHT,RISK_NONE,VDC,-0.03234395845161315,16,-0.012436306357824617
NN_v2,2,EQUAL_WEIGHT,RISK_NONE,VAW,-0.07671441005940476,207,-0.02949681953697159
NN_v2,2,EQUAL_WEIGHT,RISK_FULL_A_B_C_D_E,VGT,0.40434568561315015,139,0.24412293754731085
NN_v2,2,EQUAL_WEIGHT,RISK_FULL_A_B_C_D_E,VIS,0.32594650212242293,114,0.19678957983868461
NN_v2,2,EQUAL_WEIGHT,RISK_FULL_A_B_C_D_E,VNQ,0.3190112112553309,165,0.19260241118705876
NN_v2,2,EQUAL_WEIGHT,RISK_FULL_A_B_C_D_E,VFH,0.2919502259937032,155,0.1762643928773657
NN_v2,2,EQUAL_WEIGHT,RISK_FULL_A_B_C_D_E,VHT,0.18683369925143364,83,0.11280049006811377
NN_v2,2,EQUAL_WEIGHT,RISK_FULL_A_B_C_D_E,VPU,0.1741930866085086,87,0.10516874426103502
NN_v2,2,EQUAL_WEIGHT,RISK_FULL_A_B_C_D_E,VOX,0.1431535131155094,118,0.08642866088451494
NN_v2,2,EQUAL_WEIGHT,RISK_FULL_A_B_C_D_E,VDC,0.008988231141297702,14,0.00542662743202138
NN_v2,2,EQUAL_WEIGHT,RISK_FULL_A_B_C_D_E,VAW,-0.02148156404161558,148,-0.012969453375019093
NN_v2,2,EQUAL_WEIGHT,RISK_FULL_A_B_C_D_E,VCR,-0.029084039801133308,122,-0.01755943363468563
NN_v2,2,EQUAL_WEIGHT,RISK_FULL_A_B_C_D_E,VDE,-0.14753662624218744,167,-0.08907495708640033
NN_v2,2,EQUAL_WEIGHT,RISK_A_C_D_E,VGT,0.5304836020008163,216,0.21894488448803545
NN_v2,2,EQUAL_WEIGHT,RISK_A_C_D_E,VNQ,0.4335507442003867,232,0.17893808074487738
NN_v2,2,EQUAL_WEIGHT,RISK_A_C_D_E,VCR,0.3621175693902774,208,0.14945568364829576
NN_v2,2,EQUAL_WEIGHT,RISK_A_C_D_E,VIS,0.3612238321476868,180,0.14908681419294667
NN_v2,2,EQUAL_WEIGHT,RISK_A_C_D_E,VHT,0.2837441803479306,121,0.11710887302852833
NN_v2,2,EQUAL_WEIGHT,RISK_A_C_D_E,VDE,0.23819770949164246,361,0.0983106165643213
NN_v2,2,EQUAL_WEIGHT,RISK_A_C_D_E,VPU,0.14537417488159896,107,0.059999841289997434
NN_v2,2,EQUAL_WEIGHT,RISK_A_C_D_E,VAW,0.13514619283206528,229,0.05577847734974617
NN_v2,2,EQUAL_WEIGHT,RISK_A_C_D_E,VOX,0.1055880094984945,170,0.043579018193542374
NN_v2,2,EQUAL_WEIGHT,RISK_A_C_D_E,VDC,-0.0190774131401863,17,-0.007873762733767201
NN_v2,2,EQUAL_WEIGHT,RISK_A_C_D_E,VFH,-0.1534392779583135,17,-0.06332852676652352
NN_v2,2,PAPER_WEIGHT_NORMALIZED,RISK_NONE,VGT,0.6292405354876431,216,0.2390848207544375
NN_v2,2,PAPER_WEIGHT_NORMALIZED,RISK_NONE,VFH,0.5260759263179143,235,0.19988662753500117
NN_v2,2,PAPER_WEIGHT_NORMALIZED,RISK_NONE,VIS,0.45586537461200344,149,0.17320958398333458
NN_v2,2,PAPER_WEIGHT_NORMALIZED,RISK_NONE,VNQ,0.3749263868337126,210,0.14245618795486417
NN_v2,2,PAPER_WEIGHT_NORMALIZED,RISK_NONE,VCR,0.2946314272983547,182,0.1119474954512598
NN_v2,2,PAPER_WEIGHT_NORMALIZED,RISK_NONE,VHT,0.24587912706512213,93,0.09342368093953907
NN_v2,2,PAPER_WEIGHT_NORMALIZED,RISK_NONE,VOX,0.15003917222574784,155,0.057008546930208924
NN_v2,2,PAPER_WEIGHT_NORMALIZED,RISK_NONE,VPU,0.12234462575684778,114,0.046485789248583945
NN_v2,2,PAPER_WEIGHT_NORMALIZED,RISK_NONE,VDC,-0.029616051334801115,16,-0.011252848355276046
NN_v2,2,PAPER_WEIGHT_NORMALIZED,RISK_NONE,VDE,-0.04209635575230508,361,-0.01599483679425567
NN_v2,2,PAPER_WEIGHT_NORMALIZED,RISK_NONE,VAW,-0.09541862810018523,207,-0.03625504764769738
NN_v2,2,PAPER_WEIGHT_NORMALIZED,RISK_FULL_A_B_C_D_E,VGT,0.3253768300297557,133,0.2132940381433785
NN_v2,2,PAPER_WEIGHT_NORMALIZED,RISK_FULL_A_B_C_D_E,VFH,0.30820077336445045,154,0.20203463013578493
NN_v2,2,PAPER_WEIGHT_NORMALIZED,RISK_FULL_A_B_C_D_E,VIS,0.2753924118388156,109,0.18052778862518762
NN_v2,2,PAPER_WEIGHT_NORMALIZED,RISK_FULL_A_B_C_D_E,VNQ,0.2566835514994902,163,0.16826358293337396
NN_v2,2,PAPER_WEIGHT_NORMALIZED,RISK_FULL_A_B_C_D_E,VPU,0.1645661447769995,90,0.10787792590506243
NN_v2,2,PAPER_WEIGHT_NORMALIZED,RISK_FULL_A_B_C_D_E,VHT,0.15030562670011047,79,0.09852973880041167
NN_v2,2,PAPER_WEIGHT_NORMALIZED,RISK_FULL_A_B_C_D_E,VOX,0.12682363464569954,119,0.08313660552636139
NN_v2,2,PAPER_WEIGHT_NORMALIZED,RISK_FULL_A_B_C_D_E,VAW,0.021130021458830826,145,0.013851347689994128
NN_v2,2,PAPER_WEIGHT_NORMALIZED,RISK_FULL_A_B_C_D_E,VCR,0.015162934011467679,117,0.00993974716980233
NN_v2,2,PAPER_WEIGHT_NORMALIZED,RISK_FULL_A_B_C_D_E,VDC,0.011753969960256868,14,0.007705071429978231
NN_v2,2,PAPER_WEIGHT_NORMALIZED,RISK_FULL_A_B_C_D_E,VDE,-0.1299110189990308,165,-0.08516047635933521
NN_v2,2,PAPER_WEIGHT_NORMALIZED,RISK_A_C_D_E,VGT,0.5263116699669178,216,0.21757876898658435
NN_v2,2,PAPER_WEIGHT_NORMALIZED,RISK_A_C_D_E,VNQ,0.4181829984957352,232,0.1728780629727247
NN_v2,2,PAPER_WEIGHT_NORMALIZED,RISK_A_C_D_E,VCR,0.3878233832414145,208,0.16032731008070425
NN_v2,2,PAPER_WEIGHT_NORMALIZED,RISK_A_C_D_E,VIS,0.35176420258995544,180,0.14542034034297738
NN_v2,2,PAPER_WEIGHT_NORMALIZED,RISK_A_C_D_E,VHT,0.2858920888588357,121,0.11818861770786615
NN_v2,2,PAPER_WEIGHT_NORMALIZED,RISK_A_C_D_E,VDE,0.20081585234644644,361,0.0830178550843798
NN_v2,2,PAPER_WEIGHT_NORMALIZED,RISK_A_C_D_E,VPU,0.13372597008156298,107,0.055282703409772684
NN_v2,2,PAPER_WEIGHT_NORMALIZED,RISK_A_C_D_E,VAW,0.12910374693547833,229,0.053371862971502315
NN_v2,2,PAPER_WEIGHT_NORMALIZED,RISK_A_C_D_E,VOX,0.09826950306090862,170,0.04062489723296434
NN_v2,2,PAPER_WEIGHT_NORMALIZED,RISK_A_C_D_E,VDC,-0.01477245514369446,17,-0.006106975749324747
NN_v2,2,PAPER_WEIGHT_NORMALIZED,RISK_A_C_D_E,VFH,-0.09816922753518438,17,-0.0405834430401513
NN_v2,3,EQUAL_WEIGHT,RISK_NONE,VGT,0.4087507227056987,307,0.21627391384607858
NN_v2,3,EQUAL_WEIGHT,RISK_NONE,VNQ,0.33209077013497545,307,0.17571240029577137
NN_v2,3,EQUAL_WEIGHT,RISK_NONE,VFH,0.3200777351315995,337,0.16935618866597393
NN_v2,3,EQUAL_WEIGHT,RISK_NONE,VIS,0.26049404014473243,263,0.13782988620240877
NN_v2,3,EQUAL_WEIGHT,RISK_NONE,VCR,0.20391038562187513,285,0.10789093381997156
NN_v2,3,EQUAL_WEIGHT,RISK_NONE,VHT,0.18089680981792045,168,0.0957142309195627
NN_v2,3,EQUAL_WEIGHT,RISK_NONE,VPU,0.1548881531749371,182,0.08195280212300293
NN_v2,3,EQUAL_WEIGHT,RISK_NONE,VAW,0.04871662396589806,319,0.025776431328926312
NN_v2,3,EQUAL_WEIGHT,RISK_NONE,VDE,0.03705447590249344,446,0.019605877332521553
NN_v2,3,EQUAL_WEIGHT,RISK_NONE,VDC,0.01997220224732307,41,0.010567483084951096
NN_v2,3,EQUAL_WEIGHT,RISK_NONE,VOX,-0.07688416713512591,252,-0.04068014761916874
NN_v2,3,EQUAL_WEIGHT,RISK_FULL_A_B_C_D_E,VFH,0.3434066408731692,209,0.21683061763932163
NN_v2,3,EQUAL_WEIGHT,RISK_FULL_A_B_C_D_E,VGT,0.24971687410247909,184,0.15767389910959576
NN_v2,3,EQUAL_WEIGHT,RISK_FULL_A_B_C_D_E,VNQ,0.20451201408186945,199,0.1291310680983924
NN_v2,3,EQUAL_WEIGHT,RISK_FULL_A_B_C_D_E,VAW,0.17404786946474446,202,0.10989568209540457
NN_v2,3,EQUAL_WEIGHT,RISK_FULL_A_B_C_D_E,VPU,0.16732801509550652,130,0.10565269433715006
NN_v2,3,EQUAL_WEIGHT,RISK_FULL_A_B_C_D_E,VIS,0.15646667552062204,167,0.09879472862505888
NN_v2,3,EQUAL_WEIGHT,RISK_FULL_A_B_C_D_E,VDE,0.1284148232674352,308,0.08108248976293403
NN_v2,3,EQUAL_WEIGHT,RISK_FULL_A_B_C_D_E,VHT,0.10915948575561642,124,0.06892446417867261
NN_v2,3,EQUAL_WEIGHT,RISK_FULL_A_B_C_D_E,VDC,0.021312725971648735,32,0.013457082612787849
NN_v2,3,EQUAL_WEIGHT,RISK_FULL_A_B_C_D_E,VCR,0.017059361735167502,186,0.0107714630449885
NN_v2,3,EQUAL_WEIGHT,RISK_FULL_A_B_C_D_E,VOX,0.012330818672705666,182,0.007785810495693734
NN_v2,3,EQUAL_WEIGHT,RISK_A_C_D_E,VGT,0.46373095577253687,345,0.24876999068665223
NN_v2,3,EQUAL_WEIGHT,RISK_A_C_D_E,VDE,0.3863197889859245,454,0.20724251661827367
NN_v2,3,EQUAL_WEIGHT,RISK_A_C_D_E,VNQ,0.34738521449475324,358,0.18635593655932162
NN_v2,3,EQUAL_WEIGHT,RISK_A_C_D_E,VCR,0.29507038547830955,355,0.1582914751184983
NN_v2,3,EQUAL_WEIGHT,RISK_A_C_D_E,VHT,0.2685961373715066,230,0.14408927797598975
NN_v2,3,EQUAL_WEIGHT,RISK_A_C_D_E,VPU,0.23049433018581175,235,0.12364943866670877
NN_v2,3,EQUAL_WEIGHT,RISK_A_C_D_E,VAW,0.09834280130309683,402,0.05275631798941369
NN_v2,3,EQUAL_WEIGHT,RISK_A_C_D_E,VDC,0.02009768805300697,52,0.010781470608190695
NN_v2,3,EQUAL_WEIGHT,RISK_A_C_D_E,VOX,-0.0357650380809069,321,-0.01918627186635162
NN_v2,3,EQUAL_WEIGHT,RISK_A_C_D_E,VFH,-0.102292851972209,17,-0.05487533561360878
NN_v2,3,EQUAL_WEIGHT,RISK_A_C_D_E,VIS,-0.1078841704715018,12,-0.05787481674308819
NN_v2,3,PAPER_WEIGHT_NORMALIZED,RISK_NONE,VGT,0.4096233498218746,307,0.21778137545825874
NN_v2,3,PAPER_WEIGHT_NORMALIZED,RISK_NONE,VFH,0.3487103494259715,337,0.18539621720183155
NN_v2,3,PAPER_WEIGHT_NORMALIZED,RISK_NONE,VNQ,0.3298863305871757,307,0.1753881922292615
NN_v2,3,PAPER_WEIGHT_NORMALIZED,RISK_NONE,VIS,0.25939046502348184,263,0.13790818389170484
NN_v2,3,PAPER_WEIGHT_NORMALIZED,RISK_NONE,VCR,0.21157313542855655,285,0.11248550275194033
NN_v2,3,PAPER_WEIGHT_NORMALIZED,RISK_NONE,VHT,0.18023600139255877,168,0.09582472363315446
NN_v2,3,PAPER_WEIGHT_NORMALIZED,RISK_NONE,VPU,0.1519264468605526,182,0.08077359501152712
NN_v2,3,PAPER_WEIGHT_NORMALIZED,RISK_NONE,VAW,0.026361270224387907,319,0.014015298910060961
NN_v2,3,PAPER_WEIGHT_NORMALIZED,RISK_NONE,VDC,0.025265003449021384,41,0.013432454972301234
NN_v2,3,PAPER_WEIGHT_NORMALIZED,RISK_NONE,VDE,0.009737900460318125,446,0.005177276532809705
NN_v2,3,PAPER_WEIGHT_NORMALIZED,RISK_NONE,VOX,-0.07181777984448838,252,-0.03818282059285053
NN_v2,3,PAPER_WEIGHT_NORMALIZED,RISK_FULL_A_B_C_D_E,VFH,0.32849261376725897,208,0.20659607222734858
NN_v2,3,PAPER_WEIGHT_NORMALIZED,RISK_FULL_A_B_C_D_E,VGT,0.25615859353242126,184,0.16110365065491414
NN_v2,3,PAPER_WEIGHT_NORMALIZED,RISK_FULL_A_B_C_D_E,VNQ,0.20871639283997007,200,0.13126622993340467
NN_v2,3,PAPER_WEIGHT_NORMALIZED,RISK_FULL_A_B_C_D_E,VPU,0.1782080073405103,131,0.11207884991318945
NN_v2,3,PAPER_WEIGHT_NORMALIZED,RISK_FULL_A_B_C_D_E,VAW,0.17392359287126063,202,0.1093842894754679
NN_v2,3,PAPER_WEIGHT_NORMALIZED,RISK_FULL_A_B_C_D_E,VIS,0.1500504985255144,165,0.09436998681830513
NN_v2,3,PAPER_WEIGHT_NORMALIZED,RISK_FULL_A_B_C_D_E,VDE,0.12352862119298848,308,0.07768980755291209
NN_v2,3,PAPER_WEIGHT_NORMALIZED,RISK_FULL_A_B_C_D_E,VHT,0.10388122401423296,124,0.06533313675879346
NN_v2,3,PAPER_WEIGHT_NORMALIZED,RISK_FULL_A_B_C_D_E,VCR,0.03498036137997984,185,0.02199990186481742
NN_v2,3,PAPER_WEIGHT_NORMALIZED,RISK_FULL_A_B_C_D_E,VDC,0.025655970599304207,32,0.016135591891122392
NN_v2,3,PAPER_WEIGHT_NORMALIZED,RISK_FULL_A_B_C_D_E,VOX,0.006427642901476004,181,0.004042482909724699
NN_v2,3,PAPER_WEIGHT_NORMALIZED,RISK_A_C_D_E,VGT,0.4623023562326387,345,0.24737742658689305
NN_v2,3,PAPER_WEIGHT_NORMALIZED,RISK_A_C_D_E,VDE,0.37563604199178485,454,0.20100238761156755
NN_v2,3,PAPER_WEIGHT_NORMALIZED,RISK_A_C_D_E,VNQ,0.33403734367324756,358,0.17874297491191463
NN_v2,3,PAPER_WEIGHT_NORMALIZED,RISK_A_C_D_E,VCR,0.3024781915962187,355,0.1618557111529751
NN_v2,3,PAPER_WEIGHT_NORMALIZED,RISK_A_C_D_E,VHT,0.2689406821945854,230,0.14390983080419556
NN_v2,3,PAPER_WEIGHT_NORMALIZED,RISK_A_C_D_E,VPU,0.22960980591824734,235,0.12286392691148017
NN_v2,3,PAPER_WEIGHT_NORMALIZED,RISK_A_C_D_E,VAW,0.08208672342821066,402,0.04392450552080301
NN_v2,3,PAPER_WEIGHT_NORMALIZED,RISK_A_C_D_E,VDC,0.023422296108531533,52,0.012533242061109057
NN_v2,3,PAPER_WEIGHT_NORMALIZED,RISK_A_C_D_E,VOX,-0.030994847458024947,321,-0.016585305046036
NN_v2,3,PAPER_WEIGHT_NORMALIZED,RISK_A_C_D_E,VFH,-0.07096619236708199,17,-0.03797392292243683
NN_v2,3,PAPER_WEIGHT_NORMALIZED,RISK_A_C_D_E,VIS,-0.10773857052102032,12,-0.057650777592465265
