model,K,allocation_method,risk_config,gross_ending_capital,gross_cagr,gross_cumulative_return,gross_sharpe,gross_sortino,gross_max_drawdown,gross_calmar,gross_annualized_volatility,gross_mean_weekly_return,gross_positive_week_rate,net_ending_capital,net_cagr,net_cumulative_return,net_sharpe,net_sortino,net_max_drawdown,net_calmar,cagr_drag_from_10bps_costs,mean_weekly_excess_return_vs_spy,excess_return_win_rate,total_etf_trades,n_trade_weeks,mean_positions_per_week,n_weeks_total,years_elapsed
NN_v1,2,EQUAL_WEIGHT,RISK_NONE,572847.2756505404,0.09854731294797126,4.728472756505404,0.5278061336850193,0.7353918008889533,-0.59078917746928,0.16680622581833865,0.2254921734668768,0.0022887721587266144,0.5531475748194015,217545.8797418187,0.042740855385124954,1.175458797418187,0.29719946028915323,0.4148775581058195,-0.6080299971358913,0.07029399139261974,0.0558064575628463,0.0003475401079119942,0.49432404540763675,1938,969,2.0,969,18.570841889117045
NN_v1,2,EQUAL_WEIGHT,RISK_FULL_A_B_C_D_E,298949.9475446022,0.060742471369922724,1.989499475446022,0.443413884697757,0.5470309115645362,-0.33318460260807004,0.1823087588515457,0.1618083644789891,0.0013797706821195987,0.38183694530443757,153976.48996312404,0.023514543652029207,0.5397648996312403,0.22334385127260434,0.27451858092845827,-0.3971227947581337,0.059212273791411696,0.037227927717893516,-0.0005614613686950213,0.4809081527347781,1328,664,2.0,969,18.570841889117045
NN_v1,2,EQUAL_WEIGHT,RISK_A_C_D_E,490154.39339444996,0.08936381615839495,3.9015439339444997,0.5570718260957298,0.7705967089155651,-0.5351144509370493,0.16699944470179834,0.18346508482212473,0.0019654467274359422,0.541795665634675,194519.62372739744,0.03647793330261884,0.9451962372739744,0.28653907209006435,0.3950013963951215,-0.5487750871648784,0.06647155484239231,0.05288588285577611,2.4214676621322595e-05,0.5025799793601651,1850,925,2.0,969,18.570841889117045
NN_v1,2,PAPER_WEIGHT_NORMALIZED,RISK_NONE,539481.7350002526,0.09500317292601856,4.394817350002526,0.5177198535906167,0.7188137876171844,-0.5886563903857034,0.16138986083845952,0.22238400875495992,0.002214088777952159,0.5521155830753354,204865.01395619783,0.039374057583619004,1.0486501395619783,0.283890090870143,0.39472749711763777,-0.6058550933661092,0.06498923259827387,0.05562911534239956,0.00027285672713753934,0.49638802889576883,1938,969,2.0,969,18.570841889117045
NN_v1,2,PAPER_WEIGHT_NORMALIZED,RISK_FULL_A_B_C_D_E,306524.76836873876,0.06217268196317516,2.0652476836873874,0.4556349065355092,0.5507347762434387,-0.32097940440613215,0.1936967952140277,0.15985983788462407,0.001400725428718122,0.38183694530443757,157882.50546286232,0.024896148262525175,0.5788250546286231,0.2328937081566344,0.28067311559980423,-0.38359393964268895,0.06490235034921434,0.03727653370064998,-0.0005405066220964976,0.4871001031991744,1328,664,2.0,969,18.570841889117045
NN_v1,2,PAPER_WEIGHT_NORMALIZED,RISK_A_C_D_E,495554.21973636246,0.09000670376409814,3.9555421973636244,0.5593809136779294,0.7770227422993774,-0.5426561655354503,0.16586322883715257,0.18387958158176357,0.0019780524683061977,0.543859649122807,195879.02991206347,0.03686669420688182,0.9587902991206347,0.2882882080704147,0.399247787169289,-0.5561025153582035,0.0662947805282535,0.05314000955721632,3.6820417491577676e-05,0.5067079463364293,1858,929,2.0,969,18.570841889117045
NN_v1,3,EQUAL_WEIGHT,RISK_NONE,420705.14427482005,0.08043804215533301,3.2070514427482006,0.47145682698438507,0.6550374530327567,-0.609949995403836,0.13187645341660598,0.2102190473520219,0.0019059462506973933,0.542827657378741,159728.59896493916,0.025537914857988397,0.5972859896493916,0.22409579735835167,0.31184934314995133,-0.626395090420603,0.040769659993408564,0.054900127297344614,-3.528580011722648e-05,0.49432404540763675,2907,969,3.0,969,18.570841889117045
NN_v1,3,EQUAL_WEIGHT,RISK_FULL_A_B_C_D_E,319233.9204003243,0.06449883380590249,2.192339204003243,0.48604131396760364,0.6235519423789984,-0.36754305159364653,0.17548647301653256,0.15147553790712048,0.0014158340284293539,0.37048503611971106,164604.47792332454,0.027199781480226504,0.6460447792332453,0.25135207488924927,0.3215985921326603,-0.5001844545563355,0.05437950186667188,0.037299052325675985,-0.0005253980223852659,0.47781217750258,1989,663,3.0,969,18.570841889117045
NN_v1,3,EQUAL_WEIGHT,RISK_A_C_D_E,373570.7952980018,0.07354697813271915,2.7357079529800177,0.49151345136467617,0.6508098146238407,-0.5192684805098922,0.14163574507834598,0.1753491368016102,0.0016574319119841577,0.5263157894736842,149557.1789491547,0.021910817024087148,0.495571789491547,0.2112054175911044,0.2795104318211481,-0.5333774696780688,0.041079382369322584,0.051636161108632006,-0.0002838001388304621,0.47471620227038186,2748,916,3.0,969,18.570841889117045
NN_v1,3,PAPER_WEIGHT_NORMALIZED,RISK_NONE,400721.8930029266,0.07761047962757894,3.007218930029266,0.46061628817867595,0.6358296306682175,-0.6197246088157836,0.12523381922154567,0.20902438513409055,0.0018515391619095157,0.5397316821465429,152134.69849131937,0.022851536496188984,0.5213469849131938,0.2118414862978253,0.29277804533317225,-0.6357671037972568,0.03594325085350159,0.05475894313138996,-8.969288890510405e-05,0.49432404540763675,2907,969,3.0,969,18.570841889117045
NN_v1,3,PAPER_WEIGHT_NORMALIZED,RISK_FULL_A_B_C_D_E,314916.060591337,0.06371852297628977,2.14916060591337,0.4853333846890663,0.6156259209484528,-0.3719375094078239,0.17131513053829525,0.14973994951348052,0.0013975730100105272,0.3684210526315789,162538.96578452637,0.02650154750611522,0.6253896578452638,0.2482795644651377,0.3142707803952055,-0.48310997936664335,0.05485613760423397,0.03721697547017455,-0.0005436590408040927,0.48194014447884415,1986,662,3.0,969,18.570841889117045
NN_v1,3,PAPER_WEIGHT_NORMALIZED,RISK_A_C_D_E,367908.57533296273,0.07266443286844648,2.6790857533296273,0.4869276610641822,0.6399789289026893,-0.5259709384975209,0.13815294258655886,0.17533428040898524,0.0016418290589215127,0.5273477812177503,147288.02506940358,0.021069857657060487,0.4728802506940357,0.20659507460587265,0.2714499983630864,-0.5398905064131213,0.039026168096643554,0.051594575211385996,-0.00029940299189310676,0.478844169246646,2748,916,3.0,969,18.570841889117045
NN_v2,2,EQUAL_WEIGHT,RISK_NONE,849088.2389935271,0.12207559592080042,7.490882389935271,0.6269039368806987,0.886668363340987,-0.547693000191374,0.2228905534270932,0.2226282783948819,0.0026839720035908396,0.5510835913312694,322582.2245187887,0.06509708531317071,2.225822245187887,0.3933307341639881,0.5569961165452924,-0.5667035190697345,0.11486973897749933,0.05697851060762971,0.0007427399527762198,0.5025799793601651,1938,969,2.0,969,18.570841889117045
NN_v2,2,EQUAL_WEIGHT,RISK_FULL_A_B_C_D_E,413897.6026671294,0.07948934487188897,3.138976026671294,0.5594385705461631,0.6662156672186538,-0.34152423041179714,0.23274877093213472,0.15888078881828843,0.0017093084881490404,0.37564499484004127,214965.14619359278,0.04207099175721596,1.1496514619359277,0.33817663349577587,0.4020423507630546,-0.3864275036626478,0.10887162885265031,0.03741835311467301,-0.00023192356266557942,0.47471620227038186,1312,656,2.0,969,18.570841889117045
NN_v2,2,EQUAL_WEIGHT,RISK_A_C_D_E,782422.9919581758,0.11714594607333684,6.824229919581758,0.6586295295708833,0.9146596471548146,-0.49287252963274153,0.2376800065538788,0.19741290047474175,0.002500422418671207,0.5386996904024768,309396.2769937859,0.06270612836738709,2.093962769937859,0.4061408051432178,0.5635509526305874,-0.5077367560697437,0.1235012585119476,0.054439817705949745,0.0005591903678565867,0.5036119711042312,1858,929,2.0,969,18.570841889117045
NN_v2,2,PAPER_WEIGHT_NORMALIZED,RISK_NONE,877283.9341372834,0.12405115287337831,7.772839341372833,0.6357482383182405,0.8936689137053433,-0.5437946462737302,0.22812132065554508,0.22215653295899546,0.002716069701145567,0.5541795665634675,333305.5324301052,0.06697427424106484,2.333055324301052,0.40167904707101326,0.5655469466231151,-0.5629657218579334,0.11896687780569003,0.05707687863231348,0.0007748376503309472,0.5036119711042312,1938,969,2.0,969,18.570841889117045
NN_v2,2,PAPER_WEIGHT_NORMALIZED,RISK_FULL_A_B_C_D_E,365488.478737567,0.07228329663993671,2.6548847873756705,0.5224408080357135,0.6135193453629301,-0.3372265152895425,0.21434642106322604,0.1566932835245289,0.0015742878011216163,0.3673890608875129,192093.04445684658,0.03577754998312033,0.9209304445684658,0.3021534349454334,0.3542389462916543,-0.4330687528383995,0.08261401855624248,0.036505746656816385,-0.00036694424969300376,0.4664602683178535,1288,644,2.0,969,18.570841889117045
NN_v2,2,PAPER_WEIGHT_NORMALIZED,RISK_A_C_D_E,779682.0103555857,0.11693485803382209,6.7968201035558575,0.6583821102409745,0.9049042153478264,-0.4961774159939363,0.23567146400563127,0.1971641857275946,0.002496334089678407,0.5376676986584107,308311.29196306644,0.06250512108940764,2.0831129196306644,0.4055747837428472,0.5572955549302779,-0.5109494377808517,0.1223313237428717,0.05442973694441444,0.0005551020388637871,0.5056759545923633,1858,929,2.0,969,18.570841889117045
NN_v2,3,EQUAL_WEIGHT,RISK_NONE,438440.58536236855,0.08284305856621943,3.3844058536236856,0.4824692418528391,0.6627074252606707,-0.5682636934957366,0.14578277569802364,0.21021530338193328,0.001950431116318191,0.5521155830753354,166468.5291127983,0.027822832555525867,0.664685291127983,0.23510380668505354,0.32355479294668243,-0.5864247093520994,0.04744485031380313,0.05502022601069356,9.199065503571447e-06,0.4726522187822497,2907,969,3.0,969,18.570841889117045
NN_v2,3,EQUAL_WEIGHT,RISK_FULL_A_B_C_D_E,396830.39674613264,0.07704436157453554,2.9683039674613263,0.5731597356538967,0.683208634190167,-0.36280885753633296,0.2123552387825042,0.1482832087746123,0.0016344223989070838,0.3673890608875129,209214.99759298743,0.04055067511164978,1.0921499759298743,0.3415389839916134,0.40618004460890506,-0.41387346353142496,0.09797843709438697,0.036493686462885755,-0.00030680965190753616,0.4664602683178535,1923,641,3.0,969,18.570841889117045
NN_v2,3,EQUAL_WEIGHT,RISK_A_C_D_E,471657.9441933096,0.08710971600275053,3.7165794419330958,0.5468346201263822,0.7506121749494301,-0.4800058361336911,0.1814763685050045,0.1829328339239163,0.0019237308989889872,0.5263157894736842,186798.22506165455,0.03421978141386006,0.8679822506165455,0.27492480086785953,0.3772938139551642,-0.4952282749908198,0.0690990057352731,0.052889934588890464,-1.750115182563261e-05,0.48813209494324045,2781,927,3.0,969,18.570841889117045
NN_v2,3,PAPER_WEIGHT_NORMALIZED,RISK_NONE,435019.02821097005,0.08238633280786867,3.3501902821097005,0.48106516151100503,0.6572126768609362,-0.5742786372963717,0.14346055635245755,0.20981649525738724,0.0019410655034359239,0.5510835913312694,165168.27247021405,0.027388928643076182,0.6516827247021406,0.23322954717472383,0.3194907693143708,-0.5921927993779252,0.04625001970953911,0.054997404164792485,-1.665473786954481e-07,0.4809081527347781,2907,969,3.0,969,18.570841889117045
NN_v2,3,PAPER_WEIGHT_NORMALIZED,RISK_FULL_A_B_C_D_E,400604.6259097684,0.07759349627465162,3.006046259097684,0.579952749657138,0.6911591579560187,-0.36149413188689916,0.21464662751131,0.14712636427960943,0.0016408911444426388,0.36429308565531476,211418.93962869706,0.041138007581101865,1.1141893962869704,0.34688712692163703,0.41243784742157635,-0.4159823750658592,0.09889363118951568,0.036455488693549754,-0.00030034090637198074,0.4695562435500516,1920,640,3.0,969,18.570841889117045
NN_v2,3,PAPER_WEIGHT_NORMALIZED,RISK_A_C_D_E,473905.200264171,0.0873880012637056,3.73905200264171,0.5484431425755898,0.7491748299241686,-0.48167346678503953,0.18142581497582258,0.1828580126777703,0.001928600444579296,0.5242518059855521,187689.09653192034,0.034484781264245035,0.8768909653192034,0.27642231174977605,0.3775766356286878,-0.4968495627537849,0.06940688660992957,0.05290321999946057,-1.2631606235324216e-05,0.48813209494324045,2781,927,3.0,969,18.570841889117045
