model,K,allocation_method,risk_config,year,year_log_return,share_of_total_log_return
NN_v1,2,EQUAL_WEIGHT,RISK_NONE,2008,-0.42825873040362145,-0.24535734935872475
NN_v1,2,EQUAL_WEIGHT,RISK_NONE,2009,0.38946290507940945,0.22313050331460205
NN_v1,2,EQUAL_WEIGHT,RISK_NONE,2010,0.08189730486055945,0.046920481040216414
NN_v1,2,EQUAL_WEIGHT,RISK_NONE,2011,0.11011996060521266,0.06308976263044956
NN_v1,2,EQUAL_WEIGHT,RISK_NONE,2012,0.15636950250230489,0.0895869807916088
NN_v1,2,EQUAL_WEIGHT,RISK_NONE,2013,0.06000351711676668,0.03437712501061076
NN_v1,2,EQUAL_WEIGHT,RISK_NONE,2014,0.10174005799317101,0.05828876139730014
NN_v1,2,EQUAL_WEIGHT,RISK_NONE,2015,-0.008754140856562216,-0.005015409246776347
NN_v1,2,EQUAL_WEIGHT,RISK_NONE,2016,0.1475087728385185,0.0845105048452997
NN_v1,2,EQUAL_WEIGHT,RISK_NONE,2017,0.026877959712896565,0.015398880357001883
NN_v1,2,EQUAL_WEIGHT,RISK_NONE,2018,-0.24626204508916094,-0.1410880814356992
NN_v1,2,EQUAL_WEIGHT,RISK_NONE,2019,0.22676976017839798,0.12992059080651241
NN_v1,2,EQUAL_WEIGHT,RISK_NONE,2020,0.19758519447630757,0.11320021320650005
NN_v1,2,EQUAL_WEIGHT,RISK_NONE,2021,0.1882709386026423,0.10786390370439697
NN_v1,2,EQUAL_WEIGHT,RISK_NONE,2022,0.013940457356998599,0.007986745915810958
NN_v1,2,EQUAL_WEIGHT,RISK_NONE,2023,0.11315968990836361,0.06483127978267725
NN_v1,2,EQUAL_WEIGHT,RISK_NONE,2024,0.2729638006810984,0.15638601119205864
NN_v1,2,EQUAL_WEIGHT,RISK_NONE,2025,0.14795797107863246,0.0847678588271487
NN_v1,2,EQUAL_WEIGHT,RISK_NONE,2026,0.19409608391675456,0.11120123721900614
NN_v1,2,EQUAL_WEIGHT,RISK_FULL_A_B_C_D_E,2008,-0.3277841825897767,-0.2993173176020717
NN_v1,2,EQUAL_WEIGHT,RISK_FULL_A_B_C_D_E,2009,0.646975243924702,0.5907877953001861
NN_v1,2,EQUAL_WEIGHT,RISK_FULL_A_B_C_D_E,2010,0.014451053341555768,0.013196031878488312
NN_v1,2,EQUAL_WEIGHT,RISK_FULL_A_B_C_D_E,2011,0.20779429184064846,0.1897481127837216
NN_v1,2,EQUAL_WEIGHT,RISK_FULL_A_B_C_D_E,2012,0.018884004757583568,0.01724399757476572
NN_v1,2,EQUAL_WEIGHT,RISK_FULL_A_B_C_D_E,2013,0.18706487532838628,0.17081897075836774
NN_v1,2,EQUAL_WEIGHT,RISK_FULL_A_B_C_D_E,2014,-0.07002181179759205,-0.06394067192413096
NN_v1,2,EQUAL_WEIGHT,RISK_FULL_A_B_C_D_E,2015,-0.14584160366630466,-0.13317579042187824
NN_v1,2,EQUAL_WEIGHT,RISK_FULL_A_B_C_D_E,2016,0.00253915790031462,0.0023186412647660955
NN_v1,2,EQUAL_WEIGHT,RISK_FULL_A_B_C_D_E,2017,0.08776169298759674,0.08013990890505922
NN_v1,2,EQUAL_WEIGHT,RISK_FULL_A_B_C_D_E,2018,-0.0901258723585305,-0.0822987678897945
NN_v1,2,EQUAL_WEIGHT,RISK_FULL_A_B_C_D_E,2019,0.06692781829426221,0.06111538051202543
NN_v1,2,EQUAL_WEIGHT,RISK_FULL_A_B_C_D_E,2020,0.11979652415025419,0.10939263140583354
NN_v1,2,EQUAL_WEIGHT,RISK_FULL_A_B_C_D_E,2021,-0.021992381629076376,-0.020082423211782913
NN_v1,2,EQUAL_WEIGHT,RISK_FULL_A_B_C_D_E,2022,-0.008847263516934246,-0.008078910834210652
NN_v1,2,EQUAL_WEIGHT,RISK_FULL_A_B_C_D_E,2023,0.01228270627186849,0.011215997871352086
NN_v1,2,EQUAL_WEIGHT,RISK_FULL_A_B_C_D_E,2024,0.2302067984903772,0.21021417468497894
NN_v1,2,EQUAL_WEIGHT,RISK_FULL_A_B_C_D_E,2025,0.06165469251325033,0.05630020654090645
NN_v1,2,EQUAL_WEIGHT,RISK_FULL_A_B_C_D_E,2026,0.10338022963076852,0.09440203240341757
NN_v1,2,EQUAL_WEIGHT,RISK_A_C_D_E,2008,-0.3788360347155275,-0.23832907209719817
NN_v1,2,EQUAL_WEIGHT,RISK_A_C_D_E,2009,0.1722605715572326,0.10837063641265467
NN_v1,2,EQUAL_WEIGHT,RISK_A_C_D_E,2010,0.02178924406719685,0.01370780454962237
NN_v1,2,EQUAL_WEIGHT,RISK_A_C_D_E,2011,0.044492526284447075,0.027990638516198804
NN_v1,2,EQUAL_WEIGHT,RISK_A_C_D_E,2012,0.09993916171571572,0.06287260317188118
NN_v1,2,EQUAL_WEIGHT,RISK_A_C_D_E,2013,0.14755667486603893,0.09282919833372867
NN_v1,2,EQUAL_WEIGHT,RISK_A_C_D_E,2014,0.023827021216964714,0.0149897880272758
NN_v1,2,EQUAL_WEIGHT,RISK_A_C_D_E,2015,0.04828508352958976,0.030376569542504405
NN_v1,2,EQUAL_WEIGHT,RISK_A_C_D_E,2016,0.0002220409859287134,0.00013968793170289273
NN_v1,2,EQUAL_WEIGHT,RISK_A_C_D_E,2017,0.07043395076305721,0.04431061618017494
NN_v1,2,EQUAL_WEIGHT,RISK_A_C_D_E,2018,-0.07999788379136177,-0.05032737033068012
NN_v1,2,EQUAL_WEIGHT,RISK_A_C_D_E,2019,0.21969786239565844,0.1382138521374115
NN_v1,2,EQUAL_WEIGHT,RISK_A_C_D_E,2020,0.5429102176244661,0.3415495796108424
NN_v1,2,EQUAL_WEIGHT,RISK_A_C_D_E,2021,0.15391972849939764,0.09683225118291669
NN_v1,2,EQUAL_WEIGHT,RISK_A_C_D_E,2022,-0.20954282604376603,-0.1318252297016466
NN_v1,2,EQUAL_WEIGHT,RISK_A_C_D_E,2023,0.249148580111791,0.15674155695607536
NN_v1,2,EQUAL_WEIGHT,RISK_A_C_D_E,2024,0.2377850207658234,0.14959264210514367
NN_v1,2,EQUAL_WEIGHT,RISK_A_C_D_E,2025,0.10417348365731396,0.06553645224331311
NN_v1,2,EQUAL_WEIGHT,RISK_A_C_D_E,2026,0.12148582055674406,0.0764277952280784
NN_v1,2,PAPER_WEIGHT_NORMALIZED,RISK_NONE,2008,-0.42664102658662184,-0.2531335110400808
NN_v1,2,PAPER_WEIGHT_NORMALIZED,RISK_NONE,2009,0.3332160347229709,0.19770284512746855
NN_v1,2,PAPER_WEIGHT_NORMALIZED,RISK_NONE,2010,0.07625356124670268,0.04524255869651742
NN_v1,2,PAPER_WEIGHT_NORMALIZED,RISK_NONE,2011,0.10386812965207032,0.06162676045093535
NN_v1,2,PAPER_WEIGHT_NORMALIZED,RISK_NONE,2012,0.14920185816120915,0.08852404681335278
NN_v1,2,PAPER_WEIGHT_NORMALIZED,RISK_NONE,2013,0.06682296552015365,0.03964722290202074
NN_v1,2,PAPER_WEIGHT_NORMALIZED,RISK_NONE,2014,0.10652356403568945,0.06320227566624385
NN_v1,2,PAPER_WEIGHT_NORMALIZED,RISK_NONE,2015,-0.009606785562734857,-0.005699872276138214
NN_v1,2,PAPER_WEIGHT_NORMALIZED,RISK_NONE,2016,0.14311826540707157,0.0849145458567443
NN_v1,2,PAPER_WEIGHT_NORMALIZED,RISK_NONE,2017,0.02921404829505824,0.017333200878001227
NN_v1,2,PAPER_WEIGHT_NORMALIZED,RISK_NONE,2018,-0.24252423568103731,-0.14389382985836377
NN_v1,2,PAPER_WEIGHT_NORMALIZED,RISK_NONE,2019,0.2286988114977974,0.13569096621648327
NN_v1,2,PAPER_WEIGHT_NORMALIZED,RISK_NONE,2020,0.20190790966541966,0.11979546010677489
NN_v1,2,PAPER_WEIGHT_NORMALIZED,RISK_NONE,2021,0.1877278051554058,0.1113821584835042
NN_v1,2,PAPER_WEIGHT_NORMALIZED,RISK_NONE,2022,0.009735157000761033,0.005776037273876032
NN_v1,2,PAPER_WEIGHT_NORMALIZED,RISK_NONE,2023,0.11474756314151252,0.06808171678587283
NN_v1,2,PAPER_WEIGHT_NORMALIZED,RISK_NONE,2024,0.274527205922823,0.16288174643504033
NN_v1,2,PAPER_WEIGHT_NORMALIZED,RISK_NONE,2025,0.14513794065558291,0.086112854165035
NN_v1,2,PAPER_WEIGHT_NORMALIZED,RISK_NONE,2026,0.19350997046593404,0.11481281731671186
NN_v1,2,PAPER_WEIGHT_NORMALIZED,RISK_FULL_A_B_C_D_E,2008,-0.2745924527139015,-0.24514373395423195
NN_v1,2,PAPER_WEIGHT_NORMALIZED,RISK_FULL_A_B_C_D_E,2009,0.5579838457221182,0.49814276421129483
NN_v1,2,PAPER_WEIGHT_NORMALIZED,RISK_FULL_A_B_C_D_E,2010,0.007413760977788426,0.006618670800223428
NN_v1,2,PAPER_WEIGHT_NORMALIZED,RISK_FULL_A_B_C_D_E,2011,0.2087805260150959,0.1863898195978282
NN_v1,2,PAPER_WEIGHT_NORMALIZED,RISK_FULL_A_B_C_D_E,2012,0.013748794589798954,0.012274302552025048
NN_v1,2,PAPER_WEIGHT_NORMALIZED,RISK_FULL_A_B_C_D_E,2013,0.18515203652536308,0.16529537186642418
NN_v1,2,PAPER_WEIGHT_NORMALIZED,RISK_FULL_A_B_C_D_E,2014,-0.06556434043784697,-0.058532880530137575
NN_v1,2,PAPER_WEIGHT_NORMALIZED,RISK_FULL_A_B_C_D_E,2015,-0.143581512313642,-0.12818308627016314
NN_v1,2,PAPER_WEIGHT_NORMALIZED,RISK_FULL_A_B_C_D_E,2016,0.0021473670123384747,0.001917072236953535
NN_v1,2,PAPER_WEIGHT_NORMALIZED,RISK_FULL_A_B_C_D_E,2017,0.09533508527174196,0.08511085628675315
NN_v1,2,PAPER_WEIGHT_NORMALIZED,RISK_FULL_A_B_C_D_E,2018,-0.08870227020451706,-0.07918937870739108
NN_v1,2,PAPER_WEIGHT_NORMALIZED,RISK_FULL_A_B_C_D_E,2019,0.07231791665574865,0.06456216820806909
NN_v1,2,PAPER_WEIGHT_NORMALIZED,RISK_FULL_A_B_C_D_E,2020,0.12218991678796273,0.10908563639280834
NN_v1,2,PAPER_WEIGHT_NORMALIZED,RISK_FULL_A_B_C_D_E,2021,-0.02179567584730027,-0.019458194529586057
NN_v1,2,PAPER_WEIGHT_NORMALIZED,RISK_FULL_A_B_C_D_E,2022,-0.00977170936653315,-0.00872374057463017
NN_v1,2,PAPER_WEIGHT_NORMALIZED,RISK_FULL_A_B_C_D_E,2023,0.013294711955226876,0.01186891809421275
NN_v1,2,PAPER_WEIGHT_NORMALIZED,RISK_FULL_A_B_C_D_E,2024,0.23080473390160278,0.2060520372054908
NN_v1,2,PAPER_WEIGHT_NORMALIZED,RISK_FULL_A_B_C_D_E,2025,0.06370292334344808,0.05687109145888945
NN_v1,2,PAPER_WEIGHT_NORMALIZED,RISK_FULL_A_B_C_D_E,2026,0.1512647185871611,0.1350423056551674
NN_v1,2,PAPER_WEIGHT_NORMALIZED,RISK_A_C_D_E,2008,-0.37373818749865595,-0.23351243334300406
NN_v1,2,PAPER_WEIGHT_NORMALIZED,RISK_A_C_D_E,2009,0.1503719421373818,0.09395271687386698
NN_v1,2,PAPER_WEIGHT_NORMALIZED,RISK_A_C_D_E,2010,0.02456619330920698,0.015349011071094192
NN_v1,2,PAPER_WEIGHT_NORMALIZED,RISK_A_C_D_E,2011,0.045564297754514774,0.02846867245071173
NN_v1,2,PAPER_WEIGHT_NORMALIZED,RISK_A_C_D_E,2012,0.09654422661067623,0.060321043005963866
NN_v1,2,PAPER_WEIGHT_NORMALIZED,RISK_A_C_D_E,2013,0.14522417900357917,0.09073638325890293
NN_v1,2,PAPER_WEIGHT_NORMALIZED,RISK_A_C_D_E,2014,0.028753868901851685,0.01796547989980624
NN_v1,2,PAPER_WEIGHT_NORMALIZED,RISK_A_C_D_E,2015,0.04845404574193364,0.030274193285514447
NN_v1,2,PAPER_WEIGHT_NORMALIZED,RISK_A_C_D_E,2016,-0.0018803108261809566,-0.0011748222984687337
NN_v1,2,PAPER_WEIGHT_NORMALIZED,RISK_A_C_D_E,2017,0.07069089260037931,0.04416782362215233
NN_v1,2,PAPER_WEIGHT_NORMALIZED,RISK_A_C_D_E,2018,-0.07884544504389507,-0.04926280574493943
NN_v1,2,PAPER_WEIGHT_NORMALIZED,RISK_A_C_D_E,2019,0.24972196670850472,0.1560268285549849
NN_v1,2,PAPER_WEIGHT_NORMALIZED,RISK_A_C_D_E,2020,0.4692465993896654,0.29318629705669197
NN_v1,2,PAPER_WEIGHT_NORMALIZED,RISK_A_C_D_E,2021,0.14803951515985356,0.09249541141957901
NN_v1,2,PAPER_WEIGHT_NORMALIZED,RISK_A_C_D_E,2022,-0.1636247923804171,-0.10223312656305006
NN_v1,2,PAPER_WEIGHT_NORMALIZED,RISK_A_C_D_E,2023,0.3026998733762484,0.18912753999739768
NN_v1,2,PAPER_WEIGHT_NORMALIZED,RISK_A_C_D_E,2024,0.2513578393025372,0.15704892531375678
NN_v1,2,PAPER_WEIGHT_NORMALIZED,RISK_A_C_D_E,2025,0.06012958574722548,0.03756909610365126
NN_v1,2,PAPER_WEIGHT_NORMALIZED,RISK_A_C_D_E,2026,0.12723029609248948,0.07949376603538798
NN_v1,3,EQUAL_WEIGHT,RISK_NONE,2008,-0.4991659278370431,-0.3474242195792019
NN_v1,3,EQUAL_WEIGHT,RISK_NONE,2009,0.33088382189048754,0.23029827794900087
NN_v1,3,EQUAL_WEIGHT,RISK_NONE,2010,0.0052826311985019435,0.0036767614116150877
NN_v1,3,EQUAL_WEIGHT,RISK_NONE,2011,0.06882253162504255,0.04790113468461968
NN_v1,3,EQUAL_WEIGHT,RISK_NONE,2012,0.15723426347737682,0.1094365385002233
NN_v1,3,EQUAL_WEIGHT,RISK_NONE,2013,0.08478131100373425,0.059008596476139756
NN_v1,3,EQUAL_WEIGHT,RISK_NONE,2014,0.0812955376641178,0.05658246517468284
NN_v1,3,EQUAL_WEIGHT,RISK_NONE,2015,-0.012912540860817761,-0.008987250894293211
NN_v1,3,EQUAL_WEIGHT,RISK_NONE,2016,0.07008999053273471,0.04878329810422994
NN_v1,3,EQUAL_WEIGHT,RISK_NONE,2017,0.07337919899760888,0.0510726183887572
NN_v1,3,EQUAL_WEIGHT,RISK_NONE,2018,-0.22185378593929525,-0.15441233894836973
NN_v1,3,EQUAL_WEIGHT,RISK_NONE,2019,0.21317515955406466,0.14837193268111237
NN_v1,3,EQUAL_WEIGHT,RISK_NONE,2020,0.19687704209593246,0.13702828836821312
NN_v1,3,EQUAL_WEIGHT,RISK_NONE,2021,0.2269796110688879,0.15797996184896473
NN_v1,3,EQUAL_WEIGHT,RISK_NONE,2022,0.00419571263909484,0.0029202557865527917
NN_v1,3,EQUAL_WEIGHT,RISK_NONE,2023,0.12874937206974024,0.08961078394606391
NN_v1,3,EQUAL_WEIGHT,RISK_NONE,2024,0.19553935727099425,0.13609724704421713
NN_v1,3,EQUAL_WEIGHT,RISK_NONE,2025,0.18807761790310537,0.1309038056812912
NN_v1,3,EQUAL_WEIGHT,RISK_NONE,2026,0.1453311280729178,0.1011518433761807
NN_v1,3,EQUAL_WEIGHT,RISK_FULL_A_B_C_D_E,2008,-0.0792556079590759,-0.06827942182161312
NN_v1,3,EQUAL_WEIGHT,RISK_FULL_A_B_C_D_E,2009,0.5609980187769374,0.4833048581866733
NN_v1,3,EQUAL_WEIGHT,RISK_FULL_A_B_C_D_E,2010,0.010923021388992234,0.009410281545888974
NN_v1,3,EQUAL_WEIGHT,RISK_FULL_A_B_C_D_E,2011,0.2198507790624708,0.18940343110064692
NN_v1,3,EQUAL_WEIGHT,RISK_FULL_A_B_C_D_E,2012,0.08983204313037797,0.07739111621178382
NN_v1,3,EQUAL_WEIGHT,RISK_FULL_A_B_C_D_E,2013,0.17103021506789295,0.14734407443939865
NN_v1,3,EQUAL_WEIGHT,RISK_FULL_A_B_C_D_E,2014,-0.008042907305730606,-0.006929037259845115
NN_v1,3,EQUAL_WEIGHT,RISK_FULL_A_B_C_D_E,2015,-0.11686351058331158,-0.10067896947800435
NN_v1,3,EQUAL_WEIGHT,RISK_FULL_A_B_C_D_E,2016,0.05475699582945042,0.047173646284486205
NN_v1,3,EQUAL_WEIGHT,RISK_FULL_A_B_C_D_E,2017,0.03586825465764496,0.030900825226638454
NN_v1,3,EQUAL_WEIGHT,RISK_FULL_A_B_C_D_E,2018,-0.12784288970273275,-0.11013780371748762
NN_v1,3,EQUAL_WEIGHT,RISK_FULL_A_B_C_D_E,2019,0.030065827984063744,0.025901982259728094
NN_v1,3,EQUAL_WEIGHT,RISK_FULL_A_B_C_D_E,2020,0.018855810804150067,0.01624445124879847
NN_v1,3,EQUAL_WEIGHT,RISK_FULL_A_B_C_D_E,2021,0.012688127296338786,0.010930936221451715
NN_v1,3,EQUAL_WEIGHT,RISK_FULL_A_B_C_D_E,2022,-0.13337502117620484,-0.1149037849291246
NN_v1,3,EQUAL_WEIGHT,RISK_FULL_A_B_C_D_E,2023,-0.0024109801457855317,-0.002077081163299224
NN_v1,3,EQUAL_WEIGHT,RISK_FULL_A_B_C_D_E,2024,0.12352667964774229,0.10641934978590518
NN_v1,3,EQUAL_WEIGHT,RISK_FULL_A_B_C_D_E,2025,0.16042501243147397,0.13820759661830065
NN_v1,3,EQUAL_WEIGHT,RISK_FULL_A_B_C_D_E,2026,0.1397240716552496,0.12037354923967356
NN_v1,3,EQUAL_WEIGHT,RISK_A_C_D_E,2008,-0.38595122061796144,-0.29284489259758484
NN_v1,3,EQUAL_WEIGHT,RISK_A_C_D_E,2009,0.3307917136895413,0.25099198730990246
NN_v1,3,EQUAL_WEIGHT,RISK_A_C_D_E,2010,-0.027713474525298556,-0.02102791502478608
NN_v1,3,EQUAL_WEIGHT,RISK_A_C_D_E,2011,0.06089844037961846,0.04620738652873129
NN_v1,3,EQUAL_WEIGHT,RISK_A_C_D_E,2012,0.08441471873746696,0.0640506310687346
NN_v1,3,EQUAL_WEIGHT,RISK_A_C_D_E,2013,0.07883958310863207,0.05982043329444327
NN_v1,3,EQUAL_WEIGHT,RISK_A_C_D_E,2014,0.06411176551975989,0.048645533644937206
NN_v1,3,EQUAL_WEIGHT,RISK_A_C_D_E,2015,0.00040197670265374515,0.0003050044099533778
NN_v1,3,EQUAL_WEIGHT,RISK_A_C_D_E,2016,0.11705058417241083,0.08881346636388639
NN_v1,3,EQUAL_WEIGHT,RISK_A_C_D_E,2017,0.05249413630065234,0.03983052491025623
NN_v1,3,EQUAL_WEIGHT,RISK_A_C_D_E,2018,-0.07182028202000895,-0.05449445849867322
NN_v1,3,EQUAL_WEIGHT,RISK_A_C_D_E,2019,0.17989322860525234,0.13649603990262968
NN_v1,3,EQUAL_WEIGHT,RISK_A_C_D_E,2020,0.28460135298769074,0.21594452406540451
NN_v1,3,EQUAL_WEIGHT,RISK_A_C_D_E,2021,0.20573487310460728,0.1561036825364366
NN_v1,3,EQUAL_WEIGHT,RISK_A_C_D_E,2022,-0.08149087589832267,-0.061832131951591034
NN_v1,3,EQUAL_WEIGHT,RISK_A_C_D_E,2023,0.08557709531867427,0.0649325975631962
NN_v1,3,EQUAL_WEIGHT,RISK_A_C_D_E,2024,0.1803731695555858,0.13686020057513265
NN_v1,3,EQUAL_WEIGHT,RISK_A_C_D_E,2025,0.060656159133728973,0.04602355286882651
NN_v1,3,EQUAL_WEIGHT,RISK_A_C_D_E,2026,0.0990744020125074,0.07517383303016413
NN_v1,3,PAPER_WEIGHT_NORMALIZED,RISK_NONE,2008,-0.5216997157841791,-0.37583795674760057
NN_v1,3,PAPER_WEIGHT_NORMALIZED,RISK_NONE,2009,0.28812726708433695,0.20756991055951682
NN_v1,3,PAPER_WEIGHT_NORMALIZED,RISK_NONE,2010,0.005797506034867787,0.004176584261889817
NN_v1,3,PAPER_WEIGHT_NORMALIZED,RISK_NONE,2011,0.0691199496169527,0.04979473794706713
NN_v1,3,PAPER_WEIGHT_NORMALIZED,RISK_NONE,2012,0.1546112742091746,0.1113835864402849
NN_v1,3,PAPER_WEIGHT_NORMALIZED,RISK_NONE,2013,0.08817454993325723,0.06352187222153678
NN_v1,3,PAPER_WEIGHT_NORMALIZED,RISK_NONE,2014,0.08623275588184698,0.06212298338447906
NN_v1,3,PAPER_WEIGHT_NORMALIZED,RISK_NONE,2015,-0.01122282998374641,-0.008085044638517457
NN_v1,3,PAPER_WEIGHT_NORMALIZED,RISK_NONE,2016,0.06866152236901647,0.04946448214096075
NN_v1,3,PAPER_WEIGHT_NORMALIZED,RISK_NONE,2017,0.07489335450171075,0.05395395948718722
NN_v1,3,PAPER_WEIGHT_NORMALIZED,RISK_NONE,2018,-0.22095254207594062,-0.1591765328589203
NN_v1,3,PAPER_WEIGHT_NORMALIZED,RISK_NONE,2019,0.2156699288214093,0.15537088276596114
NN_v1,3,PAPER_WEIGHT_NORMALIZED,RISK_NONE,2020,0.2035233427480702,0.14662035453459982
NN_v1,3,PAPER_WEIGHT_NORMALIZED,RISK_NONE,2021,0.22634268578036418,0.16305964901780384
NN_v1,3,PAPER_WEIGHT_NORMALIZED,RISK_NONE,2022,0.0007918518690594682,0.0005704584064546356
NN_v1,3,PAPER_WEIGHT_NORMALIZED,RISK_NONE,2023,0.13006631787538958,0.09370114200367517
NN_v1,3,PAPER_WEIGHT_NORMALIZED,RISK_NONE,2024,0.19766024402684212,0.14239651661227398
NN_v1,3,PAPER_WEIGHT_NORMALIZED,RISK_NONE,2025,0.18704830355816274,0.13475156319902432
NN_v1,3,PAPER_WEIGHT_NORMALIZED,RISK_NONE,2026,0.14525170058762868,0.1046408512623233
NN_v1,3,PAPER_WEIGHT_NORMALIZED,RISK_FULL_A_B_C_D_E,2008,-0.09950501158138964,-0.08674212693568957
NN_v1,3,PAPER_WEIGHT_NORMALIZED,RISK_FULL_A_B_C_D_E,2009,0.5215041214997129,0.4546140539626238
NN_v1,3,PAPER_WEIGHT_NORMALIZED,RISK_FULL_A_B_C_D_E,2010,0.01524820848110536,0.013292416277224734
NN_v1,3,PAPER_WEIGHT_NORMALIZED,RISK_FULL_A_B_C_D_E,2011,0.2391410220372991,0.20846790085665995
NN_v1,3,PAPER_WEIGHT_NORMALIZED,RISK_FULL_A_B_C_D_E,2012,0.08967074140722492,0.0781692370057234
NN_v1,3,PAPER_WEIGHT_NORMALIZED,RISK_FULL_A_B_C_D_E,2013,0.16931870917037112,0.1476012587710743
NN_v1,3,PAPER_WEIGHT_NORMALIZED,RISK_FULL_A_B_C_D_E,2014,-0.005488001825238667,-0.0047840902019168465
NN_v1,3,PAPER_WEIGHT_NORMALIZED,RISK_FULL_A_B_C_D_E,2015,-0.11288578986869532,-0.09840663659454649
NN_v1,3,PAPER_WEIGHT_NORMALIZED,RISK_FULL_A_B_C_D_E,2016,0.03734986234703667,0.03255922942220054
NN_v1,3,PAPER_WEIGHT_NORMALIZED,RISK_FULL_A_B_C_D_E,2017,0.037453175739596965,0.032649291452938475
NN_v1,3,PAPER_WEIGHT_NORMALIZED,RISK_FULL_A_B_C_D_E,2018,-0.12790744179404362,-0.11150155530652027
NN_v1,3,PAPER_WEIGHT_NORMALIZED,RISK_FULL_A_B_C_D_E,2019,0.03196652510577365,0.02786637913357651
NN_v1,3,PAPER_WEIGHT_NORMALIZED,RISK_FULL_A_B_C_D_E,2020,0.021171822668189306,0.018456245571529223
NN_v1,3,PAPER_WEIGHT_NORMALIZED,RISK_FULL_A_B_C_D_E,2021,0.05060216656818067,0.04411174357874222
NN_v1,3,PAPER_WEIGHT_NORMALIZED,RISK_FULL_A_B_C_D_E,2022,-0.13538896507916648,-0.11802347045588567
NN_v1,3,PAPER_WEIGHT_NORMALIZED,RISK_FULL_A_B_C_D_E,2023,0.0008156576788701155,0.0007110383767831666
NN_v1,3,PAPER_WEIGHT_NORMALIZED,RISK_FULL_A_B_C_D_E,2024,0.12632751041354284,0.11012427182924556
NN_v1,3,PAPER_WEIGHT_NORMALIZED,RISK_FULL_A_B_C_D_E,2025,0.1487935595422799,0.12970874153883777
NN_v1,3,PAPER_WEIGHT_NORMALIZED,RISK_FULL_A_B_C_D_E,2026,0.13894807050308855,0.12112607171739931
NN_v1,3,PAPER_WEIGHT_NORMALIZED,RISK_A_C_D_E,2008,-0.39328880341777556,-0.3019110971498428
NN_v1,3,PAPER_WEIGHT_NORMALIZED,RISK_A_C_D_E,2009,0.3114162534475266,0.2390610206331311
NN_v1,3,PAPER_WEIGHT_NORMALIZED,RISK_A_C_D_E,2010,-0.026318990917925028,-0.020203970605964006
NN_v1,3,PAPER_WEIGHT_NORMALIZED,RISK_A_C_D_E,2011,0.0634778216028436,0.04872922544006071
NN_v1,3,PAPER_WEIGHT_NORMALIZED,RISK_A_C_D_E,2012,0.083414193055846,0.0640335303840512
NN_v1,3,PAPER_WEIGHT_NORMALIZED,RISK_A_C_D_E,2013,0.0822229689772023,0.06311907829335031
NN_v1,3,PAPER_WEIGHT_NORMALIZED,RISK_A_C_D_E,2014,0.06480766440064331,0.049750089229295094
NN_v1,3,PAPER_WEIGHT_NORMALIZED,RISK_A_C_D_E,2015,0.0013688931144825297,0.001050841057469084
NN_v1,3,PAPER_WEIGHT_NORMALIZED,RISK_A_C_D_E,2016,0.11691865026271114,0.0897534780327755
NN_v1,3,PAPER_WEIGHT_NORMALIZED,RISK_A_C_D_E,2017,0.05523925002369362,0.04240482422956781
NN_v1,3,PAPER_WEIGHT_NORMALIZED,RISK_A_C_D_E,2018,-0.07251659726676707,-0.05566790931275571
NN_v1,3,PAPER_WEIGHT_NORMALIZED,RISK_A_C_D_E,2019,0.1820336957405967,0.13973953064945116
NN_v1,3,PAPER_WEIGHT_NORMALIZED,RISK_A_C_D_E,2020,0.2868846799506968,0.220229174404922
NN_v1,3,PAPER_WEIGHT_NORMALIZED,RISK_A_C_D_E,2021,0.20710581851450507,0.15898633358094827
NN_v1,3,PAPER_WEIGHT_NORMALIZED,RISK_A_C_D_E,2022,-0.08307367213739045,-0.0637721269492217
NN_v1,3,PAPER_WEIGHT_NORMALIZED,RISK_A_C_D_E,2023,0.08533393699896236,0.06550723620805693
NN_v1,3,PAPER_WEIGHT_NORMALIZED,RISK_A_C_D_E,2024,0.18004424340204986,0.13821231265331624
NN_v1,3,PAPER_WEIGHT_NORMALIZED,RISK_A_C_D_E,2025,0.05782971099523379,0.044393411006625784
NN_v1,3,PAPER_WEIGHT_NORMALIZED,RISK_A_C_D_E,2026,0.09976456797301363,0.07658501821476282
NN_v2,2,EQUAL_WEIGHT,RISK_NONE,2008,-0.38820319064183895,-0.18148876772830444
NN_v2,2,EQUAL_WEIGHT,RISK_NONE,2009,0.460376698326227,0.2152305846119114
NN_v2,2,EQUAL_WEIGHT,RISK_NONE,2010,0.03743170739298525,0.017499687309337604
NN_v2,2,EQUAL_WEIGHT,RISK_NONE,2011,0.13823918927620554,0.0646281656573134
NN_v2,2,EQUAL_WEIGHT,RISK_NONE,2012,0.1615996574200506,0.07554941174489209
NN_v2,2,EQUAL_WEIGHT,RISK_NONE,2013,0.056193669625500306,0.02627108715310066
NN_v2,2,EQUAL_WEIGHT,RISK_NONE,2014,0.06810040701122402,0.03183760269931944
NN_v2,2,EQUAL_WEIGHT,RISK_NONE,2015,0.01214131514298385,0.005676182929506442
NN_v2,2,EQUAL_WEIGHT,RISK_NONE,2016,0.04808946629126922,0.02248229326370109
NN_v2,2,EQUAL_WEIGHT,RISK_NONE,2017,0.14557074348193008,0.06805573856347695
NN_v2,2,EQUAL_WEIGHT,RISK_NONE,2018,-0.07509097705814807,-0.03510576219444623
NN_v2,2,EQUAL_WEIGHT,RISK_NONE,2019,0.23854493015207304,0.1115220752038513
NN_v2,2,EQUAL_WEIGHT,RISK_NONE,2020,0.22958027629447855,0.10733101232506448
NN_v2,2,EQUAL_WEIGHT,RISK_NONE,2021,0.22990144142359956,0.1074811601469438
NN_v2,2,EQUAL_WEIGHT,RISK_NONE,2022,-0.027887898481715787,-0.013037863809440725
NN_v2,2,EQUAL_WEIGHT,RISK_NONE,2023,0.1689862991930457,0.07900273862459861
NN_v2,2,EQUAL_WEIGHT,RISK_NONE,2024,0.28105163163062485,0.13139437161332299
NN_v2,2,EQUAL_WEIGHT,RISK_NONE,2025,0.19885002891841128,0.09296432275961472
NN_v2,2,EQUAL_WEIGHT,RISK_NONE,2026,0.15551753237827637,0.0727059591262363
NN_v2,2,EQUAL_WEIGHT,RISK_FULL_A_B_C_D_E,2008,-0.15298796509870055,-0.10770399183111867
NN_v2,2,EQUAL_WEIGHT,RISK_FULL_A_B_C_D_E,2009,0.5383325036150483,0.3789877166767629
NN_v2,2,EQUAL_WEIGHT,RISK_FULL_A_B_C_D_E,2010,0.10180634872241326,0.07167197853818601
NN_v2,2,EQUAL_WEIGHT,RISK_FULL_A_B_C_D_E,2011,0.27781762358293594,0.19558445032988733
NN_v2,2,EQUAL_WEIGHT,RISK_FULL_A_B_C_D_E,2012,0.07771058394945746,0.054708486994281345
NN_v2,2,EQUAL_WEIGHT,RISK_FULL_A_B_C_D_E,2013,0.21702846786632443,0.15278870017726218
NN_v2,2,EQUAL_WEIGHT,RISK_FULL_A_B_C_D_E,2014,0.009819237691101398,0.006912773141259203
NN_v2,2,EQUAL_WEIGHT,RISK_FULL_A_B_C_D_E,2015,-0.07989463898231722,-0.05624606836720883
NN_v2,2,EQUAL_WEIGHT,RISK_FULL_A_B_C_D_E,2016,0.07699334089315073,0.05420354570541886
NN_v2,2,EQUAL_WEIGHT,RISK_FULL_A_B_C_D_E,2017,-0.008448372288125235,-0.005947679736242327
NN_v2,2,EQUAL_WEIGHT,RISK_FULL_A_B_C_D_E,2018,0.0012902925810496235,0.0009083698937982806
NN_v2,2,EQUAL_WEIGHT,RISK_FULL_A_B_C_D_E,2019,0.1602676848246743,0.11282893661611058
NN_v2,2,EQUAL_WEIGHT,RISK_FULL_A_B_C_D_E,2020,-0.14122446133342006,-0.09942244947173301
NN_v2,2,EQUAL_WEIGHT,RISK_FULL_A_B_C_D_E,2021,0.012344379233435537,0.008690480452239606
NN_v2,2,EQUAL_WEIGHT,RISK_FULL_A_B_C_D_E,2022,-0.17140664229490388,-0.1206707964879429
NN_v2,2,EQUAL_WEIGHT,RISK_FULL_A_B_C_D_E,2023,0.1787431548679118,0.12583572360964404
NN_v2,2,EQUAL_WEIGHT,RISK_FULL_A_B_C_D_E,2024,0.21482204595648638,0.15123537245504634
NN_v2,2,EQUAL_WEIGHT,RISK_FULL_A_B_C_D_E,2025,0.10343574894810491,0.07281908124318831
NN_v2,2,EQUAL_WEIGHT,RISK_FULL_A_B_C_D_E,2026,0.003999087957038502,0.0028153700611608327
NN_v2,2,EQUAL_WEIGHT,RISK_A_C_D_E,2008,-0.26548555724987843,-0.12905030617217214
NN_v2,2,EQUAL_WEIGHT,RISK_A_C_D_E,2009,0.3933918639763025,0.1912244907695693
NN_v2,2,EQUAL_WEIGHT,RISK_A_C_D_E,2010,0.13396610244306592,0.06511980054982126
NN_v2,2,EQUAL_WEIGHT,RISK_A_C_D_E,2011,0.15174647362982557,0.07376269008880484
NN_v2,2,EQUAL_WEIGHT,RISK_A_C_D_E,2012,0.03742870581537474,0.018193780464509552
NN_v2,2,EQUAL_WEIGHT,RISK_A_C_D_E,2013,0.055849606231578544,0.02714802589805953
NN_v2,2,EQUAL_WEIGHT,RISK_A_C_D_E,2014,0.07835855813299095,0.03808943892474988
NN_v2,2,EQUAL_WEIGHT,RISK_A_C_D_E,2015,0.06758907399813244,0.032854482871710285
NN_v2,2,EQUAL_WEIGHT,RISK_A_C_D_E,2016,0.06329313690127326,0.030766263823604898
NN_v2,2,EQUAL_WEIGHT,RISK_A_C_D_E,2017,0.10412546677827567,0.05061451744212714
NN_v2,2,EQUAL_WEIGHT,RISK_A_C_D_E,2018,0.003590314445908807,0.0017452217864447177
NN_v2,2,EQUAL_WEIGHT,RISK_A_C_D_E,2019,0.19635100811777872,0.09544458077982924
NN_v2,2,EQUAL_WEIGHT,RISK_A_C_D_E,2020,0.24940273514306552,0.12123258102547686
NN_v2,2,EQUAL_WEIGHT,RISK_A_C_D_E,2021,0.20041026599919215,0.09741775204328579
NN_v2,2,EQUAL_WEIGHT,RISK_A_C_D_E,2022,-0.09434042539973814,-0.04585809076909681
NN_v2,2,EQUAL_WEIGHT,RISK_A_C_D_E,2023,0.13270054929913452,0.06450462576444571
NN_v2,2,EQUAL_WEIGHT,RISK_A_C_D_E,2024,0.24310015337569255,0.11816894880691103
NN_v2,2,EQUAL_WEIGHT,RISK_A_C_D_E,2025,0.15000959778891115,0.07291840928733703
NN_v2,2,EQUAL_WEIGHT,RISK_A_C_D_E,2026,0.1557376893234733,0.07570278661458167
NN_v2,2,PAPER_WEIGHT_NORMALIZED,RISK_NONE,2008,-0.36041078076322336,-0.1659609221064554
NN_v2,2,PAPER_WEIGHT_NORMALIZED,RISK_NONE,2009,0.4477863563189842,0.20619537640914987
NN_v2,2,PAPER_WEIGHT_NORMALIZED,RISK_NONE,2010,0.04188884284172581,0.019288854149322354
NN_v2,2,PAPER_WEIGHT_NORMALIZED,RISK_NONE,2011,0.1404425190801995,0.06467056817819178
NN_v2,2,PAPER_WEIGHT_NORMALIZED,RISK_NONE,2012,0.16003892169544764,0.07369426342146071
NN_v2,2,PAPER_WEIGHT_NORMALIZED,RISK_NONE,2013,0.0626371204110463,0.028842961466071303
NN_v2,2,PAPER_WEIGHT_NORMALIZED,RISK_NONE,2014,0.0689026578390945,0.03172809816162015
NN_v2,2,PAPER_WEIGHT_NORMALIZED,RISK_NONE,2015,0.014118441644960672,0.00650121949499394
NN_v2,2,PAPER_WEIGHT_NORMALIZED,RISK_NONE,2016,0.04555256756582869,0.02097591559700915
NN_v2,2,PAPER_WEIGHT_NORMALIZED,RISK_NONE,2017,0.14817813479647143,0.06823264230542798
NN_v2,2,PAPER_WEIGHT_NORMALIZED,RISK_NONE,2018,-0.07349907051193268,-0.03384464107953906
NN_v2,2,PAPER_WEIGHT_NORMALIZED,RISK_NONE,2019,0.2385647806902328,0.10985362563692598
NN_v2,2,PAPER_WEIGHT_NORMALIZED,RISK_NONE,2020,0.23828414073460788,0.10972439735547226
NN_v2,2,PAPER_WEIGHT_NORMALIZED,RISK_NONE,2021,0.22577739644826483,0.10396532763531662
NN_v2,2,PAPER_WEIGHT_NORMALIZED,RISK_NONE,2022,-0.031773350559709965,-0.014630901290284607
NN_v2,2,PAPER_WEIGHT_NORMALIZED,RISK_NONE,2023,0.1706338423879325,0.07857298209920392
NN_v2,2,PAPER_WEIGHT_NORMALIZED,RISK_NONE,2024,0.2842528531232791,0.13089193812635253
NN_v2,2,PAPER_WEIGHT_NORMALIZED,RISK_NONE,2025,0.1943766807740005,0.08950601618778485
NN_v2,2,PAPER_WEIGHT_NORMALIZED,RISK_NONE,2026,0.1559084556120252,0.07179227825197552
NN_v2,2,PAPER_WEIGHT_NORMALIZED,RISK_FULL_A_B_C_D_E,2008,-0.15384787139227035,-0.11870386311024325
NN_v2,2,PAPER_WEIGHT_NORMALIZED,RISK_FULL_A_B_C_D_E,2009,0.5673588210912089,0.4377550577965523
NN_v2,2,PAPER_WEIGHT_NORMALIZED,RISK_FULL_A_B_C_D_E,2010,0.03610124272614102,0.027854509366249277
NN_v2,2,PAPER_WEIGHT_NORMALIZED,RISK_FULL_A_B_C_D_E,2011,0.2784095278682777,0.21481146398444034
NN_v2,2,PAPER_WEIGHT_NORMALIZED,RISK_FULL_A_B_C_D_E,2012,0.07734694913543491,0.059678314552416394
NN_v2,2,PAPER_WEIGHT_NORMALIZED,RISK_FULL_A_B_C_D_E,2013,0.2217135903552736,0.17106677811686144
NN_v2,2,PAPER_WEIGHT_NORMALIZED,RISK_FULL_A_B_C_D_E,2014,-0.07357318084533145,-0.056766601374558766
NN_v2,2,PAPER_WEIGHT_NORMALIZED,RISK_FULL_A_B_C_D_E,2015,-0.0780696634453472,-0.06023593670042066
NN_v2,2,PAPER_WEIGHT_NORMALIZED,RISK_FULL_A_B_C_D_E,2016,0.07517362289956181,0.05800144884304823
NN_v2,2,PAPER_WEIGHT_NORMALIZED,RISK_FULL_A_B_C_D_E,2017,0.0017992881559209754,0.0013882704584956404
NN_v2,2,PAPER_WEIGHT_NORMALIZED,RISK_FULL_A_B_C_D_E,2018,0.005158161122455138,0.003979864305170076
NN_v2,2,PAPER_WEIGHT_NORMALIZED,RISK_FULL_A_B_C_D_E,2019,0.15994335013128186,0.12340693028484294
NN_v2,2,PAPER_WEIGHT_NORMALIZED,RISK_FULL_A_B_C_D_E,2020,-0.13848565596079496,-0.10685089237268684
NN_v2,2,PAPER_WEIGHT_NORMALIZED,RISK_FULL_A_B_C_D_E,2021,0.011322503747642564,0.008736064547155677
NN_v2,2,PAPER_WEIGHT_NORMALIZED,RISK_FULL_A_B_C_D_E,2022,-0.19373770876810287,-0.149481525176672
NN_v2,2,PAPER_WEIGHT_NORMALIZED,RISK_FULL_A_B_C_D_E,2023,0.17691148448749439,0.136498974260677
NN_v2,2,PAPER_WEIGHT_NORMALIZED,RISK_FULL_A_B_C_D_E,2024,0.2153323517303734,0.16614322818829214
NN_v2,2,PAPER_WEIGHT_NORMALIZED,RISK_FULL_A_B_C_D_E,2025,0.10269157696639927,0.07923338025076448
NN_v2,2,PAPER_WEIGHT_NORMALIZED,RISK_FULL_A_B_C_D_E,2026,0.0045161807774565105,0.0034845337796155155
NN_v2,2,PAPER_WEIGHT_NORMALIZED,RISK_A_C_D_E,2008,-0.24538794750889292,-0.11948485131798439
NN_v2,2,PAPER_WEIGHT_NORMALIZED,RISK_A_C_D_E,2009,0.3777321435966196,0.18392618494039925
NN_v2,2,PAPER_WEIGHT_NORMALIZED,RISK_A_C_D_E,2010,0.12672805537311624,0.06170670975405315
NN_v2,2,PAPER_WEIGHT_NORMALIZED,RISK_A_C_D_E,2011,0.15101351887274383,0.07353184226320453
NN_v2,2,PAPER_WEIGHT_NORMALIZED,RISK_A_C_D_E,2012,0.03774122069639558,0.018377040067563365
NN_v2,2,PAPER_WEIGHT_NORMALIZED,RISK_A_C_D_E,2013,0.05840714707221215,0.028439739419467633
NN_v2,2,PAPER_WEIGHT_NORMALIZED,RISK_A_C_D_E,2014,0.07982696352429526,0.038869524622927615
NN_v2,2,PAPER_WEIGHT_NORMALIZED,RISK_A_C_D_E,2015,0.06886766738371798,0.033533199496938365
NN_v2,2,PAPER_WEIGHT_NORMALIZED,RISK_A_C_D_E,2016,0.057597592520257285,0.0280455492962114
NN_v2,2,PAPER_WEIGHT_NORMALIZED,RISK_A_C_D_E,2017,0.10655246601555828,0.05188276640592617
NN_v2,2,PAPER_WEIGHT_NORMALIZED,RISK_A_C_D_E,2018,0.005576365145811446,0.002715256258940445
NN_v2,2,PAPER_WEIGHT_NORMALIZED,RISK_A_C_D_E,2019,0.1968545818491119,0.0958528757515799
NN_v2,2,PAPER_WEIGHT_NORMALIZED,RISK_A_C_D_E,2020,0.2537512727314039,0.12355714044579275
NN_v2,2,PAPER_WEIGHT_NORMALIZED,RISK_A_C_D_E,2021,0.19676218121299938,0.0958078838260201
NN_v2,2,PAPER_WEIGHT_NORMALIZED,RISK_A_C_D_E,2022,-0.09969008798069508,-0.048541321858598864
NN_v2,2,PAPER_WEIGHT_NORMALIZED,RISK_A_C_D_E,2023,0.1348161204637442,0.06564496859934073
NN_v2,2,PAPER_WEIGHT_NORMALIZED,RISK_A_C_D_E,2024,0.24508860006465294,0.11933909238715451
NN_v2,2,PAPER_WEIGHT_NORMALIZED,RISK_A_C_D_E,2025,0.14575921086776567,0.07097340279163691
NN_v2,2,PAPER_WEIGHT_NORMALIZED,RISK_A_C_D_E,2026,0.1557188996397361,0.07582299684942641
NN_v2,3,EQUAL_WEIGHT,RISK_NONE,2008,-0.4021807125134049,-0.27210147901474263
NN_v2,3,EQUAL_WEIGHT,RISK_NONE,2009,0.3030215436683468,0.20501383492561046
NN_v2,3,EQUAL_WEIGHT,RISK_NONE,2010,0.030451877561211912,0.020602680997302766
NN_v2,3,EQUAL_WEIGHT,RISK_NONE,2011,0.14024406569158132,0.09488425603315843
NN_v2,3,EQUAL_WEIGHT,RISK_NONE,2012,0.10954506747315522,0.07411438179602363
NN_v2,3,EQUAL_WEIGHT,RISK_NONE,2013,0.07977309654156675,0.0539717019717167
NN_v2,3,EQUAL_WEIGHT,RISK_NONE,2014,0.04333285922192735,0.02931750508505816
NN_v2,3,EQUAL_WEIGHT,RISK_NONE,2015,-0.038386717864420876,-0.025971117909047967
NN_v2,3,EQUAL_WEIGHT,RISK_NONE,2016,0.0739257569062606,0.05001559539185355
NN_v2,3,EQUAL_WEIGHT,RISK_NONE,2017,0.06580858982078089,0.04452380252201223
NN_v2,3,EQUAL_WEIGHT,RISK_NONE,2018,-0.14006596824011225,-0.09476376149315267
NN_v2,3,EQUAL_WEIGHT,RISK_NONE,2019,0.22853199488322423,0.15461679756172364
NN_v2,3,EQUAL_WEIGHT,RISK_NONE,2020,0.1277334303645193,0.08641999539113623
NN_v2,3,EQUAL_WEIGHT,RISK_NONE,2021,0.19780965415356527,0.1338311305935285
NN_v2,3,EQUAL_WEIGHT,RISK_NONE,2022,-0.08474695859696456,-0.05733684400757189
NN_v2,3,EQUAL_WEIGHT,RISK_NONE,2023,0.15756526892371697,0.10660317956960715
NN_v2,3,EQUAL_WEIGHT,RISK_NONE,2024,0.2121219038841904,0.1435143008663984
NN_v2,3,EQUAL_WEIGHT,RISK_NONE,2025,0.18035769792282255,0.12202374412686057
NN_v2,3,EQUAL_WEIGHT,RISK_NONE,2026,0.1932116716591463,0.13072029559252482
NN_v2,3,EQUAL_WEIGHT,RISK_FULL_A_B_C_D_E,2008,-0.04702725707955696,-0.03411879385539255
NN_v2,3,EQUAL_WEIGHT,RISK_FULL_A_B_C_D_E,2009,0.5234584524233648,0.3797748824661803
NN_v2,3,EQUAL_WEIGHT,RISK_FULL_A_B_C_D_E,2010,0.01917658459347344,0.013912823694742713
NN_v2,3,EQUAL_WEIGHT,RISK_FULL_A_B_C_D_E,2011,0.27834536325551856,0.20194263198156448
NN_v2,3,EQUAL_WEIGHT,RISK_FULL_A_B_C_D_E,2012,0.04704151254772193,0.03412913635482453
NN_v2,3,EQUAL_WEIGHT,RISK_FULL_A_B_C_D_E,2013,0.18439909925162692,0.1337835809526997
NN_v2,3,EQUAL_WEIGHT,RISK_FULL_A_B_C_D_E,2014,-0.019542521829517667,-0.014178315196819547
NN_v2,3,EQUAL_WEIGHT,RISK_FULL_A_B_C_D_E,2015,-0.17199318054862797,-0.12478295006116553
NN_v2,3,EQUAL_WEIGHT,RISK_FULL_A_B_C_D_E,2016,0.14996525446066442,0.1088014466537775
NN_v2,3,EQUAL_WEIGHT,RISK_FULL_A_B_C_D_E,2017,-0.013702744522430265,-0.009941492331202577
NN_v2,3,EQUAL_WEIGHT,RISK_FULL_A_B_C_D_E,2018,-0.029272446028715177,-0.021237482552028238
NN_v2,3,EQUAL_WEIGHT,RISK_FULL_A_B_C_D_E,2019,0.13958835864428917,0.10127289425237243
NN_v2,3,EQUAL_WEIGHT,RISK_FULL_A_B_C_D_E,2020,-0.21785233170523266,-0.15805427018193116
NN_v2,3,EQUAL_WEIGHT,RISK_FULL_A_B_C_D_E,2021,0.03113328216098732,0.022587539696297843
NN_v2,3,EQUAL_WEIGHT,RISK_FULL_A_B_C_D_E,2022,-0.027681890552540386,-0.02008351700572033
NN_v2,3,EQUAL_WEIGHT,RISK_FULL_A_B_C_D_E,2023,0.058244490805464594,0.042257020681476555
NN_v2,3,EQUAL_WEIGHT,RISK_FULL_A_B_C_D_E,2024,0.11062923510109698,0.08026273062042778
NN_v2,3,EQUAL_WEIGHT,RISK_FULL_A_B_C_D_E,2025,0.18632041804291372,0.1351775189333799
NN_v2,3,EQUAL_WEIGHT,RISK_FULL_A_B_C_D_E,2026,0.17710911217109365,0.12849461489651626
NN_v2,3,EQUAL_WEIGHT,RISK_A_C_D_E,2008,-0.288269125684479,-0.18585012480261132
NN_v2,3,EQUAL_WEIGHT,RISK_A_C_D_E,2009,0.321235127968526,0.2071036517773982
NN_v2,3,EQUAL_WEIGHT,RISK_A_C_D_E,2010,0.010705764233340298,0.0069021183387200135
NN_v2,3,EQUAL_WEIGHT,RISK_A_C_D_E,2011,0.16032371477976765,0.10336237822863861
NN_v2,3,EQUAL_WEIGHT,RISK_A_C_D_E,2012,0.06348685191316035,0.04093063842119614
NN_v2,3,EQUAL_WEIGHT,RISK_A_C_D_E,2013,0.08030035909516123,0.051770482614447215
NN_v2,3,EQUAL_WEIGHT,RISK_A_C_D_E,2014,0.061403069139722925,0.03958720184058653
NN_v2,3,EQUAL_WEIGHT,RISK_A_C_D_E,2015,-0.004233137139468141,-0.0027291478537934946
NN_v2,3,EQUAL_WEIGHT,RISK_A_C_D_E,2016,0.09250442003899574,0.059638568536325876
NN_v2,3,EQUAL_WEIGHT,RISK_A_C_D_E,2017,0.05285411002277745,0.034075598351853004
NN_v2,3,EQUAL_WEIGHT,RISK_A_C_D_E,2018,-0.031505391604168584,-0.020311855970308424
NN_v2,3,EQUAL_WEIGHT,RISK_A_C_D_E,2019,0.13859239383139182,0.08935196798858458
NN_v2,3,EQUAL_WEIGHT,RISK_A_C_D_E,2020,0.23790330368198712,0.15337875180099955
NN_v2,3,EQUAL_WEIGHT,RISK_A_C_D_E,2021,0.19493342650101866,0.12567562189461898
NN_v2,3,EQUAL_WEIGHT,RISK_A_C_D_E,2022,-0.17341726243725958,-0.11180392555173731
NN_v2,3,EQUAL_WEIGHT,RISK_A_C_D_E,2023,0.14710768895233275,0.09484186794648058
NN_v2,3,EQUAL_WEIGHT,RISK_A_C_D_E,2024,0.15684557550962044,0.10111998540941855
NN_v2,3,EQUAL_WEIGHT,RISK_A_C_D_E,2025,0.14882592058598842,0.0959496298783089
NN_v2,3,EQUAL_WEIGHT,RISK_A_C_D_E,2026,0.18148703298535426,0.11700659115087395
NN_v2,3,PAPER_WEIGHT_NORMALIZED,RISK_NONE,2008,-0.4038261050086408,-0.2746706060346803
NN_v2,3,PAPER_WEIGHT_NORMALIZED,RISK_NONE,2009,0.30166303939551586,0.2051823020387873
NN_v2,3,PAPER_WEIGHT_NORMALIZED,RISK_NONE,2010,0.029341779410984932,0.01995741293837031
NN_v2,3,PAPER_WEIGHT_NORMALIZED,RISK_NONE,2011,0.1426116532832935,0.09700024032396759
NN_v2,3,PAPER_WEIGHT_NORMALIZED,RISK_NONE,2012,0.10782999938929559,0.07334278520786387
NN_v2,3,PAPER_WEIGHT_NORMALIZED,RISK_NONE,2013,0.08033159251926093,0.05463917990275607
NN_v2,3,PAPER_WEIGHT_NORMALIZED,RISK_NONE,2014,0.04526563229271414,0.030788348004685703
NN_v2,3,PAPER_WEIGHT_NORMALIZED,RISK_NONE,2015,-0.037573079791695885,-0.025556100680399752
NN_v2,3,PAPER_WEIGHT_NORMALIZED,RISK_NONE,2016,0.07114357534555354,0.0483897616158792
NN_v2,3,PAPER_WEIGHT_NORMALIZED,RISK_NONE,2017,0.06738571178816911,0.045833773659923915
NN_v2,3,PAPER_WEIGHT_NORMALIZED,RISK_NONE,2018,-0.13930769060546425,-0.09475298235877014
NN_v2,3,PAPER_WEIGHT_NORMALIZED,RISK_NONE,2019,0.22859652779167686,0.15548461589579504
NN_v2,3,PAPER_WEIGHT_NORMALIZED,RISK_NONE,2020,0.13188390203699993,0.0897035403343874
NN_v2,3,PAPER_WEIGHT_NORMALIZED,RISK_NONE,2021,0.19349351149317717,0.13160857955052743
NN_v2,3,PAPER_WEIGHT_NORMALIZED,RISK_NONE,2022,-0.08922499092611551,-0.06068820719401139
NN_v2,3,PAPER_WEIGHT_NORMALIZED,RISK_NONE,2023,0.15750621719299807,0.10713108338973049
NN_v2,3,PAPER_WEIGHT_NORMALIZED,RISK_NONE,2024,0.21230712398792573,0.14440504387401054
NN_v2,3,PAPER_WEIGHT_NORMALIZED,RISK_NONE,2025,0.17760795778294916,0.12080369445105762
NN_v2,3,PAPER_WEIGHT_NORMALIZED,RISK_NONE,2026,0.19318322977902141,0.131397535080119
NN_v2,3,PAPER_WEIGHT_NORMALIZED,RISK_FULL_A_B_C_D_E,2008,-0.050343476188947744,-0.03627561797343326
NN_v2,3,PAPER_WEIGHT_NORMALIZED,RISK_FULL_A_B_C_D_E,2009,0.5216244308197375,0.3758629719371762
NN_v2,3,PAPER_WEIGHT_NORMALIZED,RISK_FULL_A_B_C_D_E,2010,0.018271013340229042,0.013165405929262368
NN_v2,3,PAPER_WEIGHT_NORMALIZED,RISK_FULL_A_B_C_D_E,2011,0.2715487755651131,0.1956678479368928
NN_v2,3,PAPER_WEIGHT_NORMALIZED,RISK_FULL_A_B_C_D_E,2012,0.04761844837179459,0.03431206528408345
NN_v2,3,PAPER_WEIGHT_NORMALIZED,RISK_FULL_A_B_C_D_E,2013,0.18579610707589406,0.13387769600852242
NN_v2,3,PAPER_WEIGHT_NORMALIZED,RISK_FULL_A_B_C_D_E,2014,-0.015939628720503078,-0.011485497742213422
NN_v2,3,PAPER_WEIGHT_NORMALIZED,RISK_FULL_A_B_C_D_E,2015,-0.17207528909970837,-0.1239909899471639
NN_v2,3,PAPER_WEIGHT_NORMALIZED,RISK_FULL_A_B_C_D_E,2016,0.14730243616057098,0.10614060262072263
NN_v2,3,PAPER_WEIGHT_NORMALIZED,RISK_FULL_A_B_C_D_E,2017,-0.012608711760520449,-0.00908536409454754
NN_v2,3,PAPER_WEIGHT_NORMALIZED,RISK_FULL_A_B_C_D_E,2018,-0.02912296660315649,-0.020984915836644007
NN_v2,3,PAPER_WEIGHT_NORMALIZED,RISK_FULL_A_B_C_D_E,2019,0.1346142231540937,0.09699795291451174
NN_v2,3,PAPER_WEIGHT_NORMALIZED,RISK_FULL_A_B_C_D_E,2020,-0.21634526587632655,-0.15589027237283642
NN_v2,3,PAPER_WEIGHT_NORMALIZED,RISK_FULL_A_B_C_D_E,2021,0.0296902504320805,0.021393679255827042
NN_v2,3,PAPER_WEIGHT_NORMALIZED,RISK_FULL_A_B_C_D_E,2022,-0.03068205208082355,-0.02210833427051438
NN_v2,3,PAPER_WEIGHT_NORMALIZED,RISK_FULL_A_B_C_D_E,2023,0.06163173684833506,0.04440951460241432
NN_v2,3,PAPER_WEIGHT_NORMALIZED,RISK_FULL_A_B_C_D_E,2024,0.11102146176415406,0.07999789523260488
NN_v2,3,PAPER_WEIGHT_NORMALIZED,RISK_FULL_A_B_C_D_E,2025,0.20816000441034446,0.14999228040982182
NN_v2,3,PAPER_WEIGHT_NORMALIZED,RISK_FULL_A_B_C_D_E,2026,0.1776432870178335,0.1280030801055134
NN_v2,3,PAPER_WEIGHT_NORMALIZED,RISK_A_C_D_E,2008,-0.2643891203521386,-0.1699336759540698
NN_v2,3,PAPER_WEIGHT_NORMALIZED,RISK_A_C_D_E,2009,0.31298893748007756,0.20117076152039892
NN_v2,3,PAPER_WEIGHT_NORMALIZED,RISK_A_C_D_E,2010,0.007752495755138676,0.004982845359651659
NN_v2,3,PAPER_WEIGHT_NORMALIZED,RISK_A_C_D_E,2011,0.15812633511566695,0.10163424786754106
NN_v2,3,PAPER_WEIGHT_NORMALIZED,RISK_A_C_D_E,2012,0.06356168305799781,0.0408536873131804
NN_v2,3,PAPER_WEIGHT_NORMALIZED,RISK_A_C_D_E,2013,0.07973602553134516,0.0512495972090761
NN_v2,3,PAPER_WEIGHT_NORMALIZED,RISK_A_C_D_E,2014,0.06357636985937509,0.04086312711971527
NN_v2,3,PAPER_WEIGHT_NORMALIZED,RISK_A_C_D_E,2015,-0.0034040045128875557,-0.0021878925996227975
NN_v2,3,PAPER_WEIGHT_NORMALIZED,RISK_A_C_D_E,2016,0.09042134322069048,0.05811748689859528
NN_v2,3,PAPER_WEIGHT_NORMALIZED,RISK_A_C_D_E,2017,0.054209516256698655,0.03484266809815495
NN_v2,3,PAPER_WEIGHT_NORMALIZED,RISK_A_C_D_E,2018,-0.03289031324147852,-0.021139946397798336
NN_v2,3,PAPER_WEIGHT_NORMALIZED,RISK_A_C_D_E,2019,0.13842414123480284,0.08897084391931602
NN_v2,3,PAPER_WEIGHT_NORMALIZED,RISK_A_C_D_E,2020,0.24058044179060703,0.15463086673793716
NN_v2,3,PAPER_WEIGHT_NORMALIZED,RISK_A_C_D_E,2021,0.1916765759614629,0.12319835666474471
NN_v2,3,PAPER_WEIGHT_NORMALIZED,RISK_A_C_D_E,2022,-0.17511486847925903,-0.1125534714713659
NN_v2,3,PAPER_WEIGHT_NORMALIZED,RISK_A_C_D_E,2023,0.14613027663598882,0.09392389158776457
NN_v2,3,PAPER_WEIGHT_NORMALIZED,RISK_A_C_D_E,2024,0.15547297213930297,0.09992882321310212
NN_v2,3,PAPER_WEIGHT_NORMALIZED,RISK_A_C_D_E,2025,0.14745102762479925,0.09477279214104603
NN_v2,3,PAPER_WEIGHT_NORMALIZED,RISK_A_C_D_E,2026,0.18152728118355915,0.11667499077263274
