feature,group,n_weeks,full_period_ic,full_period_ic_std,pct_periods_correct_sign,ic_block0,ic_block1,ic_block2,ic_block3
abs_return_1w,A,1139,-0.015085002793519037,0.40549804531371614,0.5065847234416154,-0.007938540332906531,-0.0429665071770335,0.008484848484848487,-0.01789473684210527
excess_return_vs_vti_1w,B,1139,-0.015085002793519037,0.40549804531371614,0.5065847234416154,-0.007938540332906531,-0.0429665071770335,0.008484848484848487,-0.01789473684210527
cross_sectional_rank_1w,C,1139,0.015085002793519037,0.40549804531371614,0.5065847234416154,0.007938540332906531,0.0429665071770335,-0.008484848484848487,0.01789473684210527
abs_return_4w,A,1136,-0.012291933418693985,0.41295625542192044,0.5044014084507042,0.015464251051439662,-0.010079744816586923,-0.028261562998405106,-0.02590111642743222
cross_sectional_rank_4w,C,1136,0.012291933418693985,0.41295625542192044,0.5044014084507042,-0.015464251051439662,0.010079744816586923,0.028261562998405106,0.02590111642743222
excess_return_vs_vti_4w,B,1136,-0.012291933418693985,0.41295625542192044,0.5044014084507042,0.015464251051439662,-0.010079744816586923,-0.028261562998405106,-0.02590111642743222
excess_return_vs_vti_12w,B,1128,-0.011258865248226954,0.4124668542238578,0.5079787234042553,0.01585081585081585,0.0017224880382775145,-0.03362041467304625,-0.02784688995215311
abs_return_12w,A,1128,-0.011258865248226954,0.4124668542238578,0.5079787234042553,0.01585081585081585,0.0017224880382775145,-0.03362041467304625,-0.02784688995215311
cross_sectional_rank_12w,C,1128,0.011258865248226954,0.4124668542238578,0.5079787234042553,-0.01585081585081585,-0.0017224880382775145,0.03362041467304625,0.02784688995215311
volume_change_1w,G,1139,0.01042381674515125,0.3112424896346061,0.5065847234416154,0.008130601792573624,0.0072727272727272745,0.020478468899521533,0.00580542264752791
cross_sectional_rank_8w,C,1132,0.009741407002891106,0.40883113009162114,0.5053003533568905,-0.012405644896619626,0.008389154704944179,0.030685805422647535,0.011674641148325362
excess_return_vs_vti_8w,B,1132,-0.009741407002891106,0.40883113009162114,0.5053003533568905,0.012405644896619626,-0.008389154704944179,-0.030685805422647535,-0.011674641148325362
abs_return_8w,A,1132,-0.009741407002891106,0.40883113009162114,0.5053003533568905,0.012405644896619626,-0.008389154704944179,-0.030685805422647535,-0.011674641148325362
trend_dist_from_ma_8w,-,1133,-0.00954826285805986,0.41754219058104153,0.501323918799647,0.026128188358404185,-0.011961722488038274,-0.03933014354066986,-0.012153110047846888
trend_dist_from_ma_12w,E,1129,-0.009098961269023272,0.41824164549002557,0.5110717449069974,0.02047113470471135,-0.008484848484848486,-0.03330143540669857,-0.01393939393939394
trend_dist_from_ma_4w,E,1137,-0.008467258335332215,0.402595742716736,0.4951627088830255,0.0005802707930367489,-0.00807017543859649,-0.006762360446570971,-0.01952153110047847
realized_vol_12w,D,1128,0.007906189555125735,0.4250351032642822,0.5044326241134752,0.018981018981018984,-0.0004465709728867621,-0.01362041467304625,0.027177033492822973
excess_return_vs_vti_2w,B,1138,-0.006398785748522128,0.40198461729204105,0.4991212653778559,0.010215226469643436,0.0017224880382775126,-0.003572567783094103,-0.033843700159489634
abs_return_2w,A,1138,-0.006398785748522128,0.40198461729204105,0.4991212653778559,0.010215226469643436,0.0017224880382775126,-0.003572567783094103,-0.033843700159489634
excess_return_vs_vti_26w,B,1114,0.005818508242206629,0.424355300650859,0.5152603231597845,0.029799929799929806,-0.0012440191387559818,0.019138755980861247,-0.02223285486443381
abs_return_26w,A,1114,0.005818508242206629,0.424355300650859,0.5152603231597845,0.029799929799929806,-0.0012440191387559818,0.019138755980861247,-0.02223285486443381
realized_vol_8w,-,1132,0.005758111146803723,0.41385289918849827,0.5035335689045937,0.017656711519527406,-0.004114832535885169,-0.01186602870813397,0.021690590111642743
realized_vol_26w,D,1114,0.005263587400032642,0.43533748601371397,0.5035906642728905,0.030221130221130228,-0.012727272727272726,-0.016905901116427435,0.022743221690590117
drawdown_dist_from_high_26w,F,1112,0.004335190249769488,0.4238458268150294,0.5008992805755396,0.01762807281203032,0.021027001146360906,-0.007591083867313637,-0.012393409553712039
trend_dist_from_ma_26w,E,1115,-0.0036608234814512843,0.4175657883311673,0.4977578475336323,0.02451048951048952,0.0020095693779904307,-0.015693779904306218,-0.02299840510366826
realized_vol_4w,D,1136,0.0030489756722151076,0.3961588990970517,0.49911971830985913,-0.008767389194435458,0.0031259968102073372,-0.004848484848484849,0.02251993620414673
drawdown_dist_from_high_13w,F,1122,0.0028793268867829095,0.4208888324255773,0.4875222816399287,0.028871530011184924,0.02827205669608509,-0.02585765100017595,-0.018327461205690593
volume_vs_avg_12w,G,1128,0.0020954223081882653,0.3205787945608881,0.50177304964539,0.013120213120213123,0.008708133971291868,-0.005231259968102075,-0.007751196172248808
volume_vs_avg_4w,G,1136,0.001064340588988477,0.31657842228257266,0.5211267605633803,-0.00019411193788417897,0.012408293460925044,0.011770334928229669,-0.019744816586921853
vti_return_1w,H,0,,,,,,,
vti_return_4w,H,0,,,,,,,
vti_return_12w,H,0,,,,,,,
vti_volatility_4w,H,0,,,,,,,
sector_return_dispersion_1w,I,0,,,,,,,
sectors_outperforming_vti_1w,I,0,,,,,,,
average_sector_return_1w,I,0,,,,,,,
