feature_set,n_features,auc_lr,auc_nn,mean_spread_k3_lr,mean_spread_k3_nn
B,6,0.4993560787515265,0.49932580489453243,-1.8180695196097424e-05,0.0004634168681826464
A+B,12,0.4989196643231925,0.5004285604445404,4.644998122617472e-05,0.00027452562735152264
A+B+C,16,0.5034370227870251,0.5016969173306884,4.21896531533193e-05,0.0004308001228973995
A+B+C+D,19,0.5011770082021595,0.5040609313116933,-3.664467841162833e-05,-7.958832590548916e-05
A+B+C+D+E,22,0.5009577643324136,0.5149426346429351,2.3901653106272843e-05,0.0005722693016117242
A+B+C+D+E+F,24,0.5014500527394133,0.49774636348251056,-0.0004743795049899,0.0008803121450098584
A+B+C+D+E+F+G,27,0.5026319455220978,0.5017124671643738,-0.0005022435186004,-0.0005713748200904604
A+B+C+D+E+F+G+H,31,0.503144545350273,0.5034482151531917,-0.0004777697593336,-0.00026800863625529354
A+B+C+D+E+F+G+H+I,34,0.5021488288814071,0.5097013743171427,-0.0005307012248732,0.000682542547500511
