feature,group,bottom_mean,middle_mean,top_mean,top_minus_bottom_spread,n_bottom,n_top,monotonic
excess_return_vs_vti_4w,B,-0.00045445937420228905,-0.00014254865530053925,0.00023865896834435776,0.0006931183425466468,4544,4544,True
cross_sectional_rank_4w,C,0.00023865896834435776,-0.00014254865530053925,-0.00045445937420228905,-0.0006931183425466468,4544,4544,True
abs_return_4w,A,-0.00045445937420228905,-0.00014254865530053925,0.00023865896834435776,0.0006931183425466468,4544,4544,True
cross_sectional_rank_8w,C,0.0002165980160727174,-0.0001322226533778943,-0.0004591295968647477,-0.0006757276129374651,4528,4528,True
abs_return_8w,A,-0.0004591295968647477,-0.0001322226533778943,0.0002165980160727174,0.0006757276129374651,4528,4528,True
excess_return_vs_vti_8w,B,-0.0004591295968647477,-0.0001322226533778943,0.0002165980160727174,0.0006757276129374651,4528,4528,True
trend_dist_from_ma_8w,-,-0.00041904869400821775,-0.0001349796828410238,0.00019398398926402232,0.0006130326832722401,4532,4532,True
cross_sectional_rank_1w,C,-3.910607163325765e-06,0.00034078004771306755,-0.0005791652809932838,-0.0005752546738299581,4556,4556,False
excess_return_vs_vti_1w,B,-0.0005791652809932838,0.00034078004771306755,-3.910607163325765e-06,0.0005752546738299581,4556,4556,False
abs_return_1w,A,-0.0005791652809932838,0.00034078004771306755,-3.910607163325765e-06,0.0005752546738299581,4556,4556,False
trend_dist_from_ma_26w,E,1.5147222521461546e-05,0.00019155279652271077,-0.0005279536896112788,-0.0005431009121327404,4460,4460,False
realized_vol_12w,D,0.00020625622144854395,-0.0003928399220367894,-0.00024643912012482127,-0.0004526953415733652,4512,4512,False
volume_change_1w,G,-0.0002752512666924152,-0.00023770403985391318,0.00012603844421104108,0.00040128971090345626,4556,4556,True
trend_dist_from_ma_4w,E,-0.00015312570404584,-0.00048621658151065065,0.0001767847544575297,0.0003299104585033697,4548,4548,False
trend_dist_from_ma_12w,E,-0.00025870479027335853,-0.0001953813814215317,7.118214879167997e-05,0.0003298869390650385,4516,4516,True
realized_vol_26w,D,0.00010422863036906289,-0.00036292936584590956,-0.00020364941453743436,-0.00030787804490649723,4456,4456,False
abs_return_2w,A,-0.00026311230837261035,-8.787878816806308e-05,-5.128982538225042e-06,0.0002579833258343853,4552,4552,True
excess_return_vs_vti_2w,B,-0.00026311230837261035,-8.787878816806308e-05,-5.128982538225042e-06,0.0002579833258343853,4552,4552,True
abs_return_12w,A,-0.00018285244287629199,-0.00019235922054345873,-7.690981919983364e-06,0.00017516146095630862,4512,4512,False
excess_return_vs_vti_12w,B,-0.00018285244287629199,-0.00019235922054345873,-7.690981919983364e-06,0.00017516146095630862,4512,4512,False
cross_sectional_rank_12w,C,-7.690981919983364e-06,-0.00019235922054345873,-0.00018285244287629199,-0.00017516146095630862,4512,4512,False
volume_vs_avg_12w,G,-5.668811543810687e-05,-0.0001207897549898635,-0.0001875324085233649,-0.00013084429308525802,4512,4512,True
drawdown_dist_from_high_26w,F,-0.00018461144008859504,0.00016377138739125804,-0.0003073589701526328,-0.00012274753006403776,4460,4460,False
excess_return_vs_vti_26w,B,-0.00010450232032552996,-0.00037736314564811344,1.5906871008811337e-05,0.0001204091913343413,4456,4456,False
abs_return_26w,A,-0.00010450232032552996,-0.00037736314564811344,1.5906871008811337e-05,0.0001204091913343413,4456,4456,False
drawdown_dist_from_high_13w,F,-7.180644943495675e-05,-0.0003889094765722089,2.8675716660244013e-05,0.00010048216609520076,4512,4512,False
realized_vol_4w,D,-9.28133387064849e-05,-0.0003039136000245238,-1.963358608457989e-06,9.084998009802692e-05,4544,4544,False
realized_vol_8w,-,-0.0002179685051807698,3.7431858609113686e-05,-0.00015180395960151644,6.616454557925336e-05,4528,4528,False
volume_vs_avg_4w,G,-0.0002840424157933733,0.0003862322436846553,-0.00032834366430345386,-4.430124851008058e-05,4544,4544,False
