date,vti_entry_open,vti_exit_close,vti_trade_return
2005-04-01,57.150001525878906,57.5,0.006124207607634213
2005-04-08,57.57500076293945,55.54999923706055,-0.03517154145106638
2005-04-15,55.54999923706055,56.099998474121094,0.009900976500709202
2005-04-22,56.400001525878906,56.165000915527344,-0.004166677375775141
2005-04-29,56.275001525878906,56.9900016784668,0.012705466605080096
2005-05-06,57.04999923706055,56.18000030517578,-0.015249762375449838
2005-05-13,56.25,58.0,0.03111111111111109
2005-05-20,58.08000183105469,58.505001068115234,0.00731747974624386
2005-05-27,58.505001068115234,58.58000183105469,0.0012819547315643387
2005-06-03,58.625,58.810001373291016,0.0031556737448361627
2005-06-10,58.790000915527344,59.755001068115234,0.016414358522879757
2005-06-17,59.57500076293945,58.525001525878906,-0.017624829603254177
2005-06-24,58.45000076293945,58.79999923706055,0.005987997768222675
2005-07-01,58.724998474121094,59.75,0.0174542622820264
2005-07-08,59.75,60.459999084472656,0.011882829865651257
2005-07-15,60.3650016784668,60.84000015258789,0.00786877264828334
2005-07-22,61.0,61.150001525878906,0.002459041407850915
2005-07-29,61.17499923706055,60.474998474121094,-0.0114425953685241
2005-08-05,60.6150016784668,60.595001220703125,-0.00032995887502840215
2005-08-12,60.75,60.25,-0.008230452674897082
2005-08-19,60.404998779296875,59.5,-0.0149821835541043
2005-08-26,59.474998474121094,60.32500076293945,0.014291758060123616
2005-09-02,60.45000076293945,61.42499923706055,0.01612900681250018
2005-09-09,61.40999984741211,61.22999954223633,-0.0029311236870710466
2005-09-16,61.07500076293945,60.154998779296875,-0.015063478872698433
2005-09-23,60.16999816894531,60.67499923706055,0.008392904827706493
2005-09-30,60.79999923706055,59.0099983215332,-0.0294408049011331
2005-10-07,59.025001525878906,58.43000030517578,-0.010080494795790096
2005-10-14,58.275001525878906,58.19499969482422,-0.001372832757784881
2005-10-21,58.5099983215332,58.97999954223633,0.008032835997025645
2005-10-28,59.29999923706055,60.290000915527344,0.016694800863472414
2005-11-04,60.5,61.07500076293945,0.009504144841974371
2005-11-11,61.150001525878906,61.790000915527344,0.010466056805862767
2005-11-18,61.84000015258789,62.78499984741211,0.015281366308092847
2005-11-25,62.95000076293945,62.779998779296875,-0.0027005874754915116
2005-12-02,62.69499969482422,62.52000045776367,-0.0027912790160679046
2005-12-09,62.779998779296875,62.869998931884766,0.0014335800308675761
2005-12-16,62.869998931884766,62.94499969482422,0.001192949963633838
2005-12-23,62.755001068115234,61.665000915527344,-0.017369136069407265
2005-12-30,61.85499954223633,63.61000061035156,0.028372824850105616
2006-01-06,63.665000915527344,63.81999969482422,0.002434599498436052
2006-01-13,63.584999084472656,62.625,-0.015097886267125604
2006-01-20,62.76499938964844,63.900001525878906,0.018083360906041124
2006-01-27,63.95000076293945,63.01499938964844,-0.014620818798064317
2006-02-03,63.04499816894531,63.0099983215332,-0.000555156609225671
2006-02-10,62.970001220703125,63.97999954223633,0.016039356867618038
2006-02-17,64.17500305175781,64.23999786376953,0.001012774583887488
2006-02-24,64.3499984741211,64.19999694824219,-0.0023310260984579223
2006-03-03,64.31999969482422,63.80500030517578,-0.008006831344712806
2006-03-10,64.08999633789062,65.0999984741211,0.01575912301360738
2006-03-17,65.07499694824219,64.80000305175781,-0.004225799606307978
2006-03-24,64.7249984741211,64.83499908447266,0.0016995073456129717
2006-03-31,64.94999694824219,64.6500015258789,-0.004618867381969927
2006-04-07,64.8499984741211,64.26499938964844,-0.00902080336526312
2006-04-14,64.18000030517578,65.5250015258789,0.020956703245678554
2006-04-21,65.46499633789062,65.45500183105469,-0.00015266947827130561
2006-04-28,65.73500061035156,66.19999694824219,0.007073801377852185
2006-05-05,66.23500061035156,64.43499755859375,-0.027176010193566746
2006-05-12,64.20500183105469,63.185001373291016,-0.01588661986877038
2006-05-19,62.779998779296875,63.7599983215332,0.01561005991225839
2006-05-26,63.70500183105469,64.2750015258789,0.008947487299911794
2006-06-02,64.0250015258789,62.20000076293945,-0.02850450167036367
2006-06-09,62.55500030517578,62.125,-0.006873955768172291
2006-06-16,62.400001525878906,61.95500183105469,-0.007131405191387108
2006-06-23,61.95000076293945,63.154998779296875,0.01945113803902143
2006-06-30,63.5,62.79999923706055,-0.011023634062038656
2006-07-07,63.0,61.13999938964844,-0.02952381921192959
2006-07-14,61.060001373291016,61.125,0.0010645041802670452
2006-07-21,61.45000076293945,63.084999084472656,0.02660696991429945
2006-07-28,63.06999969482422,63.2599983215332,0.003012504005522887
2006-08-04,63.14500045776367,62.48500061035156,-0.010452131485113703
2006-08-11,62.875,64.41999816894531,0.02457253549018379
2006-08-18,64.08999633789062,63.904998779296875,-0.0028865278384230253
2006-08-25,63.724998474121094,64.90499877929688,0.018517070748224285
2006-09-01,64.91000366210938,64.2300033569336,-0.010476047863369975
2006-09-08,64.13999938964844,65.33999633789062,0.018709026499240222
2006-09-15,65.2699966430664,65.03500366210938,-0.0036003216338758026
2006-09-22,64.94000244140625,65.72000122070312,0.012011067908422879
2006-09-29,65.75,66.5199966430664,0.01171097555994538
2006-10-06,66.51000213623047,67.51499938964844,0.015110467916682024
2006-10-13,67.51499938964844,67.58499908447266,0.001036802124817271
2006-10-20,67.3949966430664,68.0999984741211,0.010460744360422991
2006-10-27,67.98999786376953,67.44000244140625,-0.008089357841506328
2006-11-03,67.51000213623047,68.37999725341797,0.012886906971679712
2006-11-10,68.43499755859375,69.44499969482422,0.014758561733938969
2006-11-17,69.55000305175781,69.65499877929688,0.0015096437517181371
2006-11-24,69.625,69.43000030517578,-0.0028007137497194634
2006-12-01,69.58999633789062,70.12999725341797,0.007759749158563034
2006-12-08,70.22000122070312,70.84500122070312,0.00890059796546594
2006-12-15,71.0250015258789,69.5999984741211,-0.02006340050888411
2006-12-22,69.68000030517578,70.1050033569336,0.006099354906665244
2006-12-29,70.57499694824219,69.55999755859375,-0.014381855239651076
2007-01-05,69.76000213623047,70.96499633789062,0.017273425526951547
2007-01-12,71.07499694824219,70.7750015258789,-0.004220829197949083
2007-01-19,70.84500122070312,70.4749984741211,-0.005222707886324396
2007-01-26,70.58499908447266,71.91000366210938,0.018771758798934224
2007-02-02,72.0,71.5999984741211,-0.005555576748318192
2007-02-09,71.69999694824219,72.49500274658203,0.011087947450175273
2007-02-16,72.44999694824219,72.4800033569336,0.00041416714914199737
2007-02-23,72.69999694824219,69.05000305175781,-0.05020624552547015
2007-03-02,68.4000015258789,69.94999694824219,0.022660751283416936
2007-03-09,69.92500305175781,69.19999694824219,-0.010368338532341315
2007-03-16,69.69999694824219,71.75499725341797,0.02948350638669006
2007-03-23,71.55000305175781,70.73500061035156,-0.011390669554782518
2007-03-30,70.98999786376953,71.83000183105469,0.011832708727462338
2007-04-06,72.11499786376953,72.36499786376953,0.003466685258346258
2007-04-13,72.67500305175781,73.79000091552734,0.015342247223236516
2007-04-20,73.82499694824219,74.23500061035156,0.00555372406444965
2007-04-27,74.375,74.83999633789062,0.006252051601890685
2007-05-04,74.88500213623047,74.9000015258789,0.0002002989813787437
2007-05-11,74.98999786376953,75.49500274658203,0.006734296535518158
2007-05-18,75.54000091552734,75.25,-0.00383903775499872
2007-05-25,75.4800033569336,76.62999725341797,0.015235742519064566
2007-06-01,76.52999877929688,75.11000061035156,-0.018554791475175803
2007-06-08,75.01000213623047,76.37999725341797,0.018264165820170986
2007-06-15,76.4749984741211,75.19999694824219,-0.016672135355587647
2007-06-22,74.73999786376953,74.69000244140625,-0.0006689245891391415
2007-06-29,74.75,76.26000213623047,0.020200697474655138
2007-07-06,76.42500305175781,77.0999984741211,0.00883212817022927
2007-07-13,77.12000274658203,76.31999969482422,-0.010373483185505572
2007-07-20,76.5999984741211,71.98500061035156,-0.06024801508747657
2007-07-27,72.47000122070312,71.19000244140625,-0.017662463884866142
2007-08-03,71.46499633789062,71.86000061035156,0.005527241204817734
2007-08-10,72.84500122070312,71.52999877929688,-0.018052061491798277
2007-08-17,71.84500122070312,73.42500305175781,0.02199181298920183
2007-08-24,73.21499633789062,73.11000061035156,-0.0014340740666639595
2007-08-31,73.05000305175781,72.46499633789062,-0.008008305125636994
2007-09-07,72.65499877929688,73.69000244140625,0.01424545701601887
2007-09-14,73.48500061035156,75.61000061035156,0.02891746590937161
2007-09-21,75.375,75.5999984741211,0.002985054383032759
2007-09-28,75.75,77.30500030517578,0.020528056834003605
2007-10-05,77.31500244140625,77.54000091552734,0.0029101528424786416
2007-10-12,77.61000061035156,74.5,-0.04007216319924567
2007-10-19,73.90499877929688,76.20500183105469,0.031121075566570733
2007-10-26,76.54499816894531,74.98999786376953,-0.02031485194817928
2007-11-02,74.8499984741211,72.29000091552734,-0.03420170488685914
2007-11-09,71.93000030517578,72.41000366210938,0.006673201096859316
2007-11-16,71.90499877929688,71.30000305175781,-0.008413820148944318
2007-11-23,71.37999725341797,73.4749984741211,0.0293499762022309
2007-11-30,73.43000030517578,74.80000305175781,0.018657261894161614
2007-12-07,75.125,72.8499984741211,-0.030282882208038653
2007-12-14,72.5,73.40499877929688,0.012482741783405249
2007-12-21,74.0,72.94000244140625,-0.014324291332348027
2007-12-28,73.07499694824219,69.71499633789062,-0.04598016764518509
2008-01-04,70.02999877929688,69.0250015258789,-0.01435095346189097
2008-01-11,69.37999725341797,65.28500366210938,-0.05902268309915304
2008-01-18,61.834999084472656,65.70500183105469,0.06258595947086909
2008-01-25,65.875,69.19999694824219,0.05047433697521342
2008-02-01,69.2750015258789,66.1500015258789,-0.04511006757369185
2008-02-08,66.05999755859375,67.05000305175781,0.01498645972982282
2008-02-15,68.19999694824219,67.13500213623047,-0.015615760405678025
2008-02-22,67.20999908447266,66.4000015258789,-0.012051741848347675
2008-02-29,66.11499786376953,64.25,-0.02820839331512004
2008-03-07,64.36499786376953,64.1050033569336,-0.0040393772308704445
2008-03-14,62.599998474121094,65.58000183105469,0.04760388865129972
2008-03-21,66.11000061035156,65.16999816894531,-0.014218763163330927
2008-03-28,65.0999984741211,67.88500213623047,0.042780395197958176
2008-04-04,68.44000244140625,66.1449966430664,-0.03353310515008634
2008-04-11,66.0999984741211,68.8949966430664,0.04228439082399649
2008-04-18,68.58499908447266,69.29499816894531,0.010352104599406386
2008-04-25,69.42500305175781,70.11000061035156,0.009866727093739813
2008-05-02,69.98500061035156,69.17500305175781,-0.011573873709075033
2008-05-09,69.29000091552734,71.05999755859375,0.02554476287602081
2008-05-16,71.15499877929688,68.62999725341797,-0.035485933092498034
2008-05-23,68.78500366210938,70.08499908447266,0.018899401804922666
2008-05-30,69.98500061035156,68.49500274658203,-0.021290245778023853
2008-06-06,68.75499725341797,68.375,-0.005526831046438252
2008-06-13,68.0,66.5999984741211,-0.02058825773351336
2008-06-20,66.94000244140625,64.22000122070312,-0.04063341980132118
2008-06-27,64.23999786376953,63.0099983215332,-0.019146942452344495
2008-07-04,63.27000045776367,62.099998474121094,-0.018492207605144917
2008-07-11,62.939998626708984,63.099998474121094,0.002542101221848725
2008-07-18,63.47999954223633,63.099998474121094,-0.005986154235278485
2008-07-25,63.38999938964844,63.40999984741211,0.00031551440221244675
2008-08-01,63.380001068115234,65.0,0.025560096317192027
2008-08-08,64.97000122070312,65.5,0.008157592263181135
2008-08-15,65.66999816894531,65.16000366210938,-0.007766019812028957
2008-08-22,64.7699966430664,64.62000274658203,-0.0023157928710566544
2008-08-29,65.36000061035156,62.630001068115234,-0.04176865845689659
2008-09-05,64.38999938964844,63.40999984741211,-0.015219747655314864
2008-09-12,61.20000076293945,63.41999816894531,0.03627446696618697
2008-09-19,63.13999938964844,60.86000061035156,-0.03611021224796962
2008-09-26,59.880001068115234,54.81999969482422,-0.08450235943608475
2008-10-03,53.29999923706055,44.349998474121094,-0.16791746512289518
2008-10-10,47.04999923706055,46.599998474121094,-0.009564309675588523
2008-10-17,47.58000183105469,43.2400016784668,-0.09121479582952108
2008-10-24,42.5,48.15999984741211,0.13317646699793206
2008-10-31,48.060001373291016,46.11000061035156,-0.04057429686265368
2008-11-07,47.16999816894531,43.150001525878906,-0.08522359124688283
2008-11-14,42.56999969482422,39.290000915527344,-0.07704953729881436
2008-11-21,40.0,44.29999923706055,0.10749998092651358
2008-11-28,43.09000015258789,43.209999084472656,0.0027848440812214825
2008-12-05,44.45000076293945,43.720001220703125,-0.016422936551330092
2008-12-12,43.90999984741211,44.11000061035156,0.004554788513651875
2008-12-19,43.959999084472656,43.31999969482422,-0.014558676136881332
2008-12-26,43.25,46.029998779296875,0.06427742842304918
2009-01-02,45.88999938964844,44.189998626708984,-0.037045124984746214
2009-01-09,44.13999938964844,42.33000183105469,-0.04100583560538573
2009-01-16,42.0,41.29999923706055,-0.01666668483189171
2009-01-23,41.5099983215332,41.13999938964844,-0.008913489444610012
2009-01-30,40.540000915527344,43.29999923706055,0.06808086480521247
2009-02-06,43.29999923706055,41.27000045776367,-0.046882189724368306
2009-02-13,39.939998626708984,38.47999954223633,-0.03655481058270027
2009-02-20,38.91999816894531,36.810001373291016,-0.05421369205864679
2009-02-27,36.040000915527344,34.11000061035156,-0.05355161643029449
2009-03-06,33.66999816894531,37.86000061035156,0.1244432037204799
2009-03-13,38.29999923706055,38.439998626708984,0.003655336617160332
2009-03-20,39.43000030517578,40.65999984741211,0.031194510086647753
2009-03-27,39.779998779296875,42.099998474121094,0.05832075832118022
2009-04-03,41.70000076293945,42.869998931884766,0.02805750953331243
2009-04-10,42.4900016784668,43.599998474121094,0.02612371738777375
2009-04-17,42.79999923706055,43.45000076293945,0.01518695180994456
2009-04-24,42.91999816894531,44.18000030517578,0.029356994174853934
2009-05-01,44.56999969482422,46.54999923706055,0.04442449081879296
2009-05-08,45.9900016784668,44.310001373291016,-0.036529685667795575
2009-05-15,44.75,44.630001068115234,-0.002681540377313163
2009-05-22,44.27000045776367,46.33000183105469,0.04653267115405568
2009-05-29,46.959999084472656,47.470001220703125,0.010860352346111934
2009-06-05,47.25,47.790000915527344,0.011428590804811511
2009-06-12,47.279998779296875,46.38999938964844,-0.01882401464947059
2009-06-19,46.0,46.13999938964844,0.003043464992357414
2009-06-26,46.36000061035156,45.31999969482422,-0.022433151463227663
2009-07-03,44.779998779296875,44.13999938964844,-0.014292081444725935
2009-07-10,44.31999969482422,47.31999969482422,0.0676895311520127
2009-07-17,47.619998931884766,49.38999938964844,0.0371692670614181
2009-07-24,49.349998474121094,49.849998474121094,0.010131712572639673
2009-07-31,50.279998779296875,51.119998931884766,0.016706447354445153
2009-08-07,50.93000030517578,50.869998931884766,-0.0011781145284014416
2009-08-14,49.91999816894531,51.93000030517578,0.04026446734689326
2009-08-21,52.25,52.20000076293945,-0.0009569231973310943
2009-08-28,51.720001220703125,51.459999084472656,-0.005027110017282621
2009-09-04,52.02000045776367,53.08000183105469,0.020376804382223224
2009-09-11,52.630001068115234,54.439998626708984,0.03439098464488355
2009-09-18,54.029998779296875,52.88999938964844,-0.02109937840837528
2009-09-25,53.09000015258789,51.86000061035156,-0.023168196246018846
2009-10-02,52.119998931884766,54.400001525878906,0.04374525404296081
2009-10-09,54.630001068115234,55.20000076293945,0.010433821777039887
2009-10-16,55.25,54.650001525878906,-0.010859700889069623
2009-10-23,54.720001220703125,52.18000030517578,-0.046418144350595214
2009-10-30,52.470001220703125,53.95000076293945,0.028206584863816664
2009-11-06,54.439998626708984,55.15999984741211,0.013225592190773572
2009-11-13,55.56999969482422,55.040000915527344,-0.009537498330168925
2009-11-20,55.68000030517578,55.0099983215332,-0.012033081536824253
2009-11-27,55.0,55.900001525878906,0.016363664106889164
2009-12-04,55.880001068115234,55.9900016784668,0.0019685148219212856
2009-12-11,56.369998931884766,56.02000045776367,-0.00620894945454975
2009-12-18,56.279998779296875,56.97999954223633,0.012437824771186046
2009-12-25,57.220001220703125,56.369998931884766,-0.014854985506550733
2010-01-01,56.86000061035156,58.040000915527344,0.020752731138046432
2010-01-08,58.29999923706055,57.5,-0.013722114022807652
2010-01-15,57.54999923706055,55.40999984741211,-0.037185046360006524
2010-01-22,55.880001068115234,54.36000061035156,-0.027201152983351906
2010-01-29,54.720001220703125,53.97999954223633,-0.013523422184917977
2010-02-05,54.02000045776367,54.77000045776367,0.01388374664280878
2010-02-12,55.2400016784668,56.52000045776367,0.02317159196966201
2010-02-19,56.709999084472656,56.22999954223633,-0.008464107740882576
2010-02-26,56.4900016784668,58.209999084472656,0.03044782005488056
2010-03-05,58.220001220703125,58.869998931884766,0.011164508717847577
2010-03-12,58.810001373291016,59.25,0.007481697269757559
2010-03-19,58.90999984741211,59.38999938964844,0.008148014657606728
2010-03-26,59.650001525878906,60.02000045776367,0.006202831893042715
2010-04-02,60.2599983215332,61.0,0.012280147678038755
2010-04-09,61.13999938964844,61.060001373291016,-0.0013084399273148861
2010-04-16,60.880001068115234,62.470001220703125,0.026116953427923306
2010-04-23,62.54999923706055,60.88999938964844,-0.026538766869058095
2010-04-30,61.150001525878906,56.619998931884766,-0.07408017139749423
2010-05-07,59.13999938964844,58.33000183105469,-0.01369627269112772
2010-05-14,58.439998626708984,55.709999084472656,-0.04671457232014087
2010-05-21,55.38999938964844,56.09000015258789,0.012637674140691058
2010-05-28,55.43000030517578,54.66999816894531,-0.013711025293995927
2010-06-04,54.779998779296875,55.9900016784668,0.02208840682974267
2010-06-11,56.45000076293945,57.34000015258789,0.015766153722228893
2010-06-18,58.08000183105469,55.04999923706055,-0.05216946450532023
2010-06-25,55.099998474121094,52.08000183105469,-0.05480937798001595
2010-07-02,52.779998779296875,54.88999938964844,0.03997727660386419
2010-07-09,54.86000061035156,54.22999954223633,-0.011483796228692666
2010-07-16,54.459999084472656,56.2599983215332,0.03305176767022289
2010-07-23,56.459999084472656,56.25,-0.0037194312411954478
2010-07-30,57.15999984741211,57.27000045776367,0.0019244333562842275
2010-08-06,57.56999969482422,55.0,-0.04464130117157661
2010-08-13,54.54999923706055,54.689998626708984,0.0025664416426485204
2010-08-20,54.959999084472656,54.380001068115234,-0.010553093632079125
2010-08-27,54.279998779296875,56.4900016784668,0.040714866412503437
2010-09-03,56.279998779296875,56.689998626708984,0.007285001000443048
2010-09-10,57.279998779296875,57.599998474121094,0.005586586970037999
2010-09-17,57.849998474121094,58.52000045776367,0.011581711345114432
2010-09-24,58.61000061035156,58.630001068115234,0.00034124650324840466
2010-10-01,58.5099983215332,59.58000183105469,0.018287532733148204
2010-10-08,59.7599983215332,60.2400016784668,0.00803218491324209
2010-10-15,60.290000915527344,60.56999969482422,0.004644199287526574
2010-10-22,60.93000030517578,60.720001220703125,-0.00344656299722379
2010-10-29,61.040000915527344,62.939998626708984,0.03112709178708939
2010-11-05,62.75,61.68000030517578,-0.01705178796532625
2010-11-12,61.869998931884766,61.810001373291016,-0.0009697358918625554
2010-11-19,61.52000045776367,61.5,-0.00032510496773163755
2010-11-26,61.09000015258789,63.34000015258789,0.036830905129809244
2010-12-03,63.2599983215332,64.20999908447266,0.015017401014000287
2010-12-10,64.48999786376953,64.47000122070312,-0.00031007355758716493
2010-12-17,64.69000244140625,64.83999633789062,0.00231865652842167
2010-12-24,64.6500015258789,64.93000030517578,0.004330994163778801
2010-12-31,65.36000061035156,65.52999877929688,0.002600951152965436
2011-01-07,65.31999969482422,66.76000213623047,0.022045352849570765
2011-01-14,66.73999786376953,66.04000091552734,-0.01048841730068717
2011-01-21,66.0,65.83000183105469,-0.0025757298325047584
2011-01-28,65.91999816894531,67.61000061035156,0.02563717367034757
2011-02-04,67.80999755859375,68.75,0.013862298705939358
2011-02-11,68.76000213623047,69.54000091552734,0.011343786431994296
2011-02-18,68.77999877929688,68.33999633789062,-0.006397244100252775
2011-02-25,68.6500015258789,68.45999908447266,-0.002767697555470905
2011-03-04,68.69999694824219,67.48999786376953,-0.017612796771799832
2011-03-11,67.06999969482422,66.27999877929688,-0.011778752335201093
2011-03-18,67.0,67.86000061035156,0.012835830005247129
2011-03-25,68.02999877929688,69.04000091552734,0.014846422965655526
2011-04-01,69.1500015258789,68.83000183105469,-0.004627616598163908
2011-04-08,68.91999816894531,68.41000366210938,-0.007399804416503009
2011-04-15,67.61000061035156,69.30999755859375,0.025144164071814856
2011-04-22,69.30999755859375,70.69999694824219,0.020054818043722333
2011-04-29,71.04000091552734,69.41000366210938,-0.022944780861646863
2011-05-06,69.5,69.37000274658203,-0.0018704640779564352
2011-05-13,69.08999633789062,69.13999938964844,0.0007237379419340328
2011-05-20,68.25,69.19999694824219,0.013919369205013687
2011-05-27,69.87999725341797,67.52999877929688,-0.03362905790621151
2011-06-03,67.36000061035156,65.88999938964844,-0.021823058304385246
2011-06-10,66.01000213623047,65.91999816894531,-0.001363489840515486
2011-06-17,65.72000122070312,65.72000122070312,0.0
2011-06-24,65.75,69.37999725341797,0.055209083702174366
2011-07-01,69.3499984741211,69.76000213623047,0.005912093311182698
2011-07-08,68.87999725341797,68.27999877929688,-0.008710779588356088
2011-07-15,67.97000122070312,69.70999908447266,0.02559949731528821
2011-07-22,69.0,66.8499984741211,-0.031159442404042115
2011-07-29,67.66000366210938,61.619998931884766,-0.08926994388572729
2011-08-05,59.869998931884766,60.70000076293945,0.013863401467552938
2011-08-12,61.220001220703125,57.650001525878906,-0.05831427023260061
2011-08-19,58.959999084472656,60.470001220703125,0.0256106200759445
2011-08-26,61.27000045776367,60.369998931884766,-0.01468910591080086
2011-09-02,58.529998779296875,59.45000076293945,0.015718469209468067
2011-09-09,58.66999816894531,62.70000076293945,0.06868932537528627
2011-09-16,61.63999938964844,58.0,-0.05905255395345965
2011-09-23,58.630001068115234,57.720001220703125,-0.015521061416234438
2011-09-30,57.380001068115234,58.970001220703125,0.027710005628971857
2011-10-07,60.0,62.66999816894531,0.044499969482421964
2011-10-14,62.380001068115234,63.2599983215332,0.014107041332959591
2011-10-21,63.439998626708984,65.94999694824219,0.03956491765238579
2011-10-28,65.1500015258789,64.48999786376953,-0.01013052412358284
2011-11-04,64.44000244140625,64.91999816894531,0.007448722988108392
2011-11-11,64.69000244140625,62.459999084472656,-0.03447214828834555
2011-11-18,61.529998779296875,59.459999084472656,-0.03364212149993928
2011-11-25,61.09000015258789,64.01000213623047,0.047798362683731055
2011-12-02,64.94000244140625,64.56999969482422,-0.005697609064857612
2011-12-09,63.95000076293945,62.619998931884766,-0.020797526429826907
2011-12-16,62.90999984741211,64.73999786376953,0.029089143551042307
2011-12-23,64.63999938964844,64.30000305175781,-0.00525984438584437
2011-12-30,65.41000366210938,65.37999725341797,-0.0004587434186124062
2012-01-06,65.52999877929688,66.1500015258789,0.009461357517648983
2012-01-13,66.7300033569336,67.52999877929688,0.011988541617241832
2012-01-20,67.52999877929688,67.86000061035156,0.004886744217680317
2012-01-27,67.22000122070312,69.4800033569336,0.033620977316114686
2012-02-03,69.23999786376953,69.30999755859375,0.0010109719379534088
2012-02-10,69.81999969482422,70.37000274658203,0.00787744276943303
2012-02-17,70.58000183105469,70.61000061035156,0.0004250322827801245
2012-02-24,70.13999938964844,70.5999984741211,0.006558298951746755
2012-03-02,70.44000244140625,70.81999969482422,0.00539462294502413
2012-03-09,70.86000061035156,72.45999908447266,0.022579712959914344
2012-03-16,72.41000366210938,72.11000061035156,-0.0041431160970206715
2012-03-23,72.33999633789062,72.26000213623047,-0.0011058087601568678
2012-03-30,72.26000213623047,71.7699966430664,-0.006781144183199195
2012-04-06,70.80000305175781,70.37000274658203,-0.006073450376286482
2012-04-13,70.75,70.81999969482422,0.0009893949798476243
2012-04-20,70.12000274658203,72.16999816894531,0.029235529692890783
2012-04-27,72.0,70.27999877929688,-0.023888905843098995
2012-05-04,70.08999633789062,69.63999938964844,-0.0064202735305168845
2012-05-11,69.01000213623047,66.41999816894531,-0.03753084896552117
2012-05-18,66.62000274658203,67.76000213623047,0.017111968517697473
2012-05-25,68.26000213623047,65.5999984741211,-0.03896870171203115
2012-06-01,65.63999938964844,68.08999633789062,0.03732475580474426
2012-06-08,68.6500015258789,68.7699966430664,0.0017479259216368614
2012-06-15,68.55000305175781,68.55000305175781,0.0
2012-06-22,67.4800033569336,69.69999694824219,0.032898540024753675
2012-06-29,69.87000274658203,69.51000213623047,-0.005152434466866751
2012-07-06,69.4000015258789,69.47000122070312,0.00100864111361898
2012-07-13,69.33000183105469,69.73999786376953,0.0059136884737711615
2012-07-20,68.66000366210938,70.7699966430664,0.03073103507743391
2012-07-27,70.70999908447266,70.95999908447266,0.003535567857967825
2012-08-03,71.12999725341797,71.86000061035156,0.010262946508106552
2012-08-10,71.7300033569336,72.62999725341797,0.012546965765579898
2012-08-17,72.52999877929688,72.25,-0.0038604547636749142
2012-08-24,72.41999816894531,72.20999908447266,-0.002899738881279146
2012-08-31,72.13999938964844,73.95999908447266,0.025228717912705978
2012-09-07,73.87999725341797,75.5,0.02192748791022847
2012-09-14,75.37000274658203,75.04000091552734,-0.0043784240285125176
2012-09-21,74.33000183105469,73.6500015258789,-0.00914839618491281
2012-09-28,73.98999786376953,74.69999694824219,0.009595879240055005
2012-10-05,74.37999725341797,73.0199966430664,-0.018284493957669068
2012-10-12,73.16999816894531,73.29000091552734,0.001640053978202216
2012-10-19,73.19000244140625,72.27999877929688,-0.012433442160872943
2012-10-26,72.58000183105469,72.47000122070312,-0.001515577398408019
2012-11-02,72.38999938964844,70.7699966430664,-0.022378819729810484
2012-11-09,70.98999786376953,69.75,-0.017467219341928963
2012-11-16,70.56999969482422,72.37999725341797,0.025648257990944945
2012-11-23,72.05999755859375,72.87999725341797,0.01137940220102629
2012-11-30,73.2699966430664,73.04000091552734,-0.0031390164880105154
2012-12-07,72.98999786376953,72.88999938964844,-0.0013700298266583477
2012-12-14,73.12000274658203,73.43000030517578,0.0042395725786299465
2012-12-21,73.19999694824219,71.9800033569336,-0.016666579811078663
2012-12-28,71.87999725341797,75.41000366210938,0.04910971819108623
2013-01-04,75.18000030517578,75.7699966430664,0.007847783127103991
2013-01-11,75.75,76.5,0.00990099009900991
2013-01-18,76.5,77.51000213623047,0.01320264230366619
2013-01-25,77.5999984741211,78.0,0.005154658940003776
2013-02-01,77.63999938964844,78.37999725341797,0.009531142060624331
2013-02-08,78.36000061035156,78.58999633789062,0.0029351164592599233
2013-02-15,78.70999908447266,78.30999755859375,-0.005081965830664226
2013-02-22,78.68000030517578,78.41999816894531,-0.003304551794890642
2013-03-01,78.23999786376953,80.2699966430664,0.02594579287733989
2013-03-08,80.19000244140625,80.87000274658203,0.00847986387919919
2013-03-15,80.13999938964844,80.29000091552734,0.001871743536577597
2013-03-22,80.55000305175781,80.95999908447266,0.005089956762030168
2013-03-29,80.94999694824219,79.95999908447266,-0.012229745535413894
2013-04-05,80.0,81.73999786376953,0.02174997329711914
2013-04-12,81.44999694824219,79.9800033569336,-0.018047804129970757
2013-04-19,80.12999725341797,81.48999786376953,0.01697242801656973
2013-04-26,81.70999908447266,83.04000091552734,0.01627710006066363
2013-05-03,83.1500015258789,84.30000305175781,0.013830445036383976
2013-05-10,84.19000244140625,86.08000183105469,0.0224492140971706
2013-05-17,86.01000213623047,85.08999633789062,-0.010696497796647608
2013-05-24,86.02999877929688,84.2699966430664,-0.020458004896008575
2013-05-31,84.44999694824219,84.83000183105469,0.004499761948427272
2013-06-07,85.1500015258789,84.0999984741211,-0.012331215888923941
2013-06-14,84.66999816894531,82.36000061035156,-0.027282362212699307
2013-06-21,81.11000061035156,82.66999816894531,0.019233109935332227
2013-06-28,83.29000091552734,84.27999877929688,0.011886155035267576
2013-07-05,84.70999908447266,86.69000244140625,0.023373903651670913
2013-07-12,86.91000366210938,87.52999877929688,0.007133760108881448
2013-07-19,87.69000244140625,87.54000091552734,-0.0017105886840308449
2013-07-26,87.41999816894531,88.56999969482422,0.013154902195907647
2013-08-02,88.51000213623047,87.79000091552734,-0.0081346876434929
2013-08-09,87.38999938964844,85.87999725341797,-0.017278889424152233
2013-08-16,85.6500015258789,86.4800033569336,0.00969062248999375
2013-08-23,86.58999633789062,84.7699966430664,-0.02101859073561152
2013-08-30,85.7699966430664,86.12999725341797,0.004197279053766545
2013-09-06,86.43000030517578,87.91999816894531,0.01723935969580581
2013-09-13,88.93000030517578,89.19999694824219,0.0030360580472268417
2013-09-20,88.51000213623047,88.05999755859375,-0.005084222876236
2013-09-27,87.37999725341797,88.1500015258789,0.008812134317511822
2013-10-04,87.44999694824219,88.69999694824219,0.014293882717226536
2013-10-11,88.12000274658203,90.9499969482422,0.032115230520347815
2013-10-18,91.0,91.66999816894533,0.007362617241157388
2013-10-25,91.6500015258789,91.51000213623048,-0.0015275437786970159
2013-11-01,91.80999755859376,91.88999938964844,0.0008713847422074927
2013-11-08,91.79000091552734,93.44000244140624,0.017975830803154347
2013-11-15,93.72000122070312,93.7300033569336,0.00010672360328833896
2013-11-22,93.95999908447266,93.86000061035156,-0.0010642664441832261
2013-11-29,94.05999755859376,93.86000061035156,-0.002126269970585737
2013-12-06,94.25,92.45999908447266,-0.01899205215413624
2013-12-13,92.94000244140624,94.33000183105467,0.014955878557510793
2013-12-20,94.83999633789062,95.54000091552734,0.007380900513141997
2013-12-27,95.5999984741211,95.05999755859376,-0.0056485452316561435
2014-01-03,95.5,95.83999633789062,0.0035601710773887074
2014-01-10,95.75,95.70999908447266,-0.0004177641308338309
2014-01-17,96.36000061035156,93.31999969482422,-0.03154836961676777
2014-01-24,93.31999969482422,92.87999725341795,-0.004714985456977794
2014-01-31,92.83999633789062,93.5500030517578,0.007647638322637373
2014-02-07,93.62000274658205,95.9000015258789,0.024353756808451976
2014-02-14,96.05999755859376,96.0999984741211,0.00041641595402852616
2014-02-21,96.37999725341795,97.4000015258789,0.010583153159664294
2014-02-28,96.56999969482422,98.37999725341795,0.018742855589868546
2014-03-07,98.31999969482422,96.58000183105467,-0.0176972932177617
2014-03-14,97.08999633789062,97.75,0.006797854434070105
2014-03-21,98.11000061035156,96.5199966430664,-0.016206339388376234
2014-03-28,97.0999984741211,96.91999816894533,-0.0018537621833613072
2014-04-04,96.5999984741211,94.25,-0.024327106741628524
2014-04-11,95.0199966430664,96.7300033569336,0.017996282617128045
2014-04-18,96.77999877929688,96.5500030517578,-0.0023764799590829666
2014-04-25,96.9000015258789,97.4800033569336,0.00598557091766172
2014-05-02,97.0,97.16999816894533,0.0017525584427353635
2014-05-09,97.61000061035156,97.18000030517578,-0.0044052894425469225
2014-05-16,96.94000244140624,98.48999786376952,0.015989224090438237
2014-05-23,98.83000183105467,99.58000183105467,0.007588788688702941
2014-05-30,99.8000030517578,101.1999969482422,0.014027994525795284
2014-06-06,101.1999969482422,100.62000274658205,-0.005731168173421897
2014-06-13,100.4499969482422,102.16999816894533,0.017122959412227523
2014-06-20,102.19000244140624,101.7300033569336,-0.004501409858918448
2014-06-27,101.5500030517578,102.9800033569336,0.014081735718382449
2014-07-04,102.8000030517578,101.73999786376952,-0.010311334207398715
2014-07-11,102.3000030517578,102.13999938964844,-0.001564063121566206
2014-07-18,101.83000183105467,102.13999938964844,0.0030442654720568285
2014-07-25,102.18000030517578,99.48999786376952,-0.026326115026151564
2014-08-01,99.73999786376952,99.93000030517578,0.0019049773959869398
2014-08-08,100.31999969482422,101.2699966430664,0.00946966657827053
2014-08-15,101.86000061035156,103.01000213623048,0.01129002080294561
2014-08-22,103.5999984741211,103.87999725341795,0.002702690959660581
2014-08-29,104.04000091552734,104.11000061035156,0.0006728152076915794
2014-09-05,103.97000122070312,103.08000183105467,-0.008560155614110276
2014-09-12,103.0999984741211,103.9800033569336,0.008535450008114065
2014-09-19,103.75,101.9000015258789,-0.017831310593938277
2014-09-26,101.0199966430664,101.08000183105467,0.0005939931694938227
2014-10-03,101.56999969482422,97.66000366210938,-0.03849557984112206
2014-10-10,97.70999908447266,97.12000274658205,-0.006038239109802279
2014-10-17,97.0199966430664,101.1500015258789,0.04256859436933058
2014-10-24,100.8499984741211,104.0199966430664,0.03143280334068388
2014-10-31,104.19000244140624,104.77999877929688,0.005662696267066947
2014-11-07,104.87999725341795,105.16999816894533,0.002765073637698956
2014-11-14,105.0,106.37000274658205,0.013047645205543246
2014-11-21,106.6500015258789,106.5999984741211,-0.0004688518616259296
2014-11-28,106.5,106.9499969482422,0.004225323457673236
2014-12-05,106.7699966430664,103.33999633789062,-0.03212513264978667
2014-12-12,103.75,106.91000366210938,0.03045786662274086
2014-12-19,106.66000366210938,107.36000061035156,0.006562881344535976
2014-12-26,107.36000061035156,105.91999816894533,-0.013412839355622985
2015-01-02,105.3499984741211,105.2699966430664,-0.000759390908528057
2015-01-09,105.5500030517578,104.0199966430664,-0.014495560061150714
2015-01-16,104.41999816894533,105.75,0.012737041317533837
2015-01-23,105.75,103.0999984741211,-0.025059116083961275
2015-01-30,103.48999786376952,106.33000183105467,0.02744230385455837
2015-02-06,105.98999786376952,108.47000122070312,0.023398465958280212
2015-02-13,108.37000274658205,109.27999877929688,0.008397121063499657
2015-02-20,109.16999816894533,109.0199966430664,-0.001374017847346587
2015-02-27,109.11000061035156,107.45999908447266,-0.015122367488304866
2015-03-06,107.5999984741211,106.87000274658205,-0.006784347006423275
2015-03-13,107.36000061035156,109.76000213623048,0.02235470857148547
2015-03-20,109.72000122070312,106.87000274658205,-0.025975195428482256
2015-03-27,107.58999633789062,107.38999938964844,-0.0018588805190966617
2015-04-03,107.2699966430664,109.12000274658205,0.017246258612940935
2015-04-10,109.04000091552734,108.08000183105467,-0.00880410011383237
2015-04-17,108.66999816894533,109.8499984741211,0.010858565612021698
2015-04-24,110.19000244140624,108.9000015258789,-0.011707059505813966
2015-05-01,109.23999786376952,109.4499969482422,0.001922364413944555
2015-05-08,109.33000183105467,109.94000244140624,0.005579443886721824
2015-05-15,109.80999755859376,110.3000030517578,0.004462303105895016
2015-05-22,110.0199966430664,109.30999755859376,-0.006453363989603278
2015-05-29,109.8000030517578,108.91000366210938,-0.008105640846192808
2015-06-05,108.87999725341795,109.05999755859376,0.001653199023846863
2015-06-12,108.27999877929688,109.94000244140624,0.015330658300919398
2015-06-19,110.68000030517578,109.01000213623048,-0.0150885269636849
2015-06-26,108.02999877929688,107.58000183105467,-0.004165481378570979
2015-07-03,106.98999786376952,107.5999984741211,0.005701473245455002
2015-07-10,108.58000183105467,109.95999908447266,0.012709497422602745
2015-07-17,110.0500030517578,107.55999755859376,-0.022626128342703944
2015-07-24,107.05999755859376,108.83999633789062,0.01662617989807691
2015-07-31,108.98999786376952,107.43000030517578,-0.014313217627030639
2015-08-07,108.08000183105467,108.16000366210938,0.0007402093791575304
2015-08-14,107.88999938964844,102.2300033569336,-0.052460803269388956
2015-08-21,96.4000015258789,102.9800033569336,0.06825727932471315
2015-08-28,102.52999877929688,99.76000213623048,-0.02701645056125479
2015-09-04,101.58999633789062,101.86000061035156,0.0026577840554584675
2015-09-11,101.91000366210938,101.83999633789062,-0.0006869524256997162
2015-09-18,102.41999816894533,99.61000061035156,-0.02743602430024039
2015-09-25,99.05999755859376,100.36000061035156,0.013123390710653382
2015-10-02,101.0999984741211,103.83000183105467,0.027003000970691193
2015-10-09,103.8499984741211,104.51000213623048,0.006355355530157869
2015-10-16,104.3000030517578,106.30999755859376,0.019271279463323854
2015-10-23,106.26000213623048,106.52999877929688,0.0025409056807681463
2015-10-30,106.77999877929688,107.83999633789062,0.009926929862442258
2015-11-06,107.9000015258789,103.83999633789062,-0.037627480357491194
2015-11-13,103.8000030517578,107.22000122070312,0.03294795826971231
2015-11-20,107.2300033569336,107.62999725341795,0.0037302423198934953
2015-11-27,107.77999877929688,107.38999938964844,-0.0036184764711961748
2015-12-04,107.2300033569336,103.23999786376952,-0.03720978614430004
2015-12-11,103.36000061035156,102.9000015258789,-0.004450455512348239
2015-12-18,103.19000244140624,105.2300033569336,0.01976936590040035
2015-12-25,104.87999725341795,104.3000030517578,-0.00553007453135923
2016-01-01,102.58000183105467,97.97000122070312,-0.0449405393650123
2016-01-08,98.5500030517578,95.45999908447266,-0.03135468159917043
2016-01-15,96.56999969482422,96.80999755859376,0.00248522175135113
2016-01-22,96.63999938964844,98.33000183105467,0.01748760815479944
2016-01-29,97.75,95.26000213623048,-0.02547312392603085
2016-02-05,94.1999969482422,94.36000061035156,0.001698552731347558
2016-02-12,95.62000274658205,97.3000030517578,0.017569548806939395
2016-02-19,98.23999786376952,99.11000061035156,0.008855891342633093
2016-02-26,99.12000274658205,102.06999969482422,0.02976187314869594
2016-03-04,101.6500015258789,103.19000244140624,0.015150033373440452
2016-03-11,102.87999725341795,104.12999725341795,0.012150078084867566
2016-03-18,103.9800033569336,103.31999969482422,-0.0063474095095359395
2016-03-25,103.58000183105467,105.4800033569336,0.01834332392634952
2016-04-01,105.48999786376952,104.1999969482422,-0.012228656191587306
2016-04-08,104.6500015258789,106.05999755859376,0.013473444932212253
2016-04-15,105.73999786376952,106.8000030517578,0.010024637879735288
2016-04-22,106.5,105.51000213623048,-0.009295754589385141
2016-04-29,105.8000030517578,104.9800033569336,-0.007750469481773603
2016-05-06,104.87000274658205,104.41999816894533,-0.004291070523991025
2016-05-13,104.58000183105467,104.88999938964844,0.0029642145072301673
2016-05-20,104.91999816894533,107.38999938964844,0.02354175813771775
2016-05-27,107.56999969482422,107.69000244140624,0.0011155781995209058
2016-06-03,107.83999633789062,107.5,-0.0031527851394331785
2016-06-10,107.1500015258789,105.8000030517578,-0.012599145635990072
2016-06-17,106.93000030517578,104.0500030517578,-0.026933482139703924
2016-06-24,103.22000122070312,107.37000274658205,0.040205400860299
2016-07-01,106.94000244140624,108.83999633789062,0.01776691465408775
2016-07-08,109.19000244140624,110.5500030517578,0.012455358365628388
2016-07-15,110.6500015258789,111.31999969482422,0.006055112152787645
2016-07-22,111.23999786376952,111.41999816894533,0.0016181257518204095
2016-07-29,111.4000015258789,111.88999938964844,0.0043985444978265065
2016-08-05,111.98999786376952,112.04000091552734,0.00044649569346955076
2016-08-12,112.29000091552734,112.13999938964844,-0.0013358404546790492
2016-08-19,112.04000091552734,111.54000091552734,-0.00446269185928494
2016-08-26,111.72000122070312,112.27999877929688,0.005012509420649458
2016-09-02,112.45999908447266,109.66000366210938,-0.024897700917284382
2016-09-09,109.19000244140624,109.61000061035156,0.0038464892348610835
2016-09-16,110.19000244140624,111.1500015258789,0.008712215838121429
2016-09-23,110.63999938964844,111.33000183105467,0.006236464616889759
2016-09-30,111.08999633789062,110.54000091552734,-0.004950899635376871
2016-10-07,110.54000091552734,109.37000274658205,-0.01058438718341781
2016-10-14,109.37999725341795,109.8000030517578,0.0038398775725578815
2016-10-21,110.38999938964844,108.81999969482422,-0.014222300058925774
2016-10-28,109.0500030517578,106.79000091552734,-0.020724457340526636
2016-11-04,108.41000366210938,111.41000366210938,0.027672722983668185
2016-11-11,111.77999877929688,112.7699966430664,0.00885666375542038
2016-11-18,113.12000274658205,114.5500030517578,0.012641445106568172
2016-11-25,114.31999969482422,113.30999755859376,-0.008834868255131578
2016-12-02,113.9000015258789,117.1500015258789,0.028533801198076247
2016-12-09,117.12000274658205,116.7699966430664,-0.002988440021410854
2016-12-16,116.95999908447266,116.41999816894533,-0.004616970928131736
2016-12-23,116.56999969482422,115.31999969482422,-0.010723170655163816
2016-12-30,116.1500015258789,117.2300033569336,0.009298336778876815
2017-01-06,117.0999984741211,117.22000122070312,0.0010247886263512473
2017-01-13,116.86000061035156,116.91000366210938,0.0004278885118658149
2017-01-20,116.75,118.16000366210938,0.01207711916153631
2017-01-27,117.7300033569336,118.41999816894533,0.00586082385405029
2017-02-03,118.26000213623048,119.54000091552734,0.010823598479411167
2017-02-10,119.91999816894533,121.30999755859376,0.011591055794465399
2017-02-17,121.5500030517578,121.9800033569336,0.003537641253638535
2017-02-24,121.91999816894533,122.75,0.006807757902887568
2017-03-03,122.4800033569336,122.04000091552734,-0.0035924430874155755
2017-03-10,122.05999755859376,122.56999969482422,0.004178290565552745
2017-03-17,122.51000213623048,120.16000366210938,-0.019182094793435134
2017-03-24,119.18000030517578,121.31999969482422,0.017956027724187695
2017-03-31,121.4499969482422,120.87999725341795,-0.004693287024676973
2017-04-07,121.04000091552734,119.5500030517578,-0.012309962429770671
2017-04-14,119.87999725341795,120.83000183105467,0.007924629624644242
2017-04-21,122.16999816894533,122.61000061035156,0.0036015588769819917
2017-04-28,122.93000030517578,123.33000183105467,0.00325389672891796
2017-05-05,123.36000061035156,122.7699966430664,-0.004782781812305292
2017-05-12,123.06999969482422,122.37000274658205,-0.005687795157048425
2017-05-19,122.66999816894533,124.08999633789062,0.011575757643605966
2017-05-26,123.87000274658205,125.41000366210938,0.012432395910072946
2017-06-02,125.41999816894533,125.19000244140624,-0.0018338042648452513
2017-06-09,125.05999755859376,125.25,0.001519290301578824
2017-06-16,125.66999816894533,125.0500030517578,-0.0049335173567364166
2017-06-23,125.4499969482422,124.4499969482422,-0.0079713035020047
2017-06-30,124.98999786376952,124.5199966430664,-0.003760310654740362
2017-07-07,124.5,126.2300033569336,0.013895609292639222
2017-07-14,126.27999877929688,126.9499969482422,0.005305655491146366
2017-07-21,126.91000366210938,126.86000061035156,-0.00039400402107736543
2017-07-28,127.11000061035156,126.91000366210938,-0.0015734163109263344
2017-08-04,127.05999755859376,125.04000091552734,-0.015897974829842898
2017-08-11,125.8000030517578,124.20999908447266,-0.012639140927770631
2017-08-18,124.22000122070312,125.36000061035156,0.009177261137061077
2017-08-25,125.66000366210938,127.2699966430664,0.012812294557034809
2017-09-01,126.91999816894533,126.48999786376952,-0.003387963373616132
2017-09-08,127.1500015258789,128.60000610351562,0.011403889581091287
2017-09-15,128.85000610351562,128.3699951171875,-0.003725347020492098
2017-09-22,128.24000549316406,129.52000427246094,0.009981275144012036
2017-09-29,129.63999938964844,131.19000244140625,0.01195620995877289
2017-10-06,131.3000030517578,131.36000061035156,0.0004569501690727673
2017-10-13,131.5,132.4199981689453,0.006996183794260924
2017-10-20,132.6300048828125,132.63999938964844,7.535630300825602e-05
2017-10-27,131.94000244140625,132.82000732421875,0.0066697352321432035
2017-11-03,132.77000427246094,132.5399932861328,-0.00173240173929734
2017-11-10,132.11000061035156,132.63999938964844,0.00401179908294802
2017-11-17,132.82000732421875,134.11000061035156,0.009712341627748033
2017-11-24,134.1199951171875,136.07000732421875,0.014539310155263774
2017-12-01,137.0399932861328,136.47999572753906,-0.004086380516850285
2017-12-08,136.5,137.5500030517578,0.007692330049507756
2017-12-15,138.25999450683594,137.52000427246094,-0.005352164500038503
2017-12-22,137.33999633789062,137.25,-0.0006552813476797814
2017-12-29,137.75,140.3699951171875,0.01901992825544463
2018-01-05,140.30999755859375,142.75,0.0173900825590656
2018-01-12,143.52999877929688,143.9199981689453,0.002717197749357858
2018-01-19,143.83999633789062,146.86000061035156,0.020995580849200834
2018-01-26,146.5800018310547,141.3000030517578,-0.03602127652708387
2018-02-02,140.2100067138672,134.22999572753906,-0.042650386562863574
2018-02-09,135.35000610351562,140.11000061035156,0.03516804057766709
2018-02-16,139.55999755859375,140.86000061035156,0.00931501199842022
2018-02-23,141.5,138.24000549316406,-0.023038830437003055
2018-03-02,137.5500030517578,143.3000030517578,0.04180297980681513
2018-03-09,143.49000549316406,141.66000366210938,-0.012753514258816212
2018-03-16,141.16000366210938,133.10000610351562,-0.05709830936167115
2018-03-23,135.08999633789062,135.72000122070312,0.004663593899556506
2018-03-30,135.2899932861328,133.8699951171875,-0.010495958603102817
2018-04-06,134.72000122070312,136.5800018310547,0.013806417707081575
2018-04-13,137.5399932861328,137.5,-0.00029077568769120266
2018-04-20,137.77999877929688,137.3300018310547,-0.003266054233045934
2018-04-27,137.69000244140625,137.1300048828125,-0.004067089466659346
2018-05-04,137.64999389648438,140.57000732421875,0.02121332043015034
2018-05-11,140.94000244140625,140.1999969482422,-0.00525050007340333
2018-05-18,141.05999755859375,140.60000610351562,-0.003260963157801333
2018-05-25,139.8000030517578,141.5,0.012160206803520701
2018-06-01,141.89999389648438,143.91000366210938,0.01416497429232666
2018-06-08,144.0,144.14999389648438,0.0010416242811415177
2018-06-15,143.3000030517578,142.4499969482422,-0.005931654469041536
2018-06-22,141.85000610351562,140.42999267578125,-0.010010668781347265
2018-06-29,139.55999755859375,142.7899932861328,0.02314413717428554
2018-07-06,143.4600067138672,144.6999969482422,0.008643455850717796
2018-07-13,144.77000427246094,144.83999633789062,0.0004834707699390428
2018-07-20,144.7899932861328,145.22000122070312,0.0029698732958742813
2018-07-27,145.22000122070312,146.27000427246094,0.007230429988511311
2018-08-03,146.30999755859375,146.25,-0.00041007148926863746
2018-08-10,146.39999389648438,147.1699981689453,0.005259592244282407
2018-08-17,147.4499969482422,148.67999267578125,0.008341781980306218
2018-08-24,149.32000732421875,150.07000732421875,0.005022769643799441
2018-08-31,149.88999938964844,148.5800018310547,-0.008739726225418964
2018-09-07,149.1999969482422,150.27999877929688,0.007238618318667456
2018-09-14,150.24000549316406,151.16000366210938,0.0061235232648282345
2018-09-21,150.8699951171875,149.64999389648438,-0.008086440380378423
2018-09-28,150.4199981689453,147.6300048828125,-0.018548021008477966
2018-10-05,147.27999877929688,141.3699951171875,-0.0401276732149195
2018-10-12,141.16000366210938,141.35000610351562,0.001346007625935286
2018-10-19,141.72999572753906,135.77000427246094,-0.04205172958965986
2018-10-26,137.50999450683594,139.55999755859375,0.014908029478947427
2018-11-02,139.8000030517578,142.1699981689453,0.016952754402373316
2018-11-09,141.7899932861328,140.0800018310547,-0.01206002917023452
2018-11-16,139.8300018310547,135.1300048828125,-0.03361222117354201
2018-11-23,136.47999572753906,141.35000610351562,0.03568296108170155
2018-11-30,143.60000610351562,134.89999389648438,-0.06058504064936987
2018-12-07,134.80999755859375,133.1199951171875,-0.01253618034279469
2018-12-14,132.5399932861328,123.48999786376952,-0.06828124249882672
2018-12-21,121.9000015258789,126.43000030517578,0.0371615973961672
2018-12-28,127.37999725341795,128.89999389648438,0.011932773401167829
2019-01-04,129.19000244140625,132.83999633789062,0.028252912977069
2019-01-11,131.7899932861328,136.64999389648438,0.03687685604323443
2019-01-18,135.88999938964844,136.47000122070312,0.004268171562732848
2019-01-25,135.24000549316406,138.72999572753906,0.025805901305966827
2019-02-01,138.75999450683594,138.97000122070312,0.0015134528839784167
2019-02-08,139.39999389648438,142.74000549316406,0.023959912072592404
2019-02-15,142.41000366210938,143.77000427246094,0.009549895199626457
2019-02-22,144.55999755859375,144.4199981689453,-0.0009684517986497942
2019-03-01,145.0,140.99000549316406,-0.02765513452990298
2019-03-08,141.38999938964844,145.00999450683594,0.025602907792731333
2019-03-15,145.10000610351562,143.55999755859375,-0.010613428533029934
2019-03-22,142.5800018310547,144.7100067138672,0.014939015678624878
2019-03-29,145.75999450683594,147.77999877929688,0.013858427199420653
2019-04-05,147.5399932861328,148.67999267578125,0.007726714392873646
2019-04-12,148.75,148.27000427246094,-0.00322686203387601
2019-04-19,147.9499969482422,150.16000366210938,0.014937524565413307
2019-04-26,150.22000122070312,150.6300048828125,0.0027293546716657957
2019-05-03,148.19000244140625,147.52999877929688,-0.0044537664568183866
2019-05-10,144.6999969482422,146.24000549316406,0.010642768330345831
2019-05-17,145.25999450683594,144.5800018310547,-0.004681210942419911
2019-05-24,144.82000732421875,140.69000244140625,-0.02851819274919909
2019-05-31,140.69000244140625,146.7899932861328,0.04335767104181443
2019-06-07,147.72999572753906,147.6300048828125,-0.0006768486266728324
2019-06-14,147.27999877929688,150.6999969482422,0.02322106326243434
2019-06-21,150.3300018310547,150.08999633789062,-0.001596524248258735
2019-06-28,151.85000610351562,152.5500030517578,0.004609792032309823
2019-07-05,151.8699951171875,153.61000061035156,0.011457203852686115
2019-07-12,153.8300018310547,151.8000030517578,-0.01319637752800873
2019-07-19,152.05999755859375,154.41000366210938,0.015454466271513034
2019-07-26,154.35000610351562,149.5800018310547,-0.03090381654576624
2019-08-02,147.17999267578125,148.9199981689453,0.01182229637011245
2019-08-09,148.1199951171875,147.33999633789062,-0.005265992472385461
2019-08-16,149.08999633789062,145.30999755859375,-0.025353805568081533
2019-08-23,146.52999877929688,149.0399932861328,0.01712956068891036
2019-08-30,147.99000549316406,151.67999267578125,0.024934029634775756
2019-09-06,152.22000122070312,153.47000122070312,0.008211798646536872
2019-09-13,152.22000122070312,152.0399932861328,-0.0011825511307762548
2019-09-20,151.7100067138672,150.3000030517578,-0.009294071582032881
2019-09-27,150.64999389648438,149.72999572753906,-0.0061068583220618144
2019-10-04,149.3800048828125,150.6300048828125,0.00836792046553092
2019-10-11,150.52000427246094,151.5800018310547,0.007042237101422266
2019-10-18,152.35000610351562,153.4499969482422,0.007220156223552543
2019-10-25,154.1199951171875,155.8300018310547,0.011095294368306696
2019-11-01,156.6999969482422,157.16000366210938,0.0029355885311161956
2019-11-08,156.39999389648438,158.5500030517578,0.013746862143079408
2019-11-15,158.4199981689453,158.13999938964844,-0.0017674459192852376
2019-11-22,158.75999450683594,160.02000427246094,0.007936569722989839
2019-11-29,160.25999450683594,160.2899932861328,0.00018718819621321714
2019-12-06,160.08999633789062,161.3300018310547,0.007745677565929032
2019-12-13,162.36000061035156,164.19000244140625,0.011271260311500608
2019-12-20,164.55999755859375,164.0800018310547,-0.0029168433073666344
2019-12-27,164.3000030517578,163.92999267578125,-0.0022520411996583833
2020-01-03,162.9199981689453,165.4600067138672,0.015590526475994348
2020-01-10,166.0,168.75999450683594,0.01662647293274655
2020-01-17,168.39999389648438,167.08999633789062,-0.007779083171457923
2020-01-24,164.22999572753906,163.52000427246094,-0.004323153343168906
2020-01-31,164.35000610351562,168.7100067138672,0.02652875234823804
2020-02-07,168.27999877929688,171.6999969482422,0.020323260005669086
2020-02-14,171.27000427246094,169.88999938964844,-0.008057481452602433
2020-02-21,164.5,150.44000244140625,-0.08547110977868544
2020-02-28,151.41000366210938,150.58999633789062,-0.005415806778848675
2020-03-06,140.0,135.92999267578125,-0.029071480887276735
2020-03-13,121.05999755859376,115.19000244140624,-0.048488313526905635
2020-03-20,113.6500015258789,126.93000030517578,0.11684996569289896
2020-03-27,127.77999877929688,123.37999725341795,-0.034434196023734986
2020-04-03,128.42999267578125,139.36000061035156,0.08510479294476703
2020-04-10,138.75,143.13999938964844,0.03163963524070956
2020-04-17,141.0,141.6300048828125,0.004468119736258824
2020-04-24,142.64999389648438,141.80999755859375,-0.005888512960611658
2020-05-01,140.6699981689453,147.47000122070312,0.048340109051476565
2020-05-08,146.22000122070312,143.8300018310547,-0.01634522889957435
2020-05-15,147.52999877929688,149.25999450683594,0.011726399660092923
2020-05-22,152.83999633789062,153.7100067138672,0.005692295189887231
2020-05-29,153.6199951171875,161.89999389648438,0.05389922563778593
2020-06-05,162.89999389648438,153.97000122070312,-0.05481886439760009
2020-06-12,150.55999755859375,157.0800018310547,0.043305023765848105
2020-06-19,156.9499969482422,152.02000427246094,-0.0314112314217313
2020-06-26,152.6999969482422,158.07000732421875,0.03516706275899106
2020-07-03,160.5,160.9499969482422,0.0028037193036896113
2020-07-10,162.0800018310547,163.19000244140625,0.0068484735797855745
2020-07-17,163.02000427246094,162.69000244140625,-0.0020243026770085937
2020-07-24,163.05999755859375,165.52000427246094,0.015086512637676242
2020-07-31,166.47000122070312,169.8000030517578,0.02000361510564197
2020-08-07,170.02999877929688,170.97999572753906,0.005587231400708825
2020-08-14,171.42999267578125,172.22000122070312,0.004608344972725886
2020-08-21,173.50999450683594,177.67999267578125,0.024033187141741408
2020-08-28,177.66000366210938,173.4499969482422,-0.02369698653093677
2020-09-04,170.3000030517578,169.1199951171875,-0.006928995381237257
2020-09-11,171.0,169.08999633789062,-0.01116961205911915
2020-09-18,166.47000122070312,166.9600067138672,0.0029435062748297547
2020-09-25,169.32000732421875,170.38999938964844,0.006319348093228205
2020-10-02,171.61000061035156,177.32000732421875,0.03327315828657351
2020-10-09,178.64999389648438,177.5500030517578,-0.006157239755428923
2020-10-16,178.30999755859375,176.83999633789062,-0.008244076276317958
2020-10-23,175.0399932861328,166.99000549316406,-0.04598942014245666
2020-10-30,168.7899932861328,179.25999450683594,0.06202975079781159
2020-11-06,187.52000427246097,183.32000732421875,-0.022397594136888688
2020-11-13,185.5399932861328,183.22999572753903,-0.012450132813314196
2020-11-20,184.2899932861328,188.17999267578125,0.02110803370429748
2020-11-27,188.05999755859375,191.5099945068359,0.018345192986441772
2020-12-04,191.3000030517578,190.17999267578125,-0.005854732661313866
2020-12-11,191.69000244140625,193.47000122070312,0.009285819586970723
2020-12-18,191.6000061035156,192.82000732421875,0.006367438318577223
2020-12-25,194.58999633789065,194.63999938964844,0.00025696619918202934
2021-01-01,195.38999938964844,199.25,0.019755364258197794
2021-01-08,197.4199981689453,197.05999755859375,-0.0018235265610907492
2021-01-15,198.66000366210935,200.88999938964844,0.011225187186304275
2021-01-22,201.27000427246097,193.9900054931641,-0.03617031164485829
2021-01-29,195.8800048828125,204.11000061035156,0.04201549684697392
2021-02-05,205.19000244140625,207.4900054931641,0.011209137991090135
2021-02-12,208.30999755859375,205.97000122070312,-0.011233240676470357
2021-02-19,204.72000122070312,200.0800018310547,-0.022665100439532404
2021-02-26,203.1499938964844,200.75,-0.011813900903720032
2021-03-05,201.44000244140625,207.3999938964844,0.02958693101094334
2021-03-12,207.72999572753903,205.2599945068359,-0.011890440819836146
2021-03-19,205.8800048828125,206.47000122070312,0.0028657291815514796
2021-03-26,205.58999633789065,209.27999877929688,0.01794835598587019
2021-04-02,210.8500061035156,214.13999938964844,0.01560347731039502
2021-04-09,214.05999755859375,217.1499938964844,0.014435188139459987
2021-04-16,216.72999572753903,217.2100067138672,0.002214787965628906
2021-04-23,217.7400054931641,217.1000061035156,-0.0029392825089672447
2021-04-30,218.57000732421875,218.75,0.0008235012570332323
2021-05-07,218.88999938964844,215.5399932861328,-0.015304518766763087
2021-05-14,214.8999938964844,214.97000122070312,0.0003257669902607674
2021-05-21,216.2400054931641,218.08999633789065,0.008555266360206648
2021-05-28,219.52999877929688,219.38999938964844,-0.0006377232743903782
2021-06-04,219.5500030517578,221.02000427246097,0.006695519017399398
2021-06-11,221.1999969482422,216.75,-0.02011752716833637
2021-06-18,217.6699981689453,222.5500030517578,0.02241928113136127
2021-06-25,222.9900054931641,225.27000427246097,0.010224668026059813
2021-07-02,225.3800048828125,225.8800048828125,0.0022184754155984976
2021-07-09,225.9499969482422,222.38999938964844,-0.01575568757103918
2021-07-16,219.80999755859375,227.4600067138672,0.03480282626013964
2021-07-23,227.25,226.69000244140625,-0.0024642356813806554
2021-07-30,227.8500061035156,228.8699951171875,0.004476581024134285
2021-08-06,228.86000061035156,230.1499938964844,0.005636604398726375
2021-08-13,229.47999572753903,228.11000061035156,-0.005969998007207877
2021-08-20,229.07000732421875,232.72999572753903,0.015977597617744976
2021-08-27,233.22000122070312,234.2899932861328,0.004587908669193119
2021-09-03,234.2899932861328,230.0800018310547,-0.017969147533913543
2021-09-10,231.5099945068359,229.0399932861328,-0.010669091094597016
2021-09-17,225.5099945068359,229.63999938964844,0.018314065821536607
2021-09-24,229.16000366210935,225.1199951171875,-0.017629640776576028
2021-10-01,224.2400054931641,226.38999938964844,0.00958791403771131
2021-10-08,226.07000732421875,230.72999572753903,0.02061303247819679
2021-10-15,230.07000732421875,234.36000061035156,0.018646469116190723
2021-10-22,235.07000732421875,236.91000366210935,0.00782743982882006
2021-10-29,237.75,242.36000061035156,0.01939011823491721
2021-11-05,243.1699981689453,241.75,-0.005839528641023994
2021-11-12,242.44000244140625,241.47999572753903,-0.0039597702697566906
2021-11-19,242.33999633789065,235.9900054931641,-0.026202818109615222
2021-11-26,238.47999572753903,231.19000244140625,-0.030568573535457166
2021-12-03,232.61000061035156,239.52999877929688,0.029749357941566412
2021-12-10,239.5,235.44000244140625,-0.016951973104775586
2021-12-17,232.1000061035156,240.6699981689453,0.036923704610363206
2021-12-24,240.47999572753903,241.44000244140625,0.0039920439575975575
2021-12-31,242.4199981689453,236.11000061035156,-0.026029195636724012
2022-01-07,234.2100067138672,235.02000427246097,0.003458424214911382
2022-01-14,232.5,220.91000366210935,-0.04984944661458346
2022-01-21,217.9900054931641,222.08999633789065,0.0188081597385672
2022-01-28,222.08999633789065,226.07000732421875,0.0179207125577725
2022-02-04,226.47999572753903,222.94000244140625,-0.01563048990159588
2022-02-11,222.52000427246097,219.3699951171875,-0.01415607179036582
2022-02-18,218.11000061035156,221.41000366210935,0.015129994234666766
2022-02-25,219.25,217.9600067138672,-0.005883663790799631
2022-03-04,217.67999267578125,211.9900054931641,-0.026139229024561672
2022-03-11,212.27999877929688,225.17999267578125,0.06076876752715754
2022-03-18,225.44000244140625,228.08999633789065,0.011754763430563475
2022-03-25,228.02999877929688,228.5800018310547,0.0024119767342110077
2022-04-01,228.86000061035156,224.69000244140625,-0.018220738258429847
2022-04-08,223.1699981689453,220.6699981689453,-0.011202222612859636
2022-04-15,220.41000366210935,214.22000122070312,-0.028084035835757915
2022-04-22,213.07000732421875,206.8800048828125,-0.02905149588692324
2022-04-29,207.1499938964844,205.9499969482422,-0.0057928891315432995
2022-05-06,203.0,200.8999938964844,-0.010344857652786144
2022-05-13,200.38999938964844,195.32000732421875,-0.02530062418719481
2022-05-20,196.6499938964844,208.07000732421875,0.05807278811178507
2022-05-27,207.1699981689453,205.83999633789065,-0.006419857328811007
2022-06-03,208.1199951171875,195.42999267578125,-0.06097445098564802
2022-06-10,190.6499938964844,183.7100067138672,-0.036401717308133574
2022-06-17,186.69000244140625,195.19000244140625,0.04553002243742421
2022-06-24,195.6300048828125,190.61000061035156,-0.025660707187877718
2022-07-01,188.36000061035156,194.6300048828125,0.03328734472363526
2022-07-08,193.3800048828125,192.5099945068359,-0.004498967597522885
2022-07-15,194.2899932861328,197.8999938964844,0.018580476273088786
2022-07-22,198.33999633789065,206.25,0.03988103160309597
2022-07-29,204.97000122070312,207.67999267578125,0.01322140527364346
2022-08-05,208.6199951171875,214.94000244140625,0.03029435083951859
2022-08-12,213.83999633789065,211.7899932861328,-0.009586621244225157
2022-08-19,209.0800018310547,203.77000427246097,-0.025396965334276267
2022-08-26,202.1999969482422,196.7100067138672,-0.027151287424501236
2022-09-02,197.47000122070312,204.4499969482422,0.035347119483418954
2022-09-09,205.52999877929688,194.6300048828125,-0.05303359101456062
2022-09-16,192.8999938964844,184.2599945068359,-0.04479004490941019
2022-09-23,183.5,179.47000122070312,-0.02196184620870234
2022-09-30,181.52000427246097,182.3999938964844,0.004847893363326472
2022-10-07,182.8999938964844,179.4199981689453,-0.019026767871346495
2022-10-14,182.7599945068359,187.4900054931641,0.025880997638962233
2022-10-21,188.3800048828125,195.2899932861328,0.0366811138348726
2022-10-28,193.9900054931641,188.94000244140625,-0.02603228469899599
2022-11-04,189.58999633789065,200.16000366210935,0.0557519253567611
2022-11-11,199.2599945068359,198.4199981689453,-0.004215579449199369
2022-11-18,197.72000122070312,201.5399932861328,0.019320210610183297
2022-11-25,199.92999267578125,203.9900054931641,0.02030717234090429
2022-12-02,202.5099945068359,196.6999969482422,-0.028689929959963556
2022-12-09,197.0,192.69000244140625,-0.02187816019590738
2022-12-16,192.8000030517578,191.4199981689453,-0.007157701561042118
2022-12-23,191.38999938964844,191.19000244140625,-0.0010449707345210335
2022-12-30,192.3800048828125,194.0399932861328,0.008628695088824356
2023-01-06,195.4600067138672,200.0399932861328,0.023431834722947853
2023-01-13,200.0399932861328,198.7599945068359,-0.00639871436841144
2023-01-20,199.1999969482422,203.94000244140625,0.023795208663560663
2023-01-27,202.27999877929688,207.83999633789065,0.027486640261750184
2023-02-03,206.41000366210935,205.0099945068359,-0.0067826613557220305
2023-02-10,205.41000366210935,205.0800018310547,-0.0016065518970415082
2023-02-17,203.1499938964844,199.47999572753903,-0.018065460394822486
2023-02-24,201.30999755859375,203.57000732421875,0.011226515290017725
2023-03-03,203.86000061035156,193.2599945068359,-0.051996497948491704
2023-03-10,190.8999938964844,195.19000244140625,0.02247254417015898
2023-03-17,195.75,196.92999267578125,0.006028059646392192
2023-03-24,198.27000427246097,204.1000061035156,0.029404356208330373
2023-03-31,203.72000122070312,203.1999969482422,-0.0025525440278079126
2023-04-07,202.0,205.0800018310547,0.01524753381710231
2023-04-14,205.02999877929688,205.0,-0.00014631409781729054
2023-04-21,204.8999938964844,206.3000030517578,0.00683264615410728
2023-04-28,206.0,204.69000244140625,-0.006359211449484259
2023-05-05,204.92999267578125,204.22000122070312,-0.0034645560945361087
2023-05-12,204.1699981689453,207.69000244140625,0.017240555929026513
2023-05-19,207.67999267578125,208.36000061035156,0.003274306426001683
2023-05-26,209.6300048828125,212.7100067138672,0.014692561939195992
2023-06-02,212.7400054931641,213.92999267578125,0.005593622035773516
2023-06-09,214.5,219.2599945068359,0.022191116581985693
2023-06-16,218.3800048828125,214.94000244140625,-0.01575236910197997
2023-06-23,214.8000030517578,220.27999877929688,0.025512084030178572
2023-06-30,220.27999877929688,218.0399932861328,-0.010168900969571792
2023-07-07,217.8999938964844,223.9499969482422,0.02776504461322693
2023-07-14,223.9499969482422,225.52000427246097,0.0070105262139459334
2023-07-21,226.0500030517578,227.66000366210935,0.007122320675142291
2023-07-28,228.1199951171875,222.8999938964844,-0.022882699160244768
2023-08-04,223.72000122070312,221.8000030517578,-0.00858214803535251
2023-08-11,221.32000732421875,217.0099945068359,-0.01947412197158016
2023-08-18,217.41000366210935,218.58999633789065,0.005427499452210993
2023-08-25,219.57000732421875,224.67999267578125,0.023272692904805714
2023-09-01,224.2599945068359,221.4199981689453,-0.012663856271538543
2023-09-08,222.66000366210935,221.02999877929688,-0.007320600269485444
2023-09-15,220.91000366210935,213.63999938964844,-0.03290934838596382
2023-09-22,213.1499938964844,212.41000366210935,-0.0034716878046660016
2023-09-29,212.1999969482422,212.9600067138672,0.003581572933812893
2023-10-06,211.91000366210935,213.52999877929688,0.0076447316747283445
2023-10-13,214.72999572753903,208.47000122070312,-0.02915286467373157
2023-10-20,207.6699981689453,203.1199951171875,-0.021909775566407275
2023-10-27,204.52999877929688,215.41000366210935,0.05319515448955148
2023-11-03,215.8300018310547,217.4600067138672,0.00755226274838483
2023-11-10,216.80999755859375,223.11000061035156,0.02905771469350804
2023-11-17,223.11000061035156,225.3800048828125,0.010174372579673685
2023-11-24,225.1199951171875,228.1699981689453,0.013548343629672388
2023-12-01,226.5800018310547,228.8500061035156,0.010018555274589058
2023-12-08,228.69000244140625,235.30999755859375,0.028947461832677268
2023-12-15,235.86000061035156,236.6300048828125,0.0032646666262543533
2023-12-22,236.97999572753903,237.22000122070312,0.0010127668895734132
2023-12-29,235.6499938964844,233.1199951171875,-0.010736256502549613
2024-01-05,233.27000427246097,237.11000061035156,0.016461595008183894
2024-01-12,236.2899932861328,239.5399932861328,0.013754285379594666
2024-01-19,240.5399932861328,242.1199951171875,0.006568561882244639
2024-01-26,242.33999633789065,245.17999267578125,0.011719057443290604
2024-02-02,244.8300018310547,248.8999938964844,0.016623747232735964
2024-02-09,249.0399932861328,248.4600067138672,-0.002328889286465907
2024-02-16,247.5500030517578,252.0,0.017976153881572587
2024-02-23,252.02000427246097,254.8999938964844,0.011427623106100127
2024-03-01,254.77999877929688,254.42999267578125,-0.001373758164662009
2024-03-08,253.88999938964844,253.7100067138672,-0.0007089396046081609
2024-03-15,255.5800018310547,258.5,0.011424986884832622
2024-03-22,258.1000061035156,259.8999938964844,0.006973993608689888
2024-03-29,260.32000732421875,257.17999267578125,-0.012062133374661221
2024-04-05,257.79998779296875,253.0,-0.01861903809252108
2024-04-12,255.0,245.22999572753903,-0.03831374224494499
2024-04-19,246.58999633789065,251.77999877929688,0.02104709241446523
2024-04-26,252.75,253.52999877929688,0.0030860485827770567
2024-05-03,254.8000030517578,258.04998779296875,0.012755042002690953
2024-05-10,259.0799865722656,262.29998779296875,0.012428598840477978
2024-05-17,262.42999267578125,261.8699951171875,-0.002133893130445652
2024-05-24,262.4700012207031,260.44000244140625,-0.007734212557075848
2024-05-31,261.6600036621094,262.95001220703125,0.004930094499989712
2024-06-07,262.3299865722656,266.69000244140625,0.016620348768018323
2024-06-14,266.4100036621094,268.30999755859375,0.007131841411233797
2024-06-21,268.3399963378906,267.510009765625,-0.003093040857094276
2024-06-28,268.489990234375,272.1199951171875,0.013520075290865519
2024-07-05,272.6499938964844,275.6400146484375,0.01096651684902783
2024-07-12,276.79998779296875,271.05999755859375,-0.020736959853727255
2024-07-19,272.7799987792969,269.69000244140625,-0.011327796582295213
2024-07-26,270.7300109863281,262.8999938964844,-0.02892186596276236
2024-08-02,251.2100067138672,262.9200134277344,0.046614411850261606
2024-08-09,263.6300048828125,273.1700134277344,0.03618711212011916
2024-08-16,273.6199951171875,277.5899963378906,0.014509178026272718
2024-08-23,278.1300048828125,278.3800048828125,0.0008988602294288661
2024-08-30,276.79998779296875,266.44000244140625,-0.03742769439466598
2024-09-06,268.3900146484375,277.2200012207031,0.03289983267012353
2024-09-13,277.1199951171875,281.4599914550781,0.01566107251140547
2024-09-20,282.20001220703125,282.04998779296875,-0.0005316244067078424
2024-09-27,281.6199951171875,282.75,0.004012516520150777
2024-10-04,282.0400085449219,286.1099853515625,0.014430494551599615
2024-10-11,286.8599853515625,288.8900146484375,0.007076725233695846
2024-10-18,288.510009765625,285.5400085449219,-0.010294274445159957
2024-10-25,287.05999755859375,282.2300109863281,-0.016825704080484893
2024-11-01,282.1700134277344,296.7099914550781,0.051529139651359745
2024-11-08,297.92999267578125,290.30999755859375,-0.025576461935740258
2024-11-15,290.6400146484375,296.510009765625,0.020196789228378975
2024-11-22,298.6700134277344,299.8599853515625,0.003984236348909764
2024-11-29,300.29998779296875,302.45001220703125,0.007159588749449997
2024-12-06,302.5299987792969,299.92999267578125,-0.008594209215636806
2024-12-13,300.57000732421875,293.2799987792969,-0.024253945394685728
2024-12-20,292.5299987792969,294.07000732421875,0.005264446557099012
2024-12-27,290.8800048828125,293.05999755859375,0.0074944741446203444
2025-01-03,295.20001220703125,287.29998779296875,-0.026761599212001386
2025-01-10,285.0,296.20001220703125,0.039298288445723584
2025-01-17,297.75,301.29998779296875,0.011922712990659168
2025-01-24,295.0,298.6000061035156,0.012203410520391866
2025-01-31,293.32000732421875,298.0,0.015955245325656398
2025-02-07,299.55999755859375,301.8399963378906,0.007611159026167824
2025-02-14,302.3699951171875,295.9200134277344,-0.021331421085459712
2025-02-21,296.9599914550781,292.9599914550781,-0.013469827973796589
2025-02-28,293.9100036621094,283.3399963378906,-0.03596341462528252
2025-03-07,279.42999267578125,276.989990234375,-0.00873207066299908
2025-03-14,276.7300109863281,278.8500061035156,0.007660878954296901
2025-03-21,282.25,273.42999267578125,-0.031248918774911427
2025-03-28,270.2699890136719,248.47000122070312,-0.08066003877280647
2025-04-04,240.0,261.739990234375,0.09058329264322906
2025-04-11,266.42999267578125,258.75,-0.028825556006853326
2025-04-18,256.2300109863281,270.6400146484375,0.05623854757153435
2025-04-25,271.0199890136719,278.79998779296875,0.028706365193249317
2025-05-02,276.6499938964844,277.9700012207031,0.00477139834932605
2025-05-09,286.7799987792969,292.5799865722656,0.020224519902562577
2025-05-16,289.4599914550781,285.0400085449219,-0.015269754165118221
2025-05-23,288.4599914550781,289.8800048828125,0.004922739616580518
2025-05-30,289.3399963378906,295.1199951171875,0.019976494271282785
2025-06-06,295.4599914550781,293.57000732421875,-0.006396751457114713
2025-06-13,295.45001220703125,293.42999267578125,-0.006837094086273088
2025-06-20,293.489990234375,303.30999755859375,0.03345942843357852
2025-06-27,303.739990234375,308.0299987792969,0.014123950361661475
2025-07-04,306.989990234375,307.0199890136719,9.771907961542148e-05
2025-07-11,306.739990234375,309.0899963378906,0.007661231591355344
2025-07-18,309.94000244140625,313.69000244140625,0.012099115862622245
2025-07-25,314.20001220703125,305.739990234375,-0.02692559402920014
2025-08-01,307.5799865722656,313.0299987792969,0.017719007883989057
2025-08-08,313.3299865722656,316.4700012207031,0.010021430386501828
2025-08-15,316.32000732421875,318.17999267578125,0.005880074950984859
2025-08-22,317.5799865722656,318.20001220703125,0.0019523447981018016
2025-08-29,314.5199890136719,319.54998779296875,0.015992620357996534
2025-09-05,320.44000244140625,324.30999755859375,0.012077128597248521
2025-09-12,325.4700012207031,328.44000244140625,0.009125268717743218
2025-09-19,327.760009765625,327.17999267578125,-0.001769639591658878
2025-09-26,327.69000244140625,329.9700012207031,0.006957791700418214
2025-10-03,331.4100036621094,321.79998779296875,-0.028997362067979537
2025-10-10,325.7900085449219,327.29998779296875,0.004634823685326861
2025-10-17,328.95001220703125,333.7099914550781,0.014470220615316665
2025-10-24,336.70001220703125,335.4200134277344,-0.0038016000382852244
2025-10-31,337.0,330.0899963378906,-0.02050446190536903
2025-11-07,333.32000732421875,329.8599853515625,-0.010380480909118361
2025-11-14,328.7099914550781,323.79998779296875,-0.014937190197275685
2025-11-21,325.510009765625,336.30999755859375,0.033178665690634324
2025-11-28,333.9599914550781,337.55999755859375,0.01077975265189779
2025-12-05,338.20001220703125,335.989990234375,-0.0065346596478044194
2025-12-12,337.9800109863281,336.2200012207031,-0.0052074374472287355
2025-12-19,337.0,339.6700134277344,0.007922888509597659
2025-12-26,338.3999938964844,336.30999755859375,-0.006176112221000674
2026-01-02,338.0,342.3999938964844,0.013017733421551325
2026-01-09,340.9100036621094,341.8500061035156,0.0027573331122836553
2026-01-16,336.7200012207031,340.55999755859375,0.011404123081401707
2026-01-23,341.1499938964844,340.57000732421875,-0.001700092576995993
2026-01-30,339.54998779296875,340.9599914550781,0.004152565786481821
2026-02-06,340.3699951171875,336.6499938964844,-0.010929286582450848
2026-02-13,336.1099853515625,340.2699890136719,0.012376911854487416
2026-02-20,339.5,338.7699890136719,-0.002150253273425995
2026-02-27,335.010009765625,331.4100036621094,-0.010745965787810952
2026-03-06,328.20001220703125,326.1300048828125,-0.006307151880643347
2026-03-13,329.2200012207031,320.3399963378906,-0.026972859637587776
2026-03-20,325.0199890136719,313.0899963378906,-0.036705412217829525
2026-03-27,315.8999938964844,323.760009765625,0.024881342263388007
2026-04-03,323.95001220703125,335.04998779296875,0.03426447034317026
2026-04-10,333.94000244140625,350.5299987792969,0.049679571829079006
2026-04-17,349.8999938964844,352.04998779296875,0.0061445954100829425
2026-04-24,352.0,355.2900085449219,0.009346615184437246
2026-05-01,355.0799865722656,362.8699951171875,0.021938742929789035
2026-05-08,362.6099853515625,362.739990234375,0.00035852538006220236
2026-05-15,363.3399963378906,366.7900085449219,0.009495272311895064
2026-05-22,368.9800109863281,372.5400085449219,0.0096482125117765
2026-05-29,372.1799926757813,363.3800048828125,-0.02364444077098682
2026-06-05,366.69000244140625,366.3599853515625,-0.0008999893306239626
2026-06-12,371.7999877929687,369.989990234375,-0.0048682023077460945
2026-06-19,370.2799987792969,362.2200012207031,-0.021767304702293266
2026-06-26,365.1499938964844,368.760009765625,0.009886391700622665
2026-07-03,370.3299865722656,372.69000244140625,0.0063727377061324475
2026-07-10,371.5899963378906,367.010009765625,-0.012325376402493315
2026-07-17,368.75,364.7999877929687,-0.010711897510593427
2026-07-24,367.6799926757813,368.2099914550781,0.001441467552911302
2026-07-31,369.5,381.7799987792969,0.03323409683165601
