model,K,allocation_method,filter_config,cumulative_return_minus_spy,cagr_minus_spy,mean_weekly_excess_return,excess_return_win_rate,tracking_error,information_ratio
NN_v1,2,EQUAL_WEIGHT,BASE,0.016558231265159762,0.013424995996681455,0.0003475401079119942,0.49432404540763675,0.11987832325098721,0.15075357346787774
NN_v1,2,EQUAL_WEIGHT,A,-1.086024897161204,0.0008514593870554421,9.21314455299845e-05,0.4932920536635707,0.11690474898042001,0.040980671951672334
NN_v1,2,EQUAL_WEIGHT,B,-2.950690673284942,-0.028907207642778543,-0.0005750044276999334,0.4809081527347781,0.14212736297590264,-0.21037631047489458
NN_v1,2,EQUAL_WEIGHT,C,0.9151796420412728,0.022078734110323683,0.0004152258074038538,0.5015479876160991,0.12872864980465099,0.16773066460159738
NN_v1,2,EQUAL_WEIGHT,D,0.4086079972762482,0.017347918089964054,0.0003177657152680044,0.5252837977296182,0.09210106728437399,0.17940961686053863
NN_v1,2,EQUAL_WEIGHT,E,-0.7034426595731338,0.005508151424807206,0.00017143712184616362,0.4871001031991744,0.1147670369859309,0.07767674909210516
NN_v1,2,EQUAL_WEIGHT,AB,-2.950690673284942,-0.028907207642778543,-0.0005750044276999334,0.4809081527347781,0.14212736297590264,-0.21037631047489458
NN_v1,2,EQUAL_WEIGHT,ABC,-2.1099040068574064,-0.01368010313721335,-0.0003481675395149717,0.48297213622291024,0.1480408348609277,-0.12229539283391927
NN_v1,2,EQUAL_WEIGHT,ABCD,-0.9485543417328426,0.002565298452775755,-7.99974877543126e-05,0.49948400412796695,0.13729499464433706,-0.030298769259581568
NN_v1,2,EQUAL_WEIGHT,ABCDE,-2.7224150497942223,-0.024379845581367077,-0.0005614613686950213,0.4809081527347781,0.14872771042054647,-0.19630498640492572
NN_v1,2,PAPER_WEIGHT_NORMALIZED,BASE,-0.3170971752377181,0.009880855974728764,0.00027285672713753934,0.49638802889576883,0.11779313204804272,0.12045311610667717
NN_v1,2,PAPER_WEIGHT_NORMALIZED,A,-1.4215387839213056,-0.003542643803207124,6.769795122599721e-06,0.49432404540763675,0.11571454150365255,0.003042222194382316
NN_v1,2,PAPER_WEIGHT_NORMALIZED,B,-2.9129510304996105,-0.028134839146263024,-0.0005716543247833647,0.4840041279669763,0.14034444506918667,-0.2118076342393224
NN_v1,2,PAPER_WEIGHT_NORMALIZED,C,0.5251363391293067,0.018468121948723715,0.0003404431114590605,0.5025799793601651,0.1268089977933458,0.13960398791827763
NN_v1,2,PAPER_WEIGHT_NORMALIZED,D,0.5335752996845615,0.01854847607358079,0.00033522118478181194,0.5252837977296182,0.09201231484670357,0.18944748469480246
NN_v1,2,PAPER_WEIGHT_NORMALIZED,E,-0.9583352335430888,0.0024449169243039304,0.00010671421126462036,0.49122807017543857,0.11286434376236762,0.04916644886044612
NN_v1,2,PAPER_WEIGHT_NORMALIZED,AB,-2.9129510304996105,-0.028134839146263024,-0.0005716543247833647,0.4840041279669763,0.14034444506918667,-0.2118076342393224
NN_v1,2,PAPER_WEIGHT_NORMALIZED,ABC,-2.0375311111919423,-0.012531754248630067,-0.0003377080170567807,0.48813209494324045,0.14713029565262092,-0.11935554678972586
NN_v1,2,PAPER_WEIGHT_NORMALIZED,ABCD,-2.2469577267751943,-0.015915866551486024,-0.000422441246043548,0.49638802889576883,0.13910882711178882,-0.15791194024381866
NN_v1,2,PAPER_WEIGHT_NORMALIZED,ABCDE,-2.646666841552857,-0.022949634988114642,-0.0005405066220964976,0.4871001031991744,0.14804414389729345,-0.18985110527922555
NN_v1,3,EQUAL_WEIGHT,BASE,-1.5048630824920437,-0.004684274795956789,-3.528580011722648e-05,0.49432404540763675,0.09811151330285404,-0.018701797009611523
NN_v1,3,EQUAL_WEIGHT,A,-1.983299896454254,-0.01168520316435906,-0.00019680289430979879,0.49432404540763675,0.09219903968548773,-0.11099628086170125
NN_v1,3,EQUAL_WEIGHT,B,-3.227285556863692,-0.034893365315938896,-0.000743537959006284,0.4871001031991744,0.13598977338317356,-0.28431530479416756
NN_v1,3,EQUAL_WEIGHT,C,-1.1305958335573356,0.0002854394627842538,-2.6295896548941236e-05,0.49638802889576883,0.11016182942440607,-0.01241252644123213
NN_v1,3,EQUAL_WEIGHT,D,-0.433992138475058,0.008589949124566898,0.00011862147660254815,0.49742002063983487,0.0763258941664886,0.08081551943404214
NN_v1,3,EQUAL_WEIGHT,E,-1.065661600032005,0.0011083438267696089,1.785608969183612e-05,0.49948400412796695,0.09206982207326378,0.010084918630956176
NN_v1,3,EQUAL_WEIGHT,AB,-3.227285556863692,-0.034893365315938896,-0.000743537959006284,0.4871001031991744,0.13598977338317356,-0.28431530479416756
NN_v1,3,EQUAL_WEIGHT,ABC,-2.3672206065248487,-0.017947750537304685,-0.00047360202889450793,0.4850361197110423,0.13947564582377145,-0.17657065043191267
NN_v1,3,EQUAL_WEIGHT,ABCD,-2.624379113260192,-0.02253518288727352,-0.0005650543787425304,0.4840041279669763,0.13699072937457457,-0.21448770897678734
NN_v1,3,EQUAL_WEIGHT,ABCDE,-2.5195753212370016,-0.02062348314538731,-0.0005253980223852659,0.47781217750258,0.13979758152181634,-0.1954303992002197
NN_v1,3,PAPER_WEIGHT_NORMALIZED,BASE,-1.7046955952109784,-0.007511837323710857,-8.969288890510405e-05,0.49432404540763675,0.09717596090841135,-0.04799572012939777
NN_v1,3,PAPER_WEIGHT_NORMALIZED,A,-2.0941213964056993,-0.013427829178700446,-0.00022872359223344895,0.49019607843137253,0.09210897234209885,-0.12912560517954347
NN_v1,3,PAPER_WEIGHT_NORMALIZED,B,-3.757259322167192,-0.04837360673747759,-0.0009924524580204438,0.4840041279669763,0.13529963747491267,-0.3814313828197224
NN_v1,3,PAPER_WEIGHT_NORMALIZED,C,-1.3175882577174463,-0.0021474665431790996,-7.31033657085201e-05,0.49432404540763675,0.10929735042668366,-0.03478012048785205
NN_v1,3,PAPER_WEIGHT_NORMALIZED,D,-0.5962200491305722,0.006752858271181994,8.653179017540948e-05,0.4984520123839009,0.07649803093318763,0.058820508635722
NN_v1,3,PAPER_WEIGHT_NORMALIZED,E,-1.2048095419981104,-0.0006686862363269874,-1.6862794004007924e-05,0.500515995872033,0.09120629124080769,-0.00961408775950845
NN_v1,3,PAPER_WEIGHT_NORMALIZED,AB,-3.757259322167192,-0.04837360673747759,-0.0009924524580204438,0.4840041279669763,0.13529963747491267,-0.3814313828197224
NN_v1,3,PAPER_WEIGHT_NORMALIZED,ABC,-2.405173058922995,-0.01860333645865042,-0.0004886249091966536,0.48813209494324045,0.1384811865417891,-0.1834797629391956
NN_v1,3,PAPER_WEIGHT_NORMALIZED,ABCD,-2.7255520554795707,-0.024439812381450876,-0.0006030526990129067,0.48606811145510836,0.13622047436093987,-0.230205778505665
NN_v1,3,PAPER_WEIGHT_NORMALIZED,ABCDE,-2.5627539193268745,-0.02140379397500003,-0.0005436590408040927,0.48194014447884415,0.1388125226502387,-0.20365792352210527
NN_v2,2,EQUAL_WEIGHT,BASE,2.7789678646950264,0.03695327896951062,0.0007427399527762198,0.5025799793601651,0.11563062756576714,0.3340159813834457
NN_v2,2,EQUAL_WEIGHT,A,0.9084541347019934,0.022018199270333882,0.0004796139537855567,0.5025799793601651,0.11447013371338681,0.21787277421457513
NN_v2,2,EQUAL_WEIGHT,B,-1.6050076279624728,-0.006085013271033057,-0.0001854253511288505,0.47678018575851394,0.14271366058031074,-0.06756268614716258
NN_v2,2,EQUAL_WEIGHT,C,2.9968069768223735,0.038484921425191665,0.0006824164453439174,0.500515995872033,0.1250614177010604,0.2837458251329484
NN_v2,2,EQUAL_WEIGHT,D,-1.932936377503783,-0.010909396017389605,-0.00014214434830272987,0.478844169246646,0.10417833060195011,-0.0709505140755595
NN_v2,2,EQUAL_WEIGHT,E,3.839810724723458,0.04408921259256049,0.0008545475132969536,0.5067079463364293,0.11314352237904259,0.39274427520980637
NN_v2,2,EQUAL_WEIGHT,AB,-1.6050076279624728,-0.006085013271033057,-0.0001854253511288505,0.47678018575851394,0.14271366058031074,-0.06756268614716258
NN_v2,2,EQUAL_WEIGHT,ABC,-0.16389118327368912,0.011533256450016127,8.89536519485018e-05,0.47781217750258,0.14626704587495845,0.03162427923290693
NN_v2,2,EQUAL_WEIGHT,ABCD,-2.1004896848177568,-0.013529496250736184,-0.0003721192478387222,0.4695562435500516,0.141278232656726,-0.1369651964335521
NN_v2,2,EQUAL_WEIGHT,ABCDE,-1.5729384985689503,-0.005632972079400833,-0.00023192356266557942,0.47471620227038186,0.1409991989278565,-0.08553257997430715
NN_v2,2,PAPER_WEIGHT_NORMALIZED,BASE,3.060924816132589,0.03892883592208851,0.0007748376503309472,0.5036119711042312,0.11515880877412724,0.34987820945801207
NN_v2,2,PAPER_WEIGHT_NORMALIZED,A,1.1508021325625695,0.02416364993515474,0.0005137260719772767,0.5036119711042312,0.11345203303317265,0.23546299725635994
NN_v2,2,PAPER_WEIGHT_NORMALIZED,B,-1.4655683419579892,-0.00414325489779066,-0.0001560487303454386,0.47678018575851394,0.14190018573067908,-0.05718480167012514
NN_v2,2,PAPER_WEIGHT_NORMALIZED,C,3.2843247429207025,0.04045190480310201,0.0007152656671309295,0.5015479876160991,0.12459942339634468,0.29850711726407125
NN_v2,2,PAPER_WEIGHT_NORMALIZED,D,-1.8461361888518786,-0.00959498854870966,-0.00011897619285813913,0.478844169246646,0.104530575064768,-0.05918614744814966
NN_v2,2,PAPER_WEIGHT_NORMALIZED,E,4.192721558732579,0.04629746652109379,0.0008908835216075157,0.5067079463364293,0.11268596982978288,0.4111065751447868
NN_v2,2,PAPER_WEIGHT_NORMALIZED,AB,-1.4655683419579892,-0.00414325489779066,-0.0001560487303454386,0.47678018575851394,0.14190018573067908,-0.05718480167012514
NN_v2,2,PAPER_WEIGHT_NORMALIZED,ABC,0.2373437280126609,0.015664352671536763,0.00015802265463625033,0.4809081527347781,0.1442566131670909,0.056962227662777205
NN_v2,2,PAPER_WEIGHT_NORMALIZED,ABCD,-1.854405488523811,-0.009718999921825233,-0.0003083464513440963,0.4726522187822497,0.13969704381210102,-0.1147770563524558
NN_v2,2,PAPER_WEIGHT_NORMALIZED,ABCDE,-2.057029737864574,-0.012839020311353089,-0.00036694424969300376,0.4664602683178535,0.14049828271363382,-0.13581020789362702
NN_v2,3,EQUAL_WEIGHT,BASE,-1.3275086716165587,-0.0022792583850703707,9.199065503571447e-06,0.4726522187822497,0.09520609147948944,0.005024378154298751
NN_v2,3,EQUAL_WEIGHT,A,-1.542689152439598,-0.005209609170524487,-6.151037447068357e-05,0.47471620227038186,0.09311547025605742,-0.034350247748090736
NN_v2,3,EQUAL_WEIGHT,B,-2.9095516389277907,-0.02806575270762135,-0.000627097706285645,0.4602683178534572,0.13274883027634352,-0.24564495716437684
NN_v2,3,EQUAL_WEIGHT,C,-1.0978966048835694,0.0007012028055499719,-1.828745765378329e-05,0.4716202270381837,0.10877369410913353,-0.008742442791752916
NN_v2,3,EQUAL_WEIGHT,D,0.031379161186682936,0.013577855618899237,0.00025845552229986513,0.49122807017543857,0.08453333450941435,0.15898683327221913
NN_v2,3,EQUAL_WEIGHT,E,-1.4028383990907747,-0.0032893128634108315,-2.6455884031283984e-05,0.4726522187822497,0.0909405472084718,-0.015127531248224222
NN_v2,3,EQUAL_WEIGHT,AB,-2.913142082558948,-0.028138724287068317,-0.000628419848240995,0.4602683178534572,0.1327511239810479,-0.24615860964911268
NN_v2,3,EQUAL_WEIGHT,ABC,-1.8571774872971125,-0.00976062677140832,-0.0003344565327876836,0.4664602683178535,0.13733035241707794,-0.1266416301921378
NN_v2,3,EQUAL_WEIGHT,ABCD,-1.8571774872971125,-0.00976062677140832,-0.0003344565327876836,0.4664602683178535,0.13733035241707794,-0.1266416301921378
NN_v2,3,EQUAL_WEIGHT,ABCDE,-1.743610557778918,-0.008077955376754264,-0.00030680965190753616,0.4664602683178535,0.13722426583746772,-0.11626297872191471
NN_v2,3,PAPER_WEIGHT_NORMALIZED,BASE,-1.3617242431305439,-0.002735984143421133,-1.665473786954481e-07,0.4809081527347781,0.09498408605803954,-9.117804941420785e-05
NN_v2,3,PAPER_WEIGHT_NORMALIZED,A,-1.5977795875379357,-0.005982837187952672,-7.458910521581265e-05,0.48194014447884415,0.09292851201137625,-0.04173781961285937
NN_v2,3,PAPER_WEIGHT_NORMALIZED,B,-2.7433871831517394,-0.024781884407730548,-0.0005684661005985356,0.46852425180598556,0.13203622098845752,-0.22387975821958714
NN_v2,3,PAPER_WEIGHT_NORMALIZED,C,-1.1063802671386158,0.0005936034190441308,-2.1184053134202864e-05,0.47678018575851394,0.10865050687668812,-0.010138661978160546
NN_v2,3,PAPER_WEIGHT_NORMALIZED,D,-0.08887589797343232,0.012326647937900725,0.00023624715138220297,0.49948400412796695,0.08466030643746486,0.14510757625179252
NN_v2,3,PAPER_WEIGHT_NORMALIZED,E,-1.4374540315662037,-0.003759069239672508,-3.6065676032228117e-05,0.47987616099071206,0.0905793774142077,-0.020704659351982877
NN_v2,3,PAPER_WEIGHT_NORMALIZED,AB,-2.747643872721551,-0.024863813744446128,-0.0005699505553462249,0.46852425180598556,0.13203930948909973,-0.2244591326074025
NN_v2,3,PAPER_WEIGHT_NORMALIZED,ABC,-1.6163767909197206,-0.00624607335095817,-0.0002752212278252707,0.47058823529411764,0.1365690792367363,-0.10479314883646344
NN_v2,3,PAPER_WEIGHT_NORMALIZED,ABCD,-1.6163767909197206,-0.00624607335095817,-0.0002752212278252707,0.47058823529411764,0.1365690792367363,-0.10479314883646344
NN_v2,3,PAPER_WEIGHT_NORMALIZED,ABCDE,-1.7058682661425602,-0.0075288206766381816,-0.00030034090637198074,0.4695562435500516,0.13685013195376938,-0.1141228503646527
