model,K,allocation_method,filter_config,cumulative_return_minus_vti,cagr_minus_vti,mean_weekly_excess_return,excess_return_win_rate,tracking_error,information_ratio
NN_v1,2,EQUAL_WEIGHT,BASE,0.6817889463788722,0.019665923302298882,0.00040423000189295237,0.5108359133126935,0.11648883430586289,0.18044613652190686
NN_v1,2,EQUAL_WEIGHT,A,0.8878018781770711,0.021805525610321785,0.00041131205049282443,0.5098039215686274,0.11238624496064875,0.19031000308904175
NN_v1,2,EQUAL_WEIGHT,B,-2.6417726241795005,-0.03237021847822219,-0.0007065656940113949,0.4840041279669763,0.14163129623332324,-0.25941594171435645
NN_v1,2,EQUAL_WEIGHT,C,1.9119959697546598,0.03147737864418909,0.0005140448557928832,0.5149638802889577,0.12688064453953007,0.21067305102554082
NN_v1,2,EQUAL_WEIGHT,D,1.5197317631166651,0.02794665258400575,0.0004721104651020096,0.5242518059855521,0.09219824908059897,0.26627126252520594
NN_v1,2,EQUAL_WEIGHT,E,0.19278419325453466,0.014272546757841731,0.0002523799849978886,0.5036119711042312,0.11122276630015654,0.11799525993152478
NN_v1,2,EQUAL_WEIGHT,AB,-2.6417726241795005,-0.03237021847822219,-0.0007065656940113949,0.4840041279669763,0.14163129623332324,-0.25941594171435645
NN_v1,2,EQUAL_WEIGHT,ABC,-1.8787748423502282,-0.01592200826761414,-0.0004497694210154529,0.48606811145510836,0.14517392809658416,-0.1611033757882718
NN_v1,2,EQUAL_WEIGHT,ABCD,-2.1772208358955187,-0.021830794128773423,-0.0005903976102069754,0.48297213622291024,0.1403843262145228,-0.21869019539865645
NN_v1,2,EQUAL_WEIGHT,ABCDE,-1.9320786496801037,-0.016935749291704605,-0.0004767083263180592,0.47678018575851394,0.14540105672215434,-0.1704859203046086
NN_v1,2,PAPER_WEIGHT_NORMALIZED,BASE,0.5027562135868555,0.017745065264271664,0.00036498450452977636,0.5098039215686274,0.1151972574303061,0.1647538722615051
NN_v1,2,PAPER_WEIGHT_NORMALIZED,A,0.7746906751331482,0.020639856601730955,0.0003874226311472984,0.5108359133126935,0.11116614730755436,0.18122402644685773
NN_v1,2,PAPER_WEIGHT_NORMALIZED,B,-2.6730847187593385,-0.033152313593084015,-0.0007258671974238078,0.4840041279669763,0.1410527453546416,-0.2675956017101083
NN_v1,2,PAPER_WEIGHT_NORMALIZED,C,1.633300615690029,0.028989383686996995,0.0004659051450640418,0.5128998968008256,0.1257296349797993,0.19269178302492235
NN_v1,2,PAPER_WEIGHT_NORMALIZED,D,1.6132088828138684,0.028806164795442513,0.00048463133383135304,0.5263157894736842,0.09205583878691151,0.2737559039309238
NN_v1,2,PAPER_WEIGHT_NORMALIZED,E,0.25016371952911864,0.014930142257181034,0.0002565677296895244,0.5025799793601651,0.11009319445928291,0.12118389342212722
NN_v1,2,PAPER_WEIGHT_NORMALIZED,AB,-2.6730847187593385,-0.033152313593084015,-0.0007258671974238078,0.4840041279669763,0.1410527453546416,-0.2675956017101083
NN_v1,2,PAPER_WEIGHT_NORMALIZED,ABC,-1.850194467475207,-0.015385387997760347,-0.00044304572171347727,0.4850361197110423,0.14436253435038443,-0.1595869567735908
NN_v1,2,PAPER_WEIGHT_NORMALIZED,ABCD,-2.4948572157062037,-0.02883191797723672,-0.0007202624788848514,0.47987616099071206,0.13970726920763568,-0.26808661506616327
NN_v1,2,PAPER_WEIGHT_NORMALIZED,ABCDE,-1.6836999512487099,-0.012350555974419919,-0.00039112475867896147,0.47471620227038186,0.14484966379117498,-0.14041100903504566
NN_v1,3,EQUAL_WEIGHT,BASE,-1.0170087536871923,-0.0015215160454433718,-4.022361671603394e-05,0.49226006191950467,0.09128169118779693,-0.0229139933979815
NN_v1,3,EQUAL_WEIGHT,A,-0.34890267611074943,0.007694741270293459,9.785896294229849e-05,0.49019607843137253,0.08596505481656018,0.05919458882284395
NN_v1,3,EQUAL_WEIGHT,B,-2.8867544470171134,-0.03878347794797454,-0.0008858970265284614,0.478844169246646,0.1340149732032217,-0.3437425257670577
NN_v1,3,EQUAL_WEIGHT,C,-0.8938951934859558,0.0002839794385978145,-9.628202417496444e-05,0.49226006191950467,0.1064318568237768,-0.047041040215880785
NN_v1,3,EQUAL_WEIGHT,D,0.00035156170219874383,0.012014920413984331,0.00012975497901595947,0.5036119711042312,0.0755860309685265,0.08926595063100223
NN_v1,3,EQUAL_WEIGHT,E,-0.48954258866647304,0.005866032889436212,5.0362095941225345e-05,0.4891640866873065,0.08394143571447445,0.031198286837166165
NN_v1,3,EQUAL_WEIGHT,AB,-2.8893412202848547,-0.038855040874475,-0.0008872191684838114,0.478844169246646,0.13401565015860614,-0.34425379951190344
NN_v1,3,EQUAL_WEIGHT,ABC,-2.077139767848584,-0.019784058933015602,-0.0005798722291145431,0.47781217750258,0.13833328578188941,-0.21797614177616761
NN_v1,3,EQUAL_WEIGHT,ABCD,-2.1169508392693466,-0.02058990269178218,-0.0005956576022942885,0.47781217750258,0.13923049199967524,-0.22246703918402622
NN_v1,3,EQUAL_WEIGHT,ABCDE,-2.2497283907585115,-0.02335842849038916,-0.0006488210230522569,0.4726522187822497,0.1393521215021882,-0.24211108402958592
NN_v1,3,PAPER_WEIGHT_NORMALIZED,BASE,-0.9712674149935157,-0.0008444803725802252,-3.143019652676316e-05,0.49638802889576883,0.0907342920690896,-0.018012707016518005
NN_v1,3,PAPER_WEIGHT_NORMALIZED,A,-0.3626082153914494,0.007518895243640911,9.399286598870501e-05,0.49432404540763675,0.08584069717591279,0.05693836597571515
NN_v1,3,PAPER_WEIGHT_NORMALIZED,B,-3.226707507425399,-0.04902290311614532,-0.0010741963720650445,0.47781217750258,0.13375334746990664,-0.4176210345684988
NN_v1,3,PAPER_WEIGHT_NORMALIZED,C,-0.8869408718647316,0.00038439706578508037,-9.699418607570836e-05,0.49638802889576883,0.10605880318292603,-0.047555672179683796
NN_v1,3,PAPER_WEIGHT_NORMALIZED,D,0.06083378312131682,0.012733389412307838,0.00014273173422646123,0.5077399380804953,0.07575811953345275,0.09797035915732577
NN_v1,3,PAPER_WEIGHT_NORMALIZED,E,-0.5488426660693069,0.005078414463632663,3.5237986109326345e-05,0.49019607843137253,0.08355341088215207,0.021930586176421258
NN_v1,3,PAPER_WEIGHT_NORMALIZED,AB,-3.2288669856795322,-0.049094004844376204,-0.0010755279155772732,0.47781217750258,0.13375485922708807,-0.41813397982846334
NN_v1,3,PAPER_WEIGHT_NORMALIZED,ABC,-2.350264739037489,-0.025543104582186782,-0.0006865964387293506,0.47987616099071206,0.1381595694217047,-0.258418689080811
NN_v1,3,PAPER_WEIGHT_NORMALIZED,ABCD,-2.255408059060839,-0.02347974971624578,-0.0006489562753798964,0.47987616099071206,0.1389199325838543,-0.24291493446691068
NN_v1,3,PAPER_WEIGHT_NORMALIZED,ABCDE,-2.3744919867850673,-0.026081700766480642,-0.0007001958699820593,0.4757481940144479,0.1390929127148016,-0.26176880279819237
NN_v2,2,EQUAL_WEIGHT,BASE,3.7108619639831826,0.04554131617449819,0.0008417348194043708,0.5056759545923633,0.11354147808649272,0.3854997428841322
NN_v2,2,EQUAL_WEIGHT,A,1.0551117985506275,0.023490876413601924,0.00047010112945587555,0.5025799793601651,0.11183537688080541,0.21858252203825787
NN_v2,2,EQUAL_WEIGHT,B,0.6702947494304787,0.01954436147498506,0.000222880373017563,0.48297213622291024,0.14389533175057856,0.08054312294857804
NN_v2,2,EQUAL_WEIGHT,C,4.234715443981525,0.04911435267269959,0.0008141587678900446,0.5056759545923633,0.1236753522103547,0.3423176499895807
NN_v2,2,EQUAL_WEIGHT,D,-0.017437108802011103,0.011802014705790453,0.00021992600422107302,0.4953560371517028,0.10804642726799052,0.10584479754365587
NN_v2,2,EQUAL_WEIGHT,E,3.349633965839459,0.04295576013703961,0.0007920182382561857,0.5098039215686274,0.11021443163919964,0.3736801776027444
NN_v2,2,EQUAL_WEIGHT,AB,0.6702947494304787,0.01954436147498506,0.000222880373017563,0.48297213622291024,0.14389533175057856,0.08054312294857804
NN_v2,2,EQUAL_WEIGHT,ABC,2.607870934145981,0.03729285458892706,0.0004964168545265584,0.4840041279669763,0.14665802885816256,0.17601270545062506
NN_v2,2,EQUAL_WEIGHT,ABCD,2.607870934145981,0.03729285458892706,0.0004964168545265584,0.4840041279669763,0.14665802885816256,0.17601270545062506
NN_v2,2,EQUAL_WEIGHT,ABCDE,1.9959052499465164,0.032207637282793966,0.0004140575847699629,0.478844169246646,0.14574704022732238,0.147728519045437
NN_v2,2,PAPER_WEIGHT_NORMALIZED,BASE,4.0797239486486205,0.04807781581222237,0.0008822360205090572,0.5046439628482973,0.11314278437692675,0.4054723712087338
NN_v2,2,PAPER_WEIGHT_NORMALIZED,A,1.2971716690165458,0.025851676823607894,0.0005084671055547674,0.5067079463364293,0.11101407971579884,0.2381705956265751
NN_v2,2,PAPER_WEIGHT_NORMALIZED,B,0.8166758936960417,0.02107507602571257,0.0002435329030384869,0.4891640866873065,0.14320031082241189,0.08843354379101916
NN_v2,2,PAPER_WEIGHT_NORMALIZED,C,4.5706417520565505,0.05130502951995397,0.0008500100903175623,0.5067079463364293,0.12326469277940733,0.35858219981624295
NN_v2,2,PAPER_WEIGHT_NORMALIZED,D,0.09336544758183152,0.013116419477962049,0.0002407200330489223,0.5025799793601651,0.10788093652649686,0.11603015436809379
NN_v2,2,PAPER_WEIGHT_NORMALIZED,E,3.6119835163491363,0.04484391884917183,0.0008234169665998005,0.5087719298245614,0.10974963508443811,0.39013963217505887
NN_v2,2,PAPER_WEIGHT_NORMALIZED,AB,0.8166758936960417,0.02107507602571257,0.0002435329030384869,0.4891640866873065,0.14320031082241189,0.08843354379101916
NN_v2,2,PAPER_WEIGHT_NORMALIZED,ABC,2.7704891662342366,0.03857823419263706,0.0005134210328014222,0.4871001031991744,0.14577435108960127,0.18314534419888379
NN_v2,2,PAPER_WEIGHT_NORMALIZED,ABCD,2.7704891662342366,0.03857823419263706,0.0005134210328014222,0.4871001031991744,0.14577435108960127,0.18314534419888379
NN_v2,2,PAPER_WEIGHT_NORMALIZED,ABCDE,2.083640805753613,0.03296227158680254,0.0004228784505817462,0.4809081527347781,0.144828921102443,0.15183210137080744
NN_v2,3,EQUAL_WEIGHT,BASE,0.01974344437123765,0.012246184510814162,0.00022038318713510884,0.5118679050567595,0.08905321232233085,0.1286862700645329
NN_v2,3,EQUAL_WEIGHT,A,-0.12039475387642007,0.010555176371552122,0.00016561653579222292,0.5077399380804953,0.08733232946429188,0.09861250597600121
NN_v2,3,EQUAL_WEIGHT,B,-1.4941216629470468,-0.009070390515998561,-0.0003207828661087144,0.4953560371517028,0.131020583122181,-0.1273136528639766
NN_v2,3,EQUAL_WEIGHT,C,0.41617279449018607,0.016794435760938198,0.00021969612123952403,0.5118679050567595,0.10530824063258172,0.10848342196043366
NN_v2,3,EQUAL_WEIGHT,D,0.3106328508896601,0.01561570011366431,0.00024318437091551517,0.5056759545923633,0.07853026577597158,0.1610281992891974
NN_v2,3,EQUAL_WEIGHT,E,0.2395668633837964,0.014809220086406283,0.0002448727297252484,0.5128998968008256,0.08409395931382155,0.15141850912494825
NN_v2,3,EQUAL_WEIGHT,AB,-1.5177267156655847,-0.00946928919291734,-0.00032795509161130253,0.49432404540763675,0.13102340298603987,-0.13015739459617565
NN_v2,3,EQUAL_WEIGHT,ABC,-0.3102075837305387,0.008188525328008511,-5.207434358979616e-05,0.4932920536635707,0.1368280160244559,-0.019790288168655537
NN_v2,3,EQUAL_WEIGHT,ABCD,-0.3102075837305387,0.008188525328008511,-5.207434358979616e-05,0.4932920536635707,0.1368280160244559,-0.019790288168655537
NN_v2,3,EQUAL_WEIGHT,ABCDE,-0.11481845939057411,0.010623353116971046,-1.1258676302265424e-05,0.4932920536635707,0.1370148311678323,-0.004272903617278269
NN_v2,3,PAPER_WEIGHT_NORMALIZED,BASE,0.012368059450111879,0.012158328603439461,0.0002177819997107363,0.5108359133126935,0.08896795071034448,0.12728925297861834
NN_v2,3,PAPER_WEIGHT_NORMALIZED,A,-0.07262805887187351,0.011136762578582315,0.00017248869166675316,0.5067079463364293,0.08673307323322411,0.10341397614901215
NN_v2,3,PAPER_WEIGHT_NORMALIZED,B,-1.5763990932052279,-0.010472278896691778,-0.0003463436680198271,0.4953560371517028,0.1308643437548094,-0.13762244336604582
NN_v2,3,PAPER_WEIGHT_NORMALIZED,C,0.41705351194984,0.016804178860479135,0.00021891269134987558,0.5108359133126935,0.10520177356629433,0.10820596995943312
NN_v2,3,PAPER_WEIGHT_NORMALIZED,D,0.2414775664004889,0.014831040768197967,0.00022852124451344113,0.5036119711042312,0.0787175644916233,0.15095874461364303
NN_v2,3,PAPER_WEIGHT_NORMALIZED,E,0.18357614168931224,0.014166367311704953,0.00023337000114633007,0.5149638802889577,0.08395811222202855,0.14453922007580794
NN_v2,3,PAPER_WEIGHT_NORMALIZED,AB,-1.5995812294212772,-0.010873182252459923,-0.00035356407199630367,0.49432404540763675,0.13086764936301326,-0.14048798028616521
NN_v2,3,PAPER_WEIGHT_NORMALIZED,ABC,-0.24129922699256046,0.00905820501289245,-3.8295372971435724e-05,0.4932920536635707,0.13657925690613065,-0.014580247686391322
NN_v2,3,PAPER_WEIGHT_NORMALIZED,ABCD,-0.24129922699256046,0.00905820501289245,-3.8295372971435724e-05,0.4932920536635707,0.13657925690613065,-0.014580247686391322
NN_v2,3,PAPER_WEIGHT_NORMALIZED,ABCDE,-0.08661562136085887,0.010967020869229405,-6.260131638180969e-06,0.49432404540763675,0.13676807813382985,-0.002380137599556505
