key,count,positive_pct,target,dimension
VAW,1140,0.493859649122807,existing_spy_relative,etf
VCR,1140,0.5184210526315789,existing_spy_relative,etf
VDC,1140,0.4903508771929825,existing_spy_relative,etf
VDE,1140,0.49912280701754386,existing_spy_relative,etf
VFH,1140,0.47368421052631576,existing_spy_relative,etf
VGT,1140,0.5359649122807018,existing_spy_relative,etf
VHT,1140,0.4921052631578947,existing_spy_relative,etf
VIS,1140,0.519298245614035,existing_spy_relative,etf
VNQ,1140,0.5070175438596491,existing_spy_relative,etf
VOX,1140,0.49298245614035086,existing_spy_relative,etf
VPU,1140,0.4921052631578947,existing_spy_relative,etf
2004,154,0.5454545454545454,existing_spy_relative,year
2005,572,0.527972027972028,existing_spy_relative,year
2006,572,0.5244755244755245,existing_spy_relative,year
2007,572,0.5332167832167832,existing_spy_relative,year
2008,572,0.513986013986014,existing_spy_relative,year
2009,572,0.4982517482517482,existing_spy_relative,year
2010,583,0.5060034305317325,existing_spy_relative,year
2011,572,0.5227272727272727,existing_spy_relative,year
2012,572,0.5122377622377622,existing_spy_relative,year
2013,572,0.49475524475524474,existing_spy_relative,year
2014,572,0.48951048951048953,existing_spy_relative,year
2015,572,0.486013986013986,existing_spy_relative,year
2016,583,0.5025728987993139,existing_spy_relative,year
2017,572,0.493006993006993,existing_spy_relative,year
2018,572,0.4982517482517482,existing_spy_relative,year
2019,572,0.49475524475524474,existing_spy_relative,year
2020,572,0.5087412587412588,existing_spy_relative,year
2021,583,0.47684391080617494,existing_spy_relative,year
2022,572,0.5174825174825175,existing_spy_relative,year
2023,572,0.49475524475524474,existing_spy_relative,year
2024,572,0.4632867132867133,existing_spy_relative,year
2025,572,0.4772727272727273,existing_spy_relative,year
2026,341,0.46920821114369504,existing_spy_relative,year
2008,572,0.513986013986014,existing_spy_relative,walk_forward_test_fold
2009,572,0.4982517482517482,existing_spy_relative,walk_forward_test_fold
2010,583,0.5060034305317325,existing_spy_relative,walk_forward_test_fold
2011,572,0.5227272727272727,existing_spy_relative,walk_forward_test_fold
2012,572,0.5122377622377622,existing_spy_relative,walk_forward_test_fold
2013,572,0.49475524475524474,existing_spy_relative,walk_forward_test_fold
2014,572,0.48951048951048953,existing_spy_relative,walk_forward_test_fold
2015,572,0.486013986013986,existing_spy_relative,walk_forward_test_fold
2016,583,0.5025728987993139,existing_spy_relative,walk_forward_test_fold
2017,572,0.493006993006993,existing_spy_relative,walk_forward_test_fold
2018,572,0.4982517482517482,existing_spy_relative,walk_forward_test_fold
2019,572,0.49475524475524474,existing_spy_relative,walk_forward_test_fold
2020,572,0.5087412587412588,existing_spy_relative,walk_forward_test_fold
2021,583,0.47684391080617494,existing_spy_relative,walk_forward_test_fold
2022,572,0.5174825174825175,existing_spy_relative,walk_forward_test_fold
2023,572,0.49475524475524474,existing_spy_relative,walk_forward_test_fold
2024,572,0.4632867132867133,existing_spy_relative,walk_forward_test_fold
2025,572,0.4772727272727273,existing_spy_relative,walk_forward_test_fold
2026,341,0.46920821114369504,existing_spy_relative,walk_forward_test_fold
VAW,1140,0.35964912280701755,primary_abs_1pct_open_close,etf
VCR,1140,0.3587719298245614,primary_abs_1pct_open_close,etf
VDC,1139,0.2932396839332748,primary_abs_1pct_open_close,etf
VDE,1140,0.3912280701754386,primary_abs_1pct_open_close,etf
VFH,1140,0.36140350877192984,primary_abs_1pct_open_close,etf
VGT,1140,0.3850877192982456,primary_abs_1pct_open_close,etf
VHT,1140,0.33596491228070174,primary_abs_1pct_open_close,etf
VIS,1140,0.3473684210526316,primary_abs_1pct_open_close,etf
VNQ,1140,0.36403508771929827,primary_abs_1pct_open_close,etf
VOX,1140,0.33596491228070174,primary_abs_1pct_open_close,etf
VPU,1140,0.3157894736842105,primary_abs_1pct_open_close,etf
2004,154,0.37012987012987014,primary_abs_1pct_open_close,year
2005,572,0.3129370629370629,primary_abs_1pct_open_close,year
2006,572,0.3356643356643357,primary_abs_1pct_open_close,year
2007,572,0.36363636363636365,primary_abs_1pct_open_close,year
2008,572,0.32342657342657344,primary_abs_1pct_open_close,year
2009,572,0.40559440559440557,primary_abs_1pct_open_close,year
2010,583,0.3516295025728988,primary_abs_1pct_open_close,year
2011,572,0.3513986013986014,primary_abs_1pct_open_close,year
2012,572,0.3339160839160839,primary_abs_1pct_open_close,year
2013,572,0.33916083916083917,primary_abs_1pct_open_close,year
2014,572,0.31993006993006995,primary_abs_1pct_open_close,year
2015,572,0.29545454545454547,primary_abs_1pct_open_close,year
2016,583,0.33962264150943394,primary_abs_1pct_open_close,year
2017,572,0.27797202797202797,primary_abs_1pct_open_close,year
2018,572,0.34265734265734266,primary_abs_1pct_open_close,year
2019,572,0.3916083916083916,primary_abs_1pct_open_close,year
2020,572,0.4178321678321678,primary_abs_1pct_open_close,year
2021,583,0.3653516295025729,primary_abs_1pct_open_close,year
2022,572,0.3531468531468531,primary_abs_1pct_open_close,year
2023,572,0.3618881118881119,primary_abs_1pct_open_close,year
2024,572,0.38461538461538464,primary_abs_1pct_open_close,year
2025,572,0.36013986013986016,primary_abs_1pct_open_close,year
2026,340,0.3735294117647059,primary_abs_1pct_open_close,year
2008,572,0.32342657342657344,primary_abs_1pct_open_close,walk_forward_test_fold
2009,572,0.40559440559440557,primary_abs_1pct_open_close,walk_forward_test_fold
2010,583,0.3516295025728988,primary_abs_1pct_open_close,walk_forward_test_fold
2011,572,0.3513986013986014,primary_abs_1pct_open_close,walk_forward_test_fold
2012,572,0.3339160839160839,primary_abs_1pct_open_close,walk_forward_test_fold
2013,572,0.33916083916083917,primary_abs_1pct_open_close,walk_forward_test_fold
2014,572,0.31993006993006995,primary_abs_1pct_open_close,walk_forward_test_fold
2015,572,0.29545454545454547,primary_abs_1pct_open_close,walk_forward_test_fold
2016,583,0.33962264150943394,primary_abs_1pct_open_close,walk_forward_test_fold
2017,572,0.27797202797202797,primary_abs_1pct_open_close,walk_forward_test_fold
2018,572,0.34265734265734266,primary_abs_1pct_open_close,walk_forward_test_fold
2019,572,0.3916083916083916,primary_abs_1pct_open_close,walk_forward_test_fold
2020,572,0.4178321678321678,primary_abs_1pct_open_close,walk_forward_test_fold
2021,583,0.3653516295025729,primary_abs_1pct_open_close,walk_forward_test_fold
2022,572,0.3531468531468531,primary_abs_1pct_open_close,walk_forward_test_fold
2023,572,0.3618881118881119,primary_abs_1pct_open_close,walk_forward_test_fold
2024,572,0.38461538461538464,primary_abs_1pct_open_close,walk_forward_test_fold
2025,572,0.36013986013986016,primary_abs_1pct_open_close,walk_forward_test_fold
2026,340,0.3735294117647059,primary_abs_1pct_open_close,walk_forward_test_fold
VAW,1140,0.38421052631578945,sensitivity_abs_1pct_fri_fri,etf
VCR,1140,0.3719298245614035,sensitivity_abs_1pct_fri_fri,etf
VDC,1140,0.3,sensitivity_abs_1pct_fri_fri,etf
VDE,1140,0.4149122807017544,sensitivity_abs_1pct_fri_fri,etf
VFH,1140,0.38421052631578945,sensitivity_abs_1pct_fri_fri,etf
VGT,1140,0.4043859649122807,sensitivity_abs_1pct_fri_fri,etf
VHT,1140,0.3570175438596491,sensitivity_abs_1pct_fri_fri,etf
VIS,1140,0.3675438596491228,sensitivity_abs_1pct_fri_fri,etf
VNQ,1140,0.37105263157894736,sensitivity_abs_1pct_fri_fri,etf
VOX,1140,0.37719298245614036,sensitivity_abs_1pct_fri_fri,etf
VPU,1140,0.3543859649122807,sensitivity_abs_1pct_fri_fri,etf
2004,154,0.4025974025974026,sensitivity_abs_1pct_fri_fri,year
2005,572,0.3618881118881119,sensitivity_abs_1pct_fri_fri,year
2006,572,0.34440559440559443,sensitivity_abs_1pct_fri_fri,year
2007,572,0.38286713286713286,sensitivity_abs_1pct_fri_fri,year
2008,572,0.32867132867132864,sensitivity_abs_1pct_fri_fri,year
2009,572,0.44405594405594406,sensitivity_abs_1pct_fri_fri,year
2010,583,0.4202401372212693,sensitivity_abs_1pct_fri_fri,year
2011,572,0.3583916083916084,sensitivity_abs_1pct_fri_fri,year
2012,572,0.3583916083916084,sensitivity_abs_1pct_fri_fri,year
2013,572,0.36713286713286714,sensitivity_abs_1pct_fri_fri,year
2014,572,0.34440559440559443,sensitivity_abs_1pct_fri_fri,year
2015,572,0.3111888111888112,sensitivity_abs_1pct_fri_fri,year
2016,583,0.379073756432247,sensitivity_abs_1pct_fri_fri,year
2017,572,0.31643356643356646,sensitivity_abs_1pct_fri_fri,year
2018,572,0.3618881118881119,sensitivity_abs_1pct_fri_fri,year
2019,572,0.39335664335664333,sensitivity_abs_1pct_fri_fri,year
2020,572,0.44405594405594406,sensitivity_abs_1pct_fri_fri,year
2021,583,0.379073756432247,sensitivity_abs_1pct_fri_fri,year
2022,572,0.34265734265734266,sensitivity_abs_1pct_fri_fri,year
2023,572,0.36538461538461536,sensitivity_abs_1pct_fri_fri,year
2024,572,0.3951048951048951,sensitivity_abs_1pct_fri_fri,year
2025,572,0.3811188811188811,sensitivity_abs_1pct_fri_fri,year
2026,341,0.39296187683284456,sensitivity_abs_1pct_fri_fri,year
2008,572,0.32867132867132864,sensitivity_abs_1pct_fri_fri,walk_forward_test_fold
2009,572,0.44405594405594406,sensitivity_abs_1pct_fri_fri,walk_forward_test_fold
2010,583,0.4202401372212693,sensitivity_abs_1pct_fri_fri,walk_forward_test_fold
2011,572,0.3583916083916084,sensitivity_abs_1pct_fri_fri,walk_forward_test_fold
2012,572,0.3583916083916084,sensitivity_abs_1pct_fri_fri,walk_forward_test_fold
2013,572,0.36713286713286714,sensitivity_abs_1pct_fri_fri,walk_forward_test_fold
2014,572,0.34440559440559443,sensitivity_abs_1pct_fri_fri,walk_forward_test_fold
2015,572,0.3111888111888112,sensitivity_abs_1pct_fri_fri,walk_forward_test_fold
2016,583,0.379073756432247,sensitivity_abs_1pct_fri_fri,walk_forward_test_fold
2017,572,0.31643356643356646,sensitivity_abs_1pct_fri_fri,walk_forward_test_fold
2018,572,0.3618881118881119,sensitivity_abs_1pct_fri_fri,walk_forward_test_fold
2019,572,0.39335664335664333,sensitivity_abs_1pct_fri_fri,walk_forward_test_fold
2020,572,0.44405594405594406,sensitivity_abs_1pct_fri_fri,walk_forward_test_fold
2021,583,0.379073756432247,sensitivity_abs_1pct_fri_fri,walk_forward_test_fold
2022,572,0.34265734265734266,sensitivity_abs_1pct_fri_fri,walk_forward_test_fold
2023,572,0.36538461538461536,sensitivity_abs_1pct_fri_fri,walk_forward_test_fold
2024,572,0.3951048951048951,sensitivity_abs_1pct_fri_fri,walk_forward_test_fold
2025,572,0.3811188811188811,sensitivity_abs_1pct_fri_fri,walk_forward_test_fold
2026,341,0.39296187683284456,sensitivity_abs_1pct_fri_fri,walk_forward_test_fold
