k,n_weeks,precision_at_k,base_positive_rate,precision_minus_base,pct_weeks_at_least_one_positive,pct_weeks_all_positive,mean_selected_return,median_selected_return,selected_minus_all_sector_mean,selected_minus_spy,topk_minus_bottomk_spread,win_rate_vs_spy,N,model,representation
3,969,0.3680770553835569,0.35157934201893337,0.016497713364623523,0.6274509803921569,0.15067079463364294,0.0014392253114828288,0.002091899259331466,-8.941764143529224e-05,-0.0009817453036964408,2.6972617098190122e-05,0.44685242518059853,4,LR,ordered
3,969,0.3467492260061919,0.35157934201893337,-0.00483011601274147,0.5810113519091847,0.13828689370485037,0.0016083503142131509,0.0023425599885478,7.970736129502961e-05,-0.0008126203009661188,6.413531277599804e-05,0.4582043343653251,4,NN_v1,ordered
3,969,0.36085311317509455,0.35157934201893337,0.009273771156161181,0.5593395252837977,0.18472652218782248,0.0012984741371413386,0.0021628675082623005,-0.00023016881577678298,-0.001122496478037932,-0.00019980828596387034,0.45923632610939114,4,NN_v2,ordered
3,969,0.37048503611971106,0.35157934201893337,0.018905694100777692,0.6326109391124871,0.1475748194014448,0.001511649990036571,0.0020433366074754,-1.6992962881549564e-05,-0.0009093206251426983,9.939729565193262e-05,0.45304437564499483,8,LR,ordered
3,969,0.3673890608875129,0.35157934201893337,0.015809718868579514,0.5624355005159959,0.18575851393188855,0.0018543485588734083,0.002962791557478766,0.00032570560595528755,-0.0005666220563058611,0.0002311182316051107,0.47678018575851394,8,NN_v1,ordered
3,969,0.36016511867905054,0.35157934201893337,0.008585776660117173,0.5841073271413829,0.1609907120743034,0.0013128768643858363,0.0024469129320787673,-0.00021576608853228515,-0.0011080937507934338,-0.00034187310257710515,0.4520123839009288,8,NN_v2,ordered
3,969,0.369797041623667,0.35157934201893337,0.018217699604733628,0.6295149638802889,0.15170278637770898,0.0015469895504309917,0.0021385062675453328,1.8346597512870748e-05,-0.0008739810647482778,3.840838340469904e-05,0.4540763673890609,13,LR,ordered
3,969,0.3505331957344341,0.35157934201893337,-0.001046146284499283,0.5675954592363261,0.15479876160990713,0.0016904272353493403,0.0028356837375378007,0.00016178428243121895,-0.0007305433798299296,0.00045780130927537227,0.44169246646026833,13,NN_v1,ordered
3,969,0.369797041623667,0.35157934201893337,0.018217699604733628,0.5954592363261094,0.16408668730650156,0.0017378828422235381,0.0032681090628253664,0.00020923988930541732,-0.0006830877729557314,0.00010558306225947149,0.4551083591331269,13,NN_v2,ordered
3,969,0.3742690058479532,0.35157934201893337,0.022689663829019824,0.6346749226006192,0.1568627450980392,0.0014121362898428102,0.002230252364075133,-0.00011650666307531057,-0.001008834325336459,-0.0001587632845155032,0.45304437564499483,26,LR,ordered
3,969,0.3639490884072927,0.35157934201893337,0.012369746388359304,0.5768833849329206,0.17234262125902994,0.001616483123685109,0.0024860551180483,8.784017076698803e-05,-0.0008044874914941607,0.00034510733440005993,0.43137254901960786,26,NN_v1,ordered
3,969,0.3577571379428965,0.35157934201893337,0.006177795923963114,0.6140350877192983,0.13828689370485037,0.0013902715938426508,0.0019014524524886,-0.00013837135907547048,-0.001030699021336619,-0.0002618030050755792,0.4499484004127967,26,NN_v2,ordered
3,969,0.3735810113519092,0.35157934201893337,0.022001669332975815,0.6191950464396285,0.1692466460268318,0.0015933513334128889,0.002230252364075133,6.47083804947682e-05,-0.0008276192817663804,0.00019475925889714306,0.4499484004127967,52,LR,ordered
3,969,0.3605091159270726,0.35157934201893337,0.008929773908139205,0.6181630546955624,0.13415892672858618,0.0018813655172381478,0.002753007147589833,0.00035272256432002677,-0.0005396050979411217,6.932174160377757e-05,0.47678018575851394,52,NN_v1,ordered
3,969,0.36498108015135877,0.35157934201893337,0.0134017381324254,0.586171310629515,0.1651186790505676,0.0015219752802049513,0.002187532751203567,-6.667672713170275e-06,-0.0008989953349743187,0.00040291012169605734,0.4613003095975232,52,NN_v2,ordered
