N,model,quantity,point_estimate,ci_lower,ci_upper,n_weeks,significant,k
4,LR,auc,-0.008482439658910157,-0.03932596059170916,0.02288472855630726,970,False,
4,LR,precision_minus_base_diff,-0.0015479876160990713,-0.02063983488132095,0.014963880288957688,969,False,2.0
4,LR,topk_minus_bottomk_diff,-0.0015162268471837533,-0.003083844178199613,1.0277489319170308e-05,969,False,2.0
4,LR,topk_minus_vti_diff,-0.0002990775405392295,-0.0012690813497196873,0.0005858686510893377,969,False,2.0
4,LR,precision_minus_base_diff,-0.006191950464396285,-0.020295837633298935,0.006535947712418297,969,False,3.0
4,LR,topk_minus_bottomk_diff,-0.0012422232427002063,-0.0024091150719055807,-0.00015754657279463927,969,True,3.0
4,LR,topk_minus_vti_diff,-0.0004520440555944915,-0.0011391166975966225,0.0001643986881993862,969,False,3.0
4,NN_v1,auc,-0.024732263814616684,-0.05001440641049302,0.002937378118500612,970,False,
4,NN_v1,precision_minus_base_diff,-0.04540763673890609,-0.06811145510835913,-0.02218782249742002,969,True,2.0
4,NN_v1,topk_minus_bottomk_diff,-0.0009519601958451175,-0.0027457301874907075,0.0011024237166419749,969,False,2.0
4,NN_v1,topk_minus_vti_diff,-0.0006611941421025461,-0.001730246836449439,0.0005480865184829949,969,False,2.0
4,NN_v1,precision_minus_base_diff,-0.023735810113519093,-0.04093567251461989,-0.006191950464396288,969,True,3.0
4,NN_v1,topk_minus_bottomk_diff,-0.0007316372322201342,-0.0021893585439027963,0.0008351607512037092,969,False,3.0
4,NN_v1,topk_minus_vti_diff,-0.00017232473929493472,-0.0009593811923257608,0.0007582450361875583,969,False,3.0
4,NN_v2,auc,-0.03342787493375721,-0.05375292690675809,-0.012030813273805336,970,True,
4,NN_v2,precision_minus_base_diff,-0.03199174406604747,-0.053147574819401446,-0.011351909184726523,969,True,2.0
4,NN_v2,topk_minus_bottomk_diff,-0.0016994398234063807,-0.0033516110283910725,6.683983006605067e-05,969,False,2.0
4,NN_v2,topk_minus_vti_diff,-0.001377594842040955,-0.0024306530074981363,-0.00040655367118508004,969,True,2.0
4,NN_v2,precision_minus_base_diff,-0.025455796353629167,-0.0412796697626419,-0.009287925696594425,969,True,3.0
4,NN_v2,topk_minus_bottomk_diff,-0.0016130371499282193,-0.0028575859789137206,-0.00027305319343084745,969,True,3.0
4,NN_v2,topk_minus_vti_diff,-0.000762301620302552,-0.0014747606863513558,-1.9924396781876053e-05,969,True,3.0
8,LR,auc,-0.009385595220889331,-0.03804635371804506,0.019938753752266645,970,False,
8,LR,precision_minus_base_diff,-0.0015479876160990713,-0.02063983488132095,0.014963880288957688,969,False,2.0
8,LR,topk_minus_bottomk_diff,-0.0015163371994636936,-0.003084062123952496,1.0167137039229863e-05,969,False,2.0
8,LR,topk_minus_vti_diff,-0.0002990775405392295,-0.0012690813497196873,0.0005858686510893377,969,False,2.0
8,LR,precision_minus_base_diff,-0.004815961472308223,-0.018919848641210872,0.007911936704506363,969,False,3.0
8,LR,topk_minus_bottomk_diff,-0.0011783005865537157,-0.0023363107668151746,-7.545564389798478e-05,969,True,3.0
8,LR,topk_minus_vti_diff,-0.0003881213994480007,-0.0010860775810730137,0.0002521080402922096,969,False,3.0
8,NN_v1,auc,-0.04102471455412615,-0.06187026142635633,-0.01809958115706157,970,True,
8,NN_v1,precision_minus_base_diff,-0.010835913312693499,-0.030959752321981424,0.00980392156862745,969,False,2.0
8,NN_v1,topk_minus_bottomk_diff,-0.0005202857313769236,-0.0020506762809683375,0.0013512658404175714,969,False,2.0
8,NN_v1,topk_minus_vti_diff,-6.664172685403781e-06,-0.0009465051628985462,0.001255544236392322,969,False,2.0
8,NN_v1,precision_minus_base_diff,-0.0037839697282421735,-0.019607843137254898,0.013759889920880633,969,False,3.0
8,NN_v1,topk_minus_bottomk_diff,-0.0005874883603177268,-0.0020516893276990643,0.0010581174191502817,969,False,3.0
8,NN_v1,topk_minus_vti_diff,4.486359584747953e-05,-0.0008394877139341704,0.0011293138328788133,969,False,3.0
8,NN_v2,auc,-0.04522915642915648,-0.0656939796946054,-0.02404215411394711,970,True,
8,NN_v2,precision_minus_base_diff,-0.03457172342621259,-0.05572755417956656,-0.014963880288957688,969,True,2.0
8,NN_v2,topk_minus_bottomk_diff,-0.002174446945948378,-0.0035932032520904207,-0.0006007492043426527,969,True,2.0
8,NN_v2,topk_minus_vti_diff,-0.0013177499441089922,-0.0023124102994591684,-0.00020828087370809218,969,True,2.0
8,NN_v2,precision_minus_base_diff,-0.0261437908496732,-0.04231166150670795,-0.010999312005504079,969,True,3.0
8,NN_v2,topk_minus_bottomk_diff,-0.0017476037946491405,-0.002842052631380628,-0.0005543743139454324,969,True,3.0
8,NN_v2,topk_minus_vti_diff,-0.0007465812688243436,-0.0014647331611291154,6.417631884294246e-05,969,False,3.0
13,LR,auc,-0.01908998410174867,-0.046371397267509815,0.00890977764328344,970,False,
13,LR,precision_minus_base_diff,-0.0015479876160990713,-0.02063983488132095,0.014963880288957688,969,False,2.0
13,LR,topk_minus_bottomk_diff,-0.0015229392142959751,-0.0030708640090621525,-4.151799442963547e-05,969,True,2.0
13,LR,topk_minus_vti_diff,-0.0002990775405392295,-0.0012690813497196873,0.0005858686510893377,969,False,2.0
13,LR,precision_minus_base_diff,-0.004815961472308223,-0.019263845889232883,0.007567939456484348,969,False,3.0
13,LR,topk_minus_bottomk_diff,-0.0011897208562023746,-0.0023567110863750708,-2.1946196638619412e-05,969,True,3.0
13,LR,topk_minus_vti_diff,-0.00030321319645500557,-0.001024476654348394,0.00036560711586029564,969,False,3.0
13,NN_v1,auc,-0.03487290070819471,-0.06044926520918122,-0.007789800374876425,970,True,
13,NN_v1,precision_minus_base_diff,-0.017027863777089782,-0.03663570691434469,0.003611971104231166,969,False,2.0
13,NN_v1,topk_minus_bottomk_diff,-0.0007117471601768984,-0.002127568407644202,0.0010338464965449622,969,False,2.0
13,NN_v1,topk_minus_vti_diff,5.4445050040359685e-06,-0.0009626915321642041,0.0010916304335178335,969,False,2.0
13,NN_v1,precision_minus_base_diff,-0.01995184038527692,-0.0347437220502236,-0.0041279669762641896,969,True,3.0
13,NN_v1,topk_minus_bottomk_diff,-0.0003616970553172765,-0.0016223570547989356,0.0010188776172722145,969,False,3.0
13,NN_v1,topk_minus_vti_diff,-0.0001264515864069737,-0.0008630596433345072,0.0007453941827018332,969,False,3.0
13,NN_v2,auc,-0.0396610107433637,-0.06231431680684248,-0.014845324713652481,970,True,
13,NN_v2,precision_minus_base_diff,-0.02218782249742002,-0.03973168214654283,-0.0025799793601651187,969,True,2.0
13,NN_v2,topk_minus_bottomk_diff,-0.0018360104525437164,-0.0034422357231640864,-0.0001211085160355417,969,True,2.0
13,NN_v2,topk_minus_vti_diff,-0.0007585061463429616,-0.0018364987398728626,0.00029253009442656194,969,False,2.0
13,NN_v2,precision_minus_base_diff,-0.016511867905056758,-0.031991744066047476,-0.0010319917440660485,969,True,3.0
13,NN_v2,topk_minus_bottomk_diff,-0.0012510811311749186,-0.0025274353834743553,0.00010892039732721927,969,False,3.0
13,NN_v2,topk_minus_vti_diff,-0.0003060667744801598,-0.0011275550735618265,0.0005440178418025944,969,False,3.0
26,LR,auc,-0.01815435756612227,-0.046294248885373354,0.011969151850933099,970,False,
26,LR,precision_minus_base_diff,-0.0015479876160990713,-0.02063983488132095,0.014963880288957688,969,False,2.0
26,LR,topk_minus_bottomk_diff,-0.0015536876660904397,-0.0031314627676374733,-9.08534435040456e-06,969,True,2.0
26,LR,topk_minus_vti_diff,-0.0003270114781004225,-0.0012942065709026654,0.0005601521235302796,969,False,2.0
26,LR,precision_minus_base_diff,-0.0010319917440660478,-0.014447884416924668,0.011695906432748536,969,False,3.0
26,LR,topk_minus_bottomk_diff,-0.0013415373435346452,-0.002526194586876009,-0.00018978402229992967,969,True,3.0
26,LR,topk_minus_vti_diff,-0.00047919782114043364,-0.0011684879595286052,0.00016024426776666353,969,False,3.0
26,NN_v1,auc,-0.03911969937852289,-0.06234409585020806,-0.013742467009428907,970,True,
26,NN_v1,precision_minus_base_diff,-0.017027863777089782,-0.037164602683178526,0.0030959752321981426,969,False,2.0
26,NN_v1,topk_minus_bottomk_diff,-0.00043265052327768656,-0.0018650014992120255,0.0013521546224436124,969,False,2.0
26,NN_v1,topk_minus_vti_diff,-0.00039226013379091266,-0.0013183582429521093,0.000842528438374824,969,False,2.0
26,NN_v1,precision_minus_base_diff,-0.005159958720330237,-0.020295837633298935,0.010328517371860904,969,False,3.0
26,NN_v1,topk_minus_bottomk_diff,-0.0005518502441102631,-0.001773166708841906,0.0008769005689056228,969,False,3.0
26,NN_v1,topk_minus_vti_diff,-0.00016844112339547938,-0.0009249915013016751,0.00075046717410787,969,False,3.0
26,NN_v2,auc,-0.04323543864720336,-0.0670345991949485,-0.018845195503764487,970,True,
26,NN_v2,precision_minus_base_diff,-0.029411764705882353,-0.0500515995872033,-0.009287925696594427,969,True,2.0
26,NN_v2,topk_minus_bottomk_diff,-0.0019728490214946594,-0.0036833096772925225,-0.00020005748642202667,969,True,2.0
26,NN_v2,topk_minus_vti_diff,-0.0011671883252898372,-0.0022679174921356507,-7.767641207145264e-05,969,True,2.0
26,NN_v2,precision_minus_base_diff,-0.029927760577915376,-0.046783625730994156,-0.013759889920880635,969,True,3.0
26,NN_v2,topk_minus_bottomk_diff,-0.0017960705180006843,-0.0031632524714000666,-0.00036125984887864035,969,True,3.0
26,NN_v2,topk_minus_vti_diff,-0.0007778298941891546,-0.0015958354189055243,5.6566746007642176e-05,969,False,3.0
52,LR,auc,-0.017206320759261873,-0.047947325126518996,0.017265507923183078,970,False,
52,LR,precision_minus_base_diff,0.0005159958720330237,-0.019091847265221878,0.017543859649122806,969,False,2.0
52,LR,topk_minus_bottomk_diff,-0.0012875971053062825,-0.002852855255048898,0.0002616688047034075,969,False,2.0
52,LR,topk_minus_vti_diff,-0.00014732432290273355,-0.0011159998020364903,0.0007477024934859306,969,False,2.0
52,LR,precision_minus_base_diff,-0.0020639834881320948,-0.015135878912968697,0.00997592019263846,969,False,3.0
52,LR,topk_minus_bottomk_diff,-0.0012916814210557435,-0.002495908814454441,-0.00010521120816144146,969,True,3.0
52,LR,topk_minus_vti_diff,-0.0004935613537546287,-0.0012088290768305459,0.00018818725980802097,969,False,3.0
52,NN_v1,auc,-0.032637645131762705,-0.05613227368876989,-0.006964831451473777,970,True,
52,NN_v1,precision_minus_base_diff,-0.025799793601651185,-0.04643962848297214,-0.0046439628482972135,969,True,2.0
52,NN_v1,topk_minus_bottomk_diff,-0.0017467543164112467,-0.0033478314634943634,0.00015068711517885125,969,False,2.0
52,NN_v1,topk_minus_vti_diff,-0.0008627055336404497,-0.0018510806200191098,0.0003624686973837634,969,False,2.0
52,NN_v1,precision_minus_base_diff,-0.009631922944616445,-0.026143790849673203,0.006888544891640743,969,False,3.0
52,NN_v1,topk_minus_bottomk_diff,-0.0007060002019183315,-0.0020342795878025657,0.0007445073049196665,969,False,3.0
52,NN_v1,topk_minus_vti_diff,0.00010280835706075378,-0.0006953636719491616,0.0010473419844133447,969,False,3.0
52,NN_v2,auc,-0.03518591318591324,-0.05695453004882366,-0.012370250953462043,970,True,
52,NN_v2,precision_minus_base_diff,-0.028379772961816305,-0.04695562435500516,-0.00980392156862745,969,True,2.0
52,NN_v2,topk_minus_bottomk_diff,-0.001625078219905346,-0.003390667517574309,0.0003107834939223541,969,False,2.0
52,NN_v2,topk_minus_vti_diff,-0.000994552753324771,-0.0020674279202821076,0.0001105896198364948,969,False,2.0
52,NN_v2,precision_minus_base_diff,-0.022015823873409016,-0.03749570003439972,-0.005847953216374271,969,True,3.0
52,NN_v2,topk_minus_bottomk_diff,-0.0010117119625841404,-0.002277725219808709,0.00048676679030807183,969,False,3.0
52,NN_v2,topk_minus_vti_diff,-0.0005406946477514565,-0.0012578096986391963,0.00027474343867008293,969,False,3.0
