N,model,k,quantity,point_estimate,ci_lower,ci_upper,n_weeks,significant
4,MIMO_v1,,auc_edge_over_0.5,0.03472205039263854,0.01505135525868695,0.053671722365710606,970,True
4,MIMO_v1,2.0,precision_minus_base,0.009195502028822855,-0.014024312212663204,0.03189932039827592,969,True
4,MIMO_v1,2.0,selected_minus_all_sector_mean,-7.437226295438602e-05,-0.0007389607322019346,0.0005008891894834633,969,False
4,MIMO_v1,2.0,selected_minus_vti,-0.0009771959110245285,-0.001935581168439769,-8.020310702603238e-05,969,True
4,MIMO_v1,2.0,topk_minus_bottomk_spread,0.0001416666853314194,-0.0008309376875291885,0.0009116754816137795,969,False
4,MIMO_v1,3.0,precision_minus_base,0.009367500652833816,-0.011616331476509145,0.029663338286132768,969,True
4,MIMO_v1,3.0,selected_minus_all_sector_mean,-3.567223767993778e-05,-0.0005438014839342601,0.0003928960984951888,969,False
4,MIMO_v1,3.0,selected_minus_vti,-0.00093849588575008,-0.001775632916535316,-0.00015570110625885898,969,True
4,MIMO_v1,3.0,topk_minus_bottomk_spread,0.00016170560735288725,-0.0005713165385774091,0.0007355894512540662,969,False
4,MIMO_v2,,auc_edge_over_0.5,0.03314935684347453,0.0115843990268516,0.05427060084369173,970,True
4,MIMO_v2,2.0,precision_minus_base,0.0030035515644265542,-0.021248254421125545,0.02725535754997871,969,True
4,MIMO_v2,2.0,selected_minus_all_sector_mean,-0.00018834954398731213,-0.0008470218446627385,0.0004503454534719453,969,False
4,MIMO_v2,2.0,selected_minus_vti,-0.0010911731920574548,-0.0020243613771164064,-0.00019809244247150824,969,True
4,MIMO_v2,2.0,topk_minus_bottomk_spread,0.0003478532414964333,-0.0007894239333984598,0.0014872005832293818,969,False
4,MIMO_v2,3.0,precision_minus_base,0.007991511660745798,-0.014024312212663204,0.030351332782176776,969,True
4,MIMO_v2,3.0,selected_minus_all_sector_mean,1.852136831395042e-05,-0.00042441145338676295,0.0005158329265030362,969,False
4,MIMO_v2,3.0,selected_minus_vti,-0.0008843022797561918,-0.0016308355331464154,-8.939895240162791e-05,969,True
4,MIMO_v2,3.0,topk_minus_bottomk_spread,0.0003918347533512418,-0.00041479367553477677,0.0013054935019695393,969,False
13,MIMO_v1,,auc_edge_over_0.5,0.02206987522281645,0.0047547169328345795,0.03896652983036597,970,True
13,MIMO_v1,2.0,precision_minus_base,0.005583530924591684,-0.019700266805026456,0.029835336910143784,969,True
13,MIMO_v1,2.0,selected_minus_all_sector_mean,-0.00010848565811232388,-0.0007671698458632464,0.0006243204700862793,969,False
13,MIMO_v1,2.0,selected_minus_vti,-0.0010113093061824663,-0.001736522634383879,-0.0002295955196718059,969,True
13,MIMO_v1,2.0,topk_minus_bottomk_spread,0.00036688869270192225,-0.0006898684306040765,0.001496399105860381,969,False
13,MIMO_v1,3.0,precision_minus_base,0.011087486892943865,-0.012648323220575186,0.03310331076635292,969,True
13,MIMO_v1,3.0,selected_minus_all_sector_mean,-7.286443229810619e-05,-0.0005651832471091936,0.00045798769164932655,969,False
13,MIMO_v1,3.0,selected_minus_vti,-0.0009756880803682487,-0.0016515027700716033,-0.00028521320057092514,969,True
13,MIMO_v1,3.0,topk_minus_bottomk_spread,0.0003666993056462028,-0.00044757889321146607,0.001259192514288123,969,False
13,MIMO_v2,,auc_edge_over_0.5,0.028415570650864752,0.007753562742736975,0.049167546654778405,970,True
13,MIMO_v2,2.0,precision_minus_base,0.02364338644574754,0.0004235722042614243,0.04892718417536568,969,True
13,MIMO_v2,2.0,selected_minus_all_sector_mean,0.0009187895610180578,0.0002938811955902528,0.0016248804386467261,969,True
13,MIMO_v2,2.0,selected_minus_vti,1.5965912947915403e-05,-0.000736933173537511,0.0008691484768967347,969,False
13,MIMO_v2,2.0,topk_minus_bottomk_spread,0.0012406967598940534,-3.030571678643544e-05,0.0026614382525044153,969,False
13,MIMO_v2,3.0,precision_minus_base,0.01727943735734022,-0.00473638651606878,0.040671250222837296,969,True
13,MIMO_v2,3.0,selected_minus_all_sector_mean,0.000773115163701483,0.00024172187529681409,0.0013448116681898047,969,True
13,MIMO_v2,3.0,selected_minus_vti,-0.00012970848436865955,-0.0008056896521672916,0.0006260887460085757,969,False
13,MIMO_v2,3.0,topk_minus_bottomk_spread,0.0009754013654276831,-0.00011875387541312253,0.002174190976282754,969,False
26,MIMO_v1,,auc_edge_over_0.5,0.02711788794141734,0.010248954927845277,0.043067439049712886,970,True
26,MIMO_v1,2.0,precision_minus_base,0.02364338644574754,0.0004235722042614243,0.04634720481520055,969,True
26,MIMO_v1,2.0,selected_minus_all_sector_mean,0.0003741370672430948,-0.000340696485333843,0.0011169018818905938,969,False
26,MIMO_v1,2.0,selected_minus_vti,-0.0005286865808270474,-0.0014378687367915535,0.00043191451863044164,969,False
26,MIMO_v1,2.0,topk_minus_bottomk_spread,0.0003332780755035913,-0.0007474650471651232,0.0014198600903438223,969,False
26,MIMO_v1,3.0,precision_minus_base,0.016935440109318134,-0.00473638651606878,0.03654328324657313,969,True
26,MIMO_v1,3.0,selected_minus_all_sector_mean,0.0003263065402597896,-0.00018558527354703753,0.0008301506506829898,969,False
26,MIMO_v1,3.0,selected_minus_vti,-0.000576517107810353,-0.001354824323131223,0.000223046534967223,969,False
26,MIMO_v1,3.0,topk_minus_bottomk_spread,0.00038552104294452044,-0.00039349255679594833,0.0011711160658685374,969,False
26,MIMO_v2,,auc_edge_over_0.5,0.024048696825167415,0.0035335492025047044,0.04375200849172933,970,True
26,MIMO_v2,2.0,precision_minus_base,0.009195502028822855,-0.014024312212663204,0.035524191399307736,969,True
26,MIMO_v2,2.0,selected_minus_all_sector_mean,6.305829711597629e-05,-0.0006628773540519517,0.0008712658785569023,969,False
26,MIMO_v2,2.0,selected_minus_vti,-0.0008397653509541661,-0.001736646869321474,0.00011056816595406546,969,False
26,MIMO_v2,2.0,topk_minus_bottomk_spread,-8.036480905744638e-05,-0.001307053570851359,0.001230781124397945,969,False
26,MIMO_v2,3.0,precision_minus_base,0.01246347588503205,-0.010584339732443049,0.03654328324657313,969,True
26,MIMO_v2,3.0,selected_minus_all_sector_mean,0.00031388750792462423,-0.0002582560218412057,0.0008977979783410841,969,False
26,MIMO_v2,3.0,selected_minus_vti,-0.0005889361401455183,-0.0013507716419557576,0.00021304213653445725,969,False
26,MIMO_v2,3.0,topk_minus_bottomk_spread,0.00026313991806837,-0.0007277611017555909,0.001289473869101894,969,False
