year,v2,seed_idx,val_year,n_val_rows,auc_init,auc_end_of_year,auc_drop,loss_init,loss_end_of_year,loss_increase,model,forgetting_class
2007,False,0,2006,572,0.6237390350877192,0.627124451754386,-0.0033854166666668073,0.619829535484314,0.6192424893379211,-0.0005870461463928223,NN_v1,negligible
2008,False,0,2007,572,0.6345361369399831,0.6375871724429417,-0.003051035502958599,0.6336557865142822,0.6372261047363281,0.0035703182220458984,NN_v1,negligible
2009,False,0,2008,572,0.49685033871080386,0.4922690131992458,0.004581325511558043,0.6399213075637817,0.6436911821365356,0.0037698745727539062,NN_v1,negligible
2010,False,0,2009,572,0.5041772312373225,0.49657707910750504,0.007600152129817461,0.6783390641212463,0.6785323023796082,0.0001932382583618164,NN_v1,negligible
2011,False,0,2010,583,0.5530907213834043,0.5600077429345722,-0.006917021551167912,0.6470750570297241,0.646087646484375,-0.000987410545349121,NN_v1,negligible
2012,False,0,2011,572,0.6118866583524426,0.6166606321492268,-0.004773973796784237,0.6290100812911987,0.6288809776306152,-0.0001291036605834961,NN_v1,negligible
2013,False,0,2012,572,0.5818938863008616,0.5792554726470709,0.0026384136537906944,0.6295880675315857,0.6297481060028076,0.00016003847122192383,NN_v1,negligible
2014,False,0,2013,572,0.5922516773032237,0.601565483008782,-0.009313805705558287,0.6262176036834717,0.6255368590354919,-0.0006807446479797363,NN_v1,negligible
2015,False,0,2014,572,0.5860761094019975,0.5672664952870607,0.018809614114936757,0.6232775449752808,0.6219106316566467,-0.0013669133186340332,NN_v1,mild
2016,False,0,2015,572,0.6325634663103645,0.6250458836830282,0.007517582627336372,0.6107404232025146,0.6131612658500671,0.0024208426475524902,NN_v1,negligible
2017,False,0,2016,583,0.5022432113341204,0.5179063360881543,-0.015663124754033864,0.6486706733703613,0.6508803963661194,0.0022097229957580566,NN_v1,negligible
2018,False,0,2017,572,0.5262612880137664,0.523428815082157,0.0028324729316093755,0.5991188287734985,0.5998964309692383,0.0007776021957397461,NN_v1,negligible
2019,False,0,2018,572,0.5275998697351281,0.5438965479808945,-0.016296678245766416,0.6454777121543884,0.6449528336524963,-0.0005248785018920898,NN_v1,negligible
2020,False,0,2019,572,0.6167898193760263,0.6376423953201971,-0.02085257594417078,0.6557811498641968,0.6555576920509338,-0.00022345781326293945,NN_v1,negligible
2021,False,0,2020,572,0.5930742457939111,0.5942427783431967,-0.001168532549285617,0.6697458028793335,0.6686422824859619,-0.001103520393371582,NN_v1,negligible
2022,False,0,2021,583,0.5847861946453496,0.5830605253140464,0.0017256693313032478,0.6469096541404724,0.6468997001647949,-9.953975677490234e-06,NN_v1,negligible
2023,False,0,2022,572,0.5032847203639284,0.5032780305057533,6.689858175090713e-06,0.6569725275039673,0.6554110050201416,-0.0015615224838256836,NN_v1,negligible
2024,False,0,2023,572,0.5853616570710078,0.597829395804381,-0.012467738733373146,0.6477394104003906,0.6470131278038025,-0.0007262825965881348,NN_v1,negligible
2025,False,0,2024,572,0.5261751033057851,0.5399664256198348,-0.01379132231404967,0.6649858951568604,0.6633409261703491,-0.0016449689865112305,NN_v1,negligible
2026,False,0,2025,572,0.5955355721788954,0.5969016923974747,-0.001366120218579292,0.6466639041900635,0.6477862596511841,0.0011223554611206055,NN_v1,negligible
2007,True,0,2006,572,0.5729440789473683,0.5855811403508772,-0.012637061403508842,0.6356065273284912,0.6330350041389465,-0.0025715231895446777,NN_v2,negligible
2007,True,1,2006,572,0.5654742324561404,0.5799205043859649,-0.014446271929824506,0.6351292133331299,0.6313666105270386,-0.0037626028060913086,NN_v2,negligible
2007,True,2,2006,572,0.5609100877192983,0.5844024122807018,-0.023492324561403488,0.6355628371238708,0.6303814649581909,-0.005181372165679932,NN_v2,negligible
2007,True,3,2006,572,0.5715871710526316,0.5973135964912281,-0.02572642543859649,0.6303310990333557,0.6251662373542786,-0.0051648616790771484,NN_v2,negligible
2007,True,4,2006,572,0.5998355263157895,0.6128837719298246,-0.013048245614035059,0.6280385255813599,0.6229604482650757,-0.00507807731628418,NN_v2,negligible
2008,True,0,2007,572,0.6444420963651732,0.6461855452240067,-0.001743448858833485,0.6277899742126465,0.630012571811676,0.002222597599029541,NN_v2,negligible
2008,True,1,2007,572,0.614790257819104,0.6103391800507185,0.004451077768385492,0.6391555666923523,0.6460472941398621,0.006891727447509766,NN_v2,negligible
2008,True,2,2007,572,0.6463704564666104,0.646251584953508,0.00011887151310241428,0.625617265701294,0.6304136514663696,0.004796385765075684,NN_v2,negligible
2008,True,3,2007,572,0.5994426246830092,0.5869479078613694,0.012494716821639829,0.6422721743583679,0.6491599678993225,0.00688779354095459,NN_v2,mild
2008,True,4,2007,572,0.6126373626373627,0.6106297548605241,0.002007607776838616,0.6391904354095459,0.6452043652534485,0.006013929843902588,NN_v2,negligible
2009,True,0,2008,572,0.5377191144633006,0.522089531391857,0.015629583071443576,0.6514213681221008,0.6531392335891724,0.0017178654670715332,NN_v2,mild
2009,True,1,2008,572,0.5465046441790629,0.5227320343599413,0.02377260981912155,0.6800172924995422,0.6735590696334839,-0.00645822286605835,NN_v2,mild
2009,True,2,2008,572,0.5548152803966758,0.5090299601927509,0.045785320203924895,0.6661767363548279,0.6637290716171265,-0.002447664737701416,NN_v2,material
2009,True,3,2008,572,0.5653607095467561,0.5636427124799217,0.001717997066834398,0.644446849822998,0.6483993530273438,0.003952503204345703,NN_v2,negligible
2009,True,4,2008,572,0.5783644109225505,0.5786996298624205,-0.00033521893986998563,0.6564667820930481,0.6509605050086975,-0.005506277084350586,NN_v2,negligible
2010,True,0,2009,572,0.48799442190669373,0.47934837728194724,0.008646044624746496,0.6829032897949219,0.6839901208877563,0.0010868310928344727,NN_v2,negligible
2010,True,1,2009,572,0.4784229208924949,0.4883113590263692,-0.0098884381338743,0.6828707456588745,0.6845584511756897,0.0016877055168151855,NN_v2,negligible
2010,True,2,2009,572,0.5032454361054768,0.509089756592292,-0.005844320486815269,0.6803517937660217,0.6833702921867371,0.003018498420715332,NN_v2,negligible
2010,True,3,2009,572,0.5266353955375254,0.5092545638945233,0.01738083164300208,0.6746537089347839,0.6794769763946533,0.004823267459869385,NN_v2,mild
2010,True,4,2009,572,0.46437626774847873,0.4830882352941176,-0.018711967545638863,0.683329701423645,0.6838456988334656,0.0005159974098205566,NN_v2,negligible
2011,True,0,2010,583,0.5871854432830041,0.5879855465221319,-0.0008001032391277141,0.651231050491333,0.6426316499710083,-0.008599400520324707,NN_v2,negligible
2011,True,1,2010,583,0.5789134081817008,0.5891082720351013,-0.010194863853400515,0.6487970352172852,0.6424899697303772,-0.006307065486907959,NN_v2,negligible
2011,True,2,2010,583,0.583933410762679,0.5933023615950445,-0.009368950832365441,0.6468825340270996,0.6421230435371399,-0.004759490489959717,NN_v2,negligible
2011,True,3,2010,583,0.5909020518776616,0.5875338753387533,0.0033681765389083074,0.6463623046875,0.6421806216239929,-0.00418168306350708,NN_v2,negligible
2011,True,4,2010,583,0.5870434894825138,0.5923861143373339,-0.005342624854820066,0.642609715461731,0.6396664381027222,-0.002943277359008789,NN_v2,negligible
2012,True,0,2011,572,0.6144882058709149,0.6205897735044454,-0.006101567633530536,0.625051736831665,0.6256803870201111,0.0006286501884460449,NN_v2,negligible
2012,True,1,2011,572,0.6334768207480119,0.637017070979335,-0.0035402502313230944,0.6242490410804749,0.6266955137252808,0.002446472644805908,NN_v2,negligible
2012,True,2,2011,572,0.6180552761797482,0.6203886229231204,-0.0023333467433721555,0.6248143911361694,0.6299232840538025,0.005108892917633057,NN_v2,negligible
2012,True,3,2011,572,0.6421397057837498,0.6456129058212978,-0.00347320003754803,0.6169411540031433,0.6171205639839172,0.00017940998077392578,NN_v2,negligible
2012,True,4,2011,572,0.6444730525271218,0.644701023185957,-0.00022797065883517487,0.6182143092155457,0.6236299276351929,0.005415618419647217,NN_v2,negligible
2013,True,0,2012,572,0.5871981970840032,0.5853293207459016,0.0018688763381016216,0.6280748844146729,0.6285326480865479,0.000457763671875,NN_v2,negligible
2013,True,1,2012,572,0.6219510519300271,0.6153687595333306,0.006582292396696499,0.6173531413078308,0.621974766254425,0.004621624946594238,NN_v2,negligible
2013,True,2,2012,572,0.6121944181061136,0.6070275247007737,0.005166893405339934,0.6194413304328918,0.6228188276290894,0.0033774971961975098,NN_v2,negligible
2013,True,3,2012,572,0.5745557983262564,0.5688117519341496,0.005744046392106794,0.6299157738685608,0.631221354007721,0.0013055801391601562,NN_v2,negligible
2013,True,4,2012,572,0.5987275150815572,0.5934781712495362,0.005249343832021025,0.6247684955596924,0.625702977180481,0.0009344816207885742,NN_v2,negligible
2014,True,0,2013,572,0.5845606283750614,0.5908607429225986,-0.006300114547537206,0.6316719055175781,0.6316271424293518,-4.476308822631836e-05,NN_v2,negligible
2014,True,1,2013,572,0.5928380516009382,0.5958517427589592,-0.0030136911580210812,0.628337562084198,0.6286197900772095,0.0002822279930114746,NN_v2,negligible
2014,True,2,2013,572,0.6167157584683358,0.6201249113620249,-0.003409152893689038,0.6205675601959229,0.6204779744148254,-8.958578109741211e-05,NN_v2,negligible
2014,True,3,2013,572,0.6222113129329624,0.6294796269023074,-0.007268313969345019,0.6193330883979797,0.6190780997276306,-0.0002549886703491211,NN_v2,negligible
2014,True,4,2013,572,0.5855151911852943,0.593465335733377,-0.007950144548082738,0.6309722065925598,0.6305120587348938,-0.0004601478576660156,NN_v2,negligible
2015,True,0,2014,572,0.5905853596864596,0.5624903423377864,0.028095017348673257,0.6285468935966492,0.6264901161193848,-0.0020567774772644043,NN_v2,mild
2015,True,1,2014,572,0.6043659656959838,0.5738898956270105,0.030476070068973238,0.6352733969688416,0.6260309815406799,-0.009242415428161621,NN_v2,material
2015,True,2,2014,572,0.5980024442665094,0.5638248556618484,0.034177588604661024,0.6288195252418518,0.6258015632629395,-0.0030179619789123535,NN_v2,material
2015,True,3,2014,572,0.611010437298945,0.5755545254049195,0.03545591189402553,0.620557963848114,0.620206892490387,-0.0003510713577270508,NN_v2,material
2015,True,4,2014,572,0.6063607119277395,0.5756809529829885,0.030679758944751057,0.6231212615966797,0.6188636422157288,-0.004257619380950928,NN_v2,material
2016,True,0,2015,572,0.6614738573127579,0.6422687829444844,0.019205074368273456,0.6164150834083557,0.6181231141090393,0.0017080307006835938,NN_v2,mild
2016,True,1,2015,572,0.6514308367715507,0.6174548871628467,0.03397594960870398,0.6356258392333984,0.6274883151054382,-0.008137524127960205,NN_v2,material
2016,True,2,2015,572,0.6627072107125552,0.6453962147796848,0.017310995932870443,0.6305260062217712,0.6223586797714233,-0.0081673264503479,NN_v2,mild
2016,True,3,2015,572,0.6560999603564979,0.6292745239109049,0.026825436445592987,0.6122710704803467,0.6161894798278809,0.00391840934753418,NN_v2,mild
2016,True,4,2015,572,0.6327983907674688,0.6056499331933576,0.027148457574111218,0.6264888644218445,0.6251706480979919,-0.001318216323852539,NN_v2,mild
2017,True,0,2016,583,0.5382133018496655,0.5477633477633478,-0.009550045913682248,0.647203803062439,0.6497767567634583,0.002572953701019287,NN_v2,negligible
2017,True,1,2016,583,0.525593598320871,0.547737111373475,-0.02214351305260398,0.6568499803543091,0.6530270576477051,-0.003822922706604004,NN_v2,negligible
2017,True,2,2016,583,0.5159779614325068,0.5309327036599764,-0.014954742227469509,0.653765857219696,0.6554953455924988,0.0017294883728027344,NN_v2,negligible
2017,True,3,2016,583,0.5265643447461629,0.5435130526039617,-0.016948707857798784,0.6517381072044373,0.6537904739379883,0.0020523667335510254,NN_v2,negligible
2017,True,4,2016,583,0.5312737767283222,0.5481437754165027,-0.01686999868818051,0.6503579616546631,0.6497354507446289,-0.0006225109100341797,NN_v2,negligible
2018,True,0,2017,572,0.5039212998918787,0.5084288912239024,-0.004507591332023719,0.606889009475708,0.6029881834983826,-0.0039008259773254395,NN_v2,negligible
2018,True,1,2017,572,0.473251404815204,0.47808640565276317,-0.004835000837559167,0.6129880547523499,0.6096841096878052,-0.0033039450645446777,NN_v2,negligible
2018,True,2,2017,572,0.5113375059009853,0.5130583093486836,-0.0017208034476983158,0.6046597957611084,0.600754976272583,-0.0039048194885253906,NN_v2,negligible
2018,True,3,2017,572,0.4914340536342455,0.496048243409932,-0.00461418977568645,0.6065284013748169,0.6035285592079163,-0.0029998421669006348,NN_v2,negligible
2018,True,4,2017,572,0.47513972010294364,0.4774239724671448,-0.002284252364201156,0.6118075251579285,0.6083894968032837,-0.0034180283546447754,NN_v2,negligible
2019,True,0,2018,572,0.5850521059487624,0.5874945722970039,-0.002442466348241412,0.6429629325866699,0.6536365747451782,0.0106736421585083,NN_v2,negligible
2019,True,1,2018,572,0.5632191706469822,0.5641418801563178,-0.0009227095093355953,0.6604138612747192,0.6838770508766174,0.023463189601898193,NN_v2,negligible
2019,True,2,2018,572,0.5920809813287017,0.5907511940946591,0.0013297872340425343,0.6513014435768127,0.66650390625,0.015202462673187256,NN_v2,negligible
2019,True,3,2018,572,0.5369626574033869,0.5403278332609639,-0.0033651758575770074,0.6552242636680603,0.6642267107963562,0.009002447128295898,NN_v2,negligible
2019,True,4,2018,572,0.577887537993921,0.5744002388189319,0.0034872991749891336,0.6489703059196472,0.6640036106109619,0.015033304691314697,NN_v2,negligible
2020,True,0,2019,572,0.5301852422003284,0.5869509441707719,-0.056765701970443505,0.6717300415039062,0.6605773568153381,-0.011152684688568115,NN_v2,negligible
2020,True,1,2019,572,0.5814860426929392,0.6154556650246304,-0.03396962233169121,0.6605454087257385,0.6515647172927856,-0.00898069143295288,NN_v2,negligible
2020,True,2,2019,572,0.6579176929392447,0.6823878797208538,-0.02447018678160906,0.6411872506141663,0.6377028226852417,-0.0034844279289245605,NN_v2,negligible
2020,True,3,2019,572,0.6041923234811166,0.6607527709359606,-0.05656044745484401,0.6584550142288208,0.6494342088699341,-0.009020805358886719,NN_v2,negligible
2020,True,4,2019,572,0.5808061371100164,0.6085539819376026,-0.027747844827586188,0.6606149673461914,0.6542563438415527,-0.006358623504638672,NN_v2,negligible
2021,True,0,2020,572,0.5676303918981743,0.5773807280083431,-0.009750336110168734,0.6716446876525879,0.6750382781028748,0.0033935904502868652,NN_v2,negligible
2021,True,1,2020,572,0.5606945857991883,0.5783607875658084,-0.01766620176662015,0.6877366900444031,0.6863268613815308,-0.0014098286628723145,NN_v2,negligible
2021,True,2,2020,572,0.5748803196501941,0.5831731312902861,-0.00829281164009199,0.676439106464386,0.6785567402839661,0.002117633819580078,NN_v2,negligible
2021,True,3,2020,572,0.5771922550165227,0.58627665322226,-0.009084398205737254,0.6721907258033752,0.6710885167121887,-0.0011022090911865234,NN_v2,negligible
2021,True,4,2020,572,0.5688114893135814,0.5810622337818991,-0.012250744468317754,0.6757123470306396,0.6799002885818481,0.004187941551208496,NN_v2,negligible
2022,True,0,2021,583,0.5615404136530897,0.5542190077401344,0.00732140591295527,0.6500693559646606,0.6521397829055786,0.0020704269409179688,NN_v2,negligible
2022,True,1,2021,583,0.5983123969039461,0.5797360741022712,0.01857632280167487,0.6409054398536682,0.6482164859771729,0.007311046123504639,NN_v2,mild
2022,True,2,2021,583,0.6190077401345007,0.5997208476081716,0.01928689252632909,0.6369369029998779,0.6434409022331238,0.00650399923324585,NN_v2,mild
2022,True,3,2021,583,0.6051008755234107,0.5901027788351733,0.014998096688237483,0.6404953598976135,0.644317626953125,0.0038222670555114746,NN_v2,mild
2022,True,4,2021,583,0.5909021697754092,0.5785433320644588,0.012358837710950366,0.6443117260932922,0.6464067697525024,0.002095043659210205,NN_v2,mild
2023,True,0,2022,572,0.5038934974578538,0.517968959058068,-0.014075461600214112,0.6727945804595947,0.6670281291007996,-0.005766451358795166,NN_v2,negligible
2023,True,1,2022,572,0.5542547497993042,0.5711800909820711,-0.016925341182766895,0.7090511918067932,0.6945716142654419,-0.014479577541351318,NN_v2,negligible
2023,True,2,2022,572,0.5375702435108376,0.5561814289537061,-0.01861118544286855,0.6834953427314758,0.6734870672225952,-0.010008275508880615,NN_v2,negligible
2023,True,3,2022,572,0.4933770404067434,0.5156408884131657,-0.022263848006422282,0.666725754737854,0.6613063216209412,-0.005419433116912842,NN_v2,negligible
2023,True,4,2022,572,0.4326732673267326,0.482994380519133,-0.0503211131924004,0.68424391746521,0.6761676073074341,-0.008076310157775879,NN_v2,negligible
2024,True,0,2023,572,0.5804513268479915,0.5761762954139369,0.00427503143405461,0.6468843221664429,0.6496915817260742,0.0028072595596313477,NN_v2,negligible
2024,True,1,2023,572,0.5244656210707431,0.5130170074779962,0.011448613592746959,0.6584702134132385,0.6616948246955872,0.003224611282348633,NN_v2,mild
2024,True,2,2023,572,0.5534775990999934,0.5439878234398783,0.009489775660115107,0.6526831388473511,0.6556047797203064,0.0029216408729553223,NN_v2,negligible
2024,True,3,2023,572,0.5807557408510357,0.566276222619284,0.014479518231751642,0.6463972926139832,0.6494237184524536,0.003026425838470459,NN_v2,mild
2024,True,4,2023,572,0.5522599430878168,0.5450995963205612,0.007160346767255632,0.6525098085403442,0.6559175252914429,0.003407716751098633,NN_v2,negligible
2025,True,0,2024,572,0.5349819214876033,0.5503099173553719,-0.015327995867768673,0.6655907034873962,0.6628071665763855,-0.002783536911010742,NN_v2,negligible
2025,True,1,2024,572,0.5247288223140495,0.542394111570248,-0.01766528925619848,0.6670777797698975,0.6639769077301025,-0.003100872039794922,NN_v2,negligible
2025,True,2,2024,572,0.5164514462809917,0.540676652892562,-0.024225206611570238,0.6673918962478638,0.6635095477104187,-0.0038823485374450684,NN_v2,negligible
2025,True,3,2024,572,0.5151859504132231,0.5403796487603305,-0.025193698347107385,0.6672266125679016,0.6633728742599487,-0.003853738307952881,NN_v2,negligible
2025,True,4,2024,572,0.48912706611570256,0.5191244834710744,-0.02999741735537187,0.6721767783164978,0.6669952869415283,-0.005181491374969482,NN_v2,negligible
2026,True,0,2025,572,0.5572178895432118,0.558305480396838,-0.001087590853626197,0.6573025584220886,0.657467782497406,0.0001652240753173828,NN_v2,negligible
2026,True,1,2025,572,0.5802827736219427,0.5761446230569262,0.004138150565016541,0.6646888256072998,0.663260817527771,-0.0014280080795288086,NN_v2,negligible
2026,True,2,2025,572,0.5899915114860206,0.5939439758077352,-0.003952464321714588,0.6557050347328186,0.6544371247291565,-0.0012679100036621094,NN_v2,negligible
2026,True,3,2025,572,0.5778887474136559,0.5788768634940846,-0.0009881160804287026,0.6515258550643921,0.6539186835289001,0.0023928284645080566,NN_v2,negligible
2026,True,4,2025,572,0.5843413443684016,0.587683696747838,-0.003342352379436475,0.6553756594657898,0.6556088924407959,0.00023323297500610352,NN_v2,negligible
