year,primary_year_auc,replay_year_auc,primary_mean_auc_drop,replay_mean_auc_drop,replay_n_updates
2007,0.614169484361792,0.6193337912087912,-0.01787006578947368,-0.029399671052631592,51
2008,0.5471192122354913,0.5347300789161255,0.003465765004226573,-0.0036982248520709637,51
2009,0.46312119675456387,0.4198022312373225,0.017314058244290886,0.005823032334660283,51
2010,0.5319783197831978,0.5334365724609627,-0.0016835699797159709,-0.0051470588235293935,52
2011,0.6042697563395958,0.6230706306741227,-0.0044676732481610856,-0.014370886566008578,51
2012,0.6653062346264309,0.6510423108106251,-0.003135267060921798,-0.008539512679191619,51
2013,0.6022064037527955,0.5990427098674521,0.004922290472853174,0.003201824902777184,51
2014,0.5584727548569262,0.5614086841698624,-0.005588283423335017,-0.021971308569246673,51
2015,0.6045634075792503,0.581907880247258,0.03177686937221682,0.03992582915419951,51
2016,0.5848222484586121,0.5652367834186016,0.024893182785910416,0.04024843261338775,52
2017,0.5659006807072046,0.5396470068679854,-0.016093401547947007,-0.0401285583103765,51
2018,0.4686957229700391,0.5043828701693442,-0.0035923675514337615,-0.06160171775777788,51
2019,0.669989224137931,0.6598676108374384,-0.0003826530612244694,-0.017691597915762025,51
2020,0.5074949426413862,0.5297724502745423,-0.0399027606732348,-0.08551416256157632,51
2021,0.6097830224590788,0.6294759548280675,-0.011408898438187176,-0.03153278801814372,52
2022,0.5417714744447417,0.5117875301043617,0.014508311128029416,-0.005608425326735222,51
2023,0.4798358811461849,0.5155184964595327,-0.024439389884934447,-0.06659084827401657,51
2024,0.460885847107438,0.46544421487603316,0.00937065713718479,-0.027834028191383763,51
2025,0.5080508249774525,0.5521380444585919,-0.022481921487603328,-0.0663145661157025,51
2026,0.5035303685630845,0.49366012347048166,-0.0010464746140378845,-0.003630166056554729,30
