model,year,fit_year,val_year,n_init_train,n_init_val,n_weeks_in_year,n_weekly_updates,n_year_rows,init_train_positive_rate,init_val_positive_rate,year_positive_rate,in_common_r1_comparison_period
NN_v1,2007,2005,2006,440,572,52,51,572,0.32954545454545453,0.3356643356643357,0.36363636363636365,False
NN_v1,2008,2006,2007,572,572,52,51,572,0.3356643356643357,0.36363636363636365,0.32342657342657344,True
NN_v1,2009,2007,2008,572,572,52,51,572,0.36363636363636365,0.32342657342657344,0.40559440559440557,True
NN_v1,2010,2008,2009,572,572,53,52,583,0.32342657342657344,0.40559440559440557,0.3516295025728988,True
NN_v1,2011,2009,2010,572,583,52,51,572,0.40559440559440557,0.3516295025728988,0.3513986013986014,True
NN_v1,2012,2010,2011,583,572,52,51,572,0.3516295025728988,0.3513986013986014,0.3339160839160839,True
NN_v1,2013,2011,2012,572,572,52,51,572,0.3513986013986014,0.3339160839160839,0.33916083916083917,True
NN_v1,2014,2012,2013,572,572,52,51,572,0.3339160839160839,0.33916083916083917,0.31993006993006995,True
NN_v1,2015,2013,2014,572,572,52,51,572,0.33916083916083917,0.31993006993006995,0.29545454545454547,True
NN_v1,2016,2014,2015,572,572,53,52,583,0.31993006993006995,0.29545454545454547,0.33962264150943394,True
NN_v1,2017,2015,2016,572,583,52,51,572,0.29545454545454547,0.33962264150943394,0.27797202797202797,True
NN_v1,2018,2016,2017,583,572,52,51,572,0.33962264150943394,0.27797202797202797,0.34265734265734266,True
NN_v1,2019,2017,2018,572,572,52,51,572,0.27797202797202797,0.34265734265734266,0.3916083916083916,True
NN_v1,2020,2018,2019,572,572,52,51,572,0.34265734265734266,0.3916083916083916,0.4178321678321678,True
NN_v1,2021,2019,2020,572,572,53,52,583,0.3916083916083916,0.4178321678321678,0.3653516295025729,True
NN_v1,2022,2020,2021,572,583,52,51,572,0.4178321678321678,0.3653516295025729,0.3531468531468531,True
NN_v1,2023,2021,2022,583,572,52,51,572,0.3653516295025729,0.3531468531468531,0.3618881118881119,True
NN_v1,2024,2022,2023,572,572,52,51,572,0.3531468531468531,0.3618881118881119,0.38461538461538464,True
NN_v1,2025,2023,2024,572,572,52,51,572,0.3618881118881119,0.38461538461538464,0.36013986013986016,True
NN_v1,2026,2024,2025,572,572,31,30,340,0.38461538461538464,0.36013986013986016,0.37058823529411766,True
NN_v2,2007,2005,2006,440,572,52,51,572,0.32954545454545453,0.3356643356643357,0.36363636363636365,False
NN_v2,2008,2006,2007,572,572,52,51,572,0.3356643356643357,0.36363636363636365,0.32342657342657344,True
NN_v2,2009,2007,2008,572,572,52,51,572,0.36363636363636365,0.32342657342657344,0.40559440559440557,True
NN_v2,2010,2008,2009,572,572,53,52,583,0.32342657342657344,0.40559440559440557,0.3516295025728988,True
NN_v2,2011,2009,2010,572,583,52,51,572,0.40559440559440557,0.3516295025728988,0.3513986013986014,True
NN_v2,2012,2010,2011,583,572,52,51,572,0.3516295025728988,0.3513986013986014,0.3339160839160839,True
NN_v2,2013,2011,2012,572,572,52,51,572,0.3513986013986014,0.3339160839160839,0.33916083916083917,True
NN_v2,2014,2012,2013,572,572,52,51,572,0.3339160839160839,0.33916083916083917,0.31993006993006995,True
NN_v2,2015,2013,2014,572,572,52,51,572,0.33916083916083917,0.31993006993006995,0.29545454545454547,True
NN_v2,2016,2014,2015,572,572,53,52,583,0.31993006993006995,0.29545454545454547,0.33962264150943394,True
NN_v2,2017,2015,2016,572,583,52,51,572,0.29545454545454547,0.33962264150943394,0.27797202797202797,True
NN_v2,2018,2016,2017,583,572,52,51,572,0.33962264150943394,0.27797202797202797,0.34265734265734266,True
NN_v2,2019,2017,2018,572,572,52,51,572,0.27797202797202797,0.34265734265734266,0.3916083916083916,True
NN_v2,2020,2018,2019,572,572,52,51,572,0.34265734265734266,0.3916083916083916,0.4178321678321678,True
NN_v2,2021,2019,2020,572,572,53,52,583,0.3916083916083916,0.4178321678321678,0.3653516295025729,True
NN_v2,2022,2020,2021,572,583,52,51,572,0.4178321678321678,0.3653516295025729,0.3531468531468531,True
NN_v2,2023,2021,2022,583,572,52,51,572,0.3653516295025729,0.3531468531468531,0.3618881118881119,True
NN_v2,2024,2022,2023,572,572,52,51,572,0.3531468531468531,0.3618881118881119,0.38461538461538464,True
NN_v2,2025,2023,2024,572,572,52,51,572,0.3618881118881119,0.38461538461538464,0.36013986013986016,True
NN_v2,2026,2024,2025,572,572,31,30,340,0.38461538461538464,0.36013986013986016,0.37058823529411766,True
