model,method,symbol,mean_threshold,median_threshold,std_threshold,min_threshold,max_threshold,first_non_fallback_date,fallback_frequency,n_selected,selected_precision,realized_selected_mean_return,selected_minus_spy_mean
NN_v1,ROC_YOUDEN_J,VGT,0.36585887688951396,0.35672834515571594,0.06024966370531313,0.24596907198429108,0.5628980994224548,2008-07-04,0.026804123711340205,447,0.39149888143176736,0.002960503106988058,5.323096185065064e-05
NN_v1,ROC_YOUDEN_J,VHT,0.36395710440947837,0.36235836148262024,0.052372165489622514,0.20642657577991486,0.5,2008-07-04,0.026804123711340205,432,0.38425925925925924,0.002404896002784932,-0.0009471713037128636
NN_v1,ROC_YOUDEN_J,VCR,0.37130561543186913,0.36580613255500793,0.060935322596043014,0.21208272874355316,0.5395911931991577,2008-07-04,0.026804123711340205,449,0.39420935412026725,0.0024798263875920293,-0.00033345947236202453
NN_v1,ROC_YOUDEN_J,VOX,0.3701088625131194,0.3580937087535858,0.05476872913522092,0.2458764761686325,0.5,2008-07-04,0.026804123711340205,422,0.36255924170616116,0.0015857679384423996,-0.0013370123017274339
NN_v1,ROC_YOUDEN_J,VFH,0.3794289019611693,0.374906986951828,0.06413693500092996,0.2405065894126892,0.6155978441238403,2008-07-04,0.026804123711340205,437,0.3890160183066362,0.002513263134880975,-0.0012510835724573195
NN_v1,ROC_YOUDEN_J,VIS,0.3732467883640958,0.3648701310157776,0.05480020689394983,0.2228611558675766,0.5,2008-07-04,0.026804123711340205,404,0.39851485148514854,0.0032211136651729734,-0.00020165695817601695
NN_v1,ROC_YOUDEN_J,VDC,0.35076552704822417,0.3452846109867096,0.0549892626290776,0.20051562786102295,0.5,2008-07-04,0.026831785345717233,416,0.3245192307692308,0.0018166392612008091,-0.0024186610187531075
NN_v1,ROC_YOUDEN_J,VPU,0.36583120040979583,0.36597347259521484,0.048583805031404255,0.21384955942630768,0.5,2008-07-04,0.026804123711340205,401,0.35910224438902744,0.002246284211342327,-0.002137157239911085
NN_v1,ROC_YOUDEN_J,VAW,0.3807731012093652,0.39007851481437683,0.05635776200240809,0.2466714084148407,0.5806658864021301,2008-07-04,0.026804123711340205,422,0.4004739336492891,0.0028437832546995634,-0.000905211620704395
NN_v1,ROC_YOUDEN_J,VNQ,0.36780691905734464,0.3698100745677948,0.06390799153224984,0.22850336134433746,0.6148991584777832,2008-07-04,0.026804123711340205,473,0.4080338266384778,0.0024640375255382103,-0.0012880905692715823
NN_v1,ROC_YOUDEN_J,VDE,0.37987952637918215,0.3904876112937927,0.04726985208115841,0.2551535964012146,0.5,2008-07-04,0.026804123711340205,452,0.4247787610619469,0.0033745574850975613,-0.0006755985769935592
NN_v1,ROC_CLOSEST_UL,VGT,0.368147453450665,0.3594280481338501,0.04862021004829444,0.2886419892311096,0.5,2008-07-04,0.026804123711340205,439,0.4145785876993166,0.0038815403332469306,0.00045004551870855955
NN_v1,ROC_CLOSEST_UL,VHT,0.3679973531629621,0.3660523593425751,0.04133095530315699,0.270481139421463,0.5,2008-07-04,0.026804123711340205,422,0.3957345971563981,0.0026247174554137644,-0.0006051592004039154
NN_v1,ROC_CLOSEST_UL,VCR,0.3731250373358579,0.370209276676178,0.048363300384267546,0.2938538193702698,0.5,2008-07-04,0.026804123711340205,419,0.4033412887828162,0.003311964598979346,-0.00020504906807544357
NN_v1,ROC_CLOSEST_UL,VOX,0.37173438668251035,0.36270150542259216,0.04385807920916485,0.2969668507575989,0.5,2008-07-04,0.026804123711340205,413,0.3728813559322034,0.0017891261282142834,-0.0015541536158429343
NN_v1,ROC_CLOSEST_UL,VFH,0.3773568943603752,0.3745855987071991,0.04805372451817135,0.2909005284309387,0.5,2008-07-04,0.026804123711340205,446,0.3923766816143498,0.002862344784061788,-0.001408574861299887
NN_v1,ROC_CLOSEST_UL,VIS,0.3712245188115798,0.3648402541875839,0.044446233935472,0.29076191782951355,0.5,2008-07-04,0.026804123711340205,417,0.38848920863309355,0.0034914462280939,-0.00031364374628348255
NN_v1,ROC_CLOSEST_UL,VDC,0.35357572198283194,0.3452846109867096,0.0452225559314445,0.2688198983669281,0.5,2008-07-04,0.026831785345717233,415,0.327710843373494,0.0015581126089366927,-0.002261523439402734
NN_v1,ROC_CLOSEST_UL,VPU,0.3667781246998875,0.3594777584075928,0.04164705907120607,0.29683059453964233,0.5,2008-07-04,0.026804123711340205,400,0.3625,0.001437863478817493,-0.0021795205966077254
NN_v1,ROC_CLOSEST_UL,VAW,0.3769869871053499,0.3765736222267151,0.04277601248836933,0.30013740062713623,0.5,2008-07-04,0.026804123711340205,445,0.3842696629213483,0.001871167138501056,-0.0012921640398651931
NN_v1,ROC_CLOSEST_UL,VNQ,0.37648543991993383,0.3698100745677948,0.04322596862483722,0.30271098017692566,0.5,2008-07-04,0.026804123711340205,434,0.4147465437788018,0.002715551998539479,-0.0012708340189429021
NN_v1,ROC_CLOSEST_UL,VDE,0.3860960942260998,0.38524580001831055,0.043687315692291444,0.26227378845214844,0.5154939293861389,2008-07-04,0.026804123711340205,445,0.42921348314606744,0.003791913428675643,-0.00044120545241796357
NN_v1,ROC_YOUDEN_J_EXPANDING,VGT,0.3864121117542699,0.36713436245918274,0.06302824608051034,0.3219027817249298,0.5628980994224548,2008-07-04,0.026804123711340205,391,0.4117647058823529,0.0036811198826355957,0.0008707896460240036
NN_v1,ROC_YOUDEN_J_EXPANDING,VHT,0.3409475630091638,0.328950971364975,0.02980741640282664,0.3215135335922241,0.5,2008-07-04,0.026804123711340205,552,0.3894927536231884,0.002588185484594175,-0.0009463908848847797
NN_v1,ROC_YOUDEN_J_EXPANDING,VCR,0.3878241712899552,0.3592921495437622,0.05575564282831618,0.23301559686660767,0.5048821568489075,2008-07-04,0.026804123711340205,355,0.4140845070422535,0.004260276541259003,0.0007024623203929673
NN_v1,ROC_YOUDEN_J_EXPANDING,VOX,0.3574055467991485,0.34573128819465637,0.043699380737537395,0.3199347257614136,0.5,2008-07-04,0.026804123711340205,506,0.3616600790513834,0.0017775592961306826,-0.0017011876785299142
NN_v1,ROC_YOUDEN_J_EXPANDING,VFH,0.41069545487767645,0.3857519328594208,0.0485188092262477,0.3122788369655609,0.5,2008-07-04,0.026804123711340205,276,0.4166666666666667,0.005913162083780005,3.561847705459401e-05
NN_v1,ROC_YOUDEN_J_EXPANDING,VIS,0.39073019159823347,0.38751107454299927,0.046539323465938205,0.2410174310207367,0.5,2008-07-04,0.026804123711340205,335,0.41492537313432837,0.005303064929252032,0.00038693797177852496
NN_v1,ROC_YOUDEN_J_EXPANDING,VDC,0.34539680618127677,0.34399375319480896,0.030398414822494134,0.3192720115184784,0.5,2008-07-04,0.026831785345717233,434,0.3686635944700461,0.0027167469348838465,-0.002478243845009244
NN_v1,ROC_YOUDEN_J_EXPANDING,VPU,0.3583544161823607,0.36245086789131165,0.03573072858474374,0.3138703405857086,0.5,2008-07-04,0.026804123711340205,458,0.34497816593886466,0.0015105043717351073,-0.002024039282070475
NN_v1,ROC_YOUDEN_J_EXPANDING,VAW,0.39558369670946575,0.40138962864875793,0.042409420528334636,0.2466714084148407,0.5806658864021301,2008-07-04,0.026804123711340205,339,0.4336283185840708,0.003955390394793328,-0.00013930699960255867
NN_v1,ROC_YOUDEN_J_EXPANDING,VNQ,0.36624432379744715,0.36677077412605286,0.06024373090164209,0.20180314779281616,0.5217487812042236,2008-07-04,0.026804123711340205,450,0.42,0.0024991049444414385,-0.0009782975857928688
NN_v1,ROC_YOUDEN_J_EXPANDING,VDE,0.3900686028691911,0.4002852439880371,0.03328119006984259,0.29091301560401917,0.5,2008-07-04,0.026804123711340205,400,0.45,0.004310567635535307,-0.0002555710921892363
NN_v2,ROC_YOUDEN_J,VGT,0.3718192088081665,0.37423235177993774,0.07817608996434265,0.2428896725177765,0.5688354969024658,2008-07-04,0.026804123711340205,477,0.4276729559748428,0.004040843536773313,0.0007822695841738629
NN_v2,ROC_YOUDEN_J,VHT,0.37835482609333454,0.3710383176803589,0.053957763181116364,0.23493173718452454,0.5321091413497925,2008-07-04,0.026804123711340205,434,0.4032258064516129,0.0025046134292927916,-0.0010654753829979515
NN_v2,ROC_YOUDEN_J,VCR,0.38983923696058315,0.378047376871109,0.08167563200888299,0.19336764514446259,0.6433769464492798,2008-07-04,0.026804123711340205,444,0.38513513513513514,0.0027473822194467395,-0.0009372341409077813
NN_v2,ROC_YOUDEN_J,VOX,0.38539407502130135,0.3860849142074585,0.06521740324108075,0.24962952733039856,0.5382741689682007,2008-07-04,0.026804123711340205,428,0.37850467289719625,0.002107984020149706,-0.0016427912653081422
NN_v2,ROC_YOUDEN_J,VFH,0.3789337391552237,0.3870742619037628,0.06960514769485643,0.21955864131450653,0.6411948204040527,2008-07-04,0.026804123711340205,495,0.40606060606060607,0.0037207195679624817,-5.359966686172195e-05
NN_v2,ROC_YOUDEN_J,VIS,0.3937644495484755,0.394989013671875,0.0637255869322975,0.21344342827796936,0.6132369041442871,2008-07-04,0.026804123711340205,423,0.38534278959810875,0.003717429852152119,-0.0009735637883947351
NN_v2,ROC_YOUDEN_J,VDC,0.36191788577196893,0.3646828234195709,0.06263895136244739,0.17971597611904144,0.5002409815788269,2008-07-04,0.026831785345717233,433,0.3187066974595843,0.0024111057241666045,-0.0024468238236605828
NN_v2,ROC_YOUDEN_J,VPU,0.37577092919460275,0.3685735762119293,0.05909496973856169,0.19700057804584503,0.54395991563797,2008-07-04,0.026804123711340205,371,0.3638814016172507,0.0022159790664855565,-0.0011396123345778282
NN_v2,ROC_YOUDEN_J,VAW,0.39058286344882137,0.40395742654800415,0.05223010245233069,0.24501267075538635,0.5518687963485718,2008-07-04,0.026804123711340205,432,0.4236111111111111,0.0034358239517191073,-0.00024100970194069948
NN_v2,ROC_YOUDEN_J,VNQ,0.3855763261465682,0.3873775899410248,0.0684486919112093,0.1257990449666977,0.5462402105331421,2008-07-04,0.026804123711340205,406,0.39901477832512317,0.0022568649670862894,-0.0014067787392883398
NN_v2,ROC_YOUDEN_J,VDE,0.3796723921581642,0.38555091619491577,0.05992323267401297,0.2003830373287201,0.5010071992874146,2008-07-04,0.026804123711340205,470,0.4,0.002012208467599194,-0.001698316749027028
NN_v2,ROC_CLOSEST_UL,VGT,0.3819391392862674,0.37573835253715515,0.05943577240589386,0.2791702151298523,0.5358015298843384,2008-07-04,0.026804123711340205,456,0.4276315789473684,0.004298079510368776,0.0007361306564922332
NN_v2,ROC_CLOSEST_UL,VHT,0.37341261383184454,0.368377685546875,0.04623825479333129,0.26443395018577576,0.5,2008-07-04,0.026804123711340205,429,0.3939393939393939,0.002067637244304963,-0.0013048003431573732
NN_v2,ROC_CLOSEST_UL,VCR,0.3832590212219769,0.3756997585296631,0.057576447639319434,0.2894226014614105,0.5363196134567261,2008-07-04,0.026804123711340205,470,0.4021276595744681,0.0029309177950440535,-0.0004505800968276008
NN_v2,ROC_CLOSEST_UL,VOX,0.38269286121904234,0.3802903890609741,0.0567785491544593,0.2836747169494629,0.5270429849624634,2008-07-04,0.026804123711340205,420,0.37857142857142856,0.0018268655638658494,-0.002079096533751748
NN_v2,ROC_CLOSEST_UL,VFH,0.38372022110162324,0.38525164127349854,0.0577073056872499,0.23820766806602478,0.5210117101669312,2008-07-04,0.026804123711340205,476,0.4054621848739496,0.0028525843255286934,-0.0004972105066969894
NN_v2,ROC_CLOSEST_UL,VIS,0.38921913925519924,0.3827837109565735,0.0517270478165313,0.27040308713912964,0.5174521803855896,2008-07-04,0.026804123711340205,437,0.391304347826087,0.002768564370102057,-0.0006184233211390073
NN_v2,ROC_CLOSEST_UL,VDC,0.3591361154097645,0.3522886633872986,0.051743639296191905,0.25829529762268066,0.5,2008-07-04,0.026831785345717233,434,0.31336405529953915,0.0017477315987355945,-0.00243573265870602
NN_v2,ROC_CLOSEST_UL,VPU,0.36987152956810193,0.36148717999458313,0.051400353577868076,0.2803601622581482,0.5,2008-07-04,0.026804123711340205,396,0.3686868686868687,0.0018564390502880004,-0.0016228546163226955
NN_v2,ROC_CLOSEST_UL,VAW,0.3932665078295875,0.3998025059700012,0.046813722592013815,0.29415664076805115,0.5255961418151855,2008-07-04,0.026804123711340205,430,0.42093023255813955,0.003347590929841847,0.00011442680524240134
NN_v2,ROC_CLOSEST_UL,VNQ,0.38465572236125,0.3782908618450165,0.053693827130775085,0.3060484528541565,0.5462402105331421,2008-07-04,0.026804123711340205,429,0.3986013986013986,0.002118051253750071,-0.0015500224501467973
NN_v2,ROC_CLOSEST_UL,VDE,0.3858325669445942,0.38555091619491577,0.04933909126584133,0.25804227590560913,0.5010071992874146,2008-07-04,0.026804123711340205,462,0.4199134199134199,0.00245954607403911,-0.0011561196681909368
NN_v2,ROC_YOUDEN_J_EXPANDING,VGT,0.388923247573302,0.38203543424606323,0.04643549598890576,0.27223700284957886,0.5688354969024658,2008-07-04,0.026804123711340205,435,0.4413793103448276,0.005426513208498052,0.0011767344792897722
NN_v2,ROC_YOUDEN_J_EXPANDING,VHT,0.36038152901167725,0.3478054404258728,0.03749700321062793,0.31574907898902893,0.5,2008-07-04,0.026804123711340205,494,0.39068825910931176,0.002655973855508647,-0.0011315736926404505
NN_v2,ROC_YOUDEN_J_EXPANDING,VCR,0.3873980430290871,0.3452405333518982,0.07627189240379462,0.3185257017612457,0.5378243327140808,2008-07-04,0.026804123711340205,454,0.4008810572687225,0.00334711887917152,-0.00012721206276960936
NN_v2,ROC_YOUDEN_J_EXPANDING,VOX,0.4004698115833027,0.38221868872642517,0.03638020390612578,0.37969669699668884,0.5381650924682617,2008-07-04,0.026804123711340205,367,0.4114441416893733,0.0028060865335634527,-0.0017385376663095241
NN_v2,ROC_YOUDEN_J_EXPANDING,VFH,0.3644572124038775,0.3372802734375,0.06039755366693273,0.3098202347755432,0.6283756494522095,2008-07-04,0.026804123711340205,550,0.39454545454545453,0.0029366737820661175,-0.00019730629972604003
NN_v2,ROC_YOUDEN_J_EXPANDING,VIS,0.3846675137269128,0.3822428584098816,0.039174859984343266,0.28800421953201294,0.5330499410629272,2008-07-04,0.026804123711340205,443,0.4198645598194131,0.005074564380014536,5.535077315597388e-05
NN_v2,ROC_YOUDEN_J_EXPANDING,VDC,0.36290620721038525,0.36716437339782715,0.04104441625490224,0.27539968490600586,0.5002409815788269,2008-07-04,0.026831785345717233,401,0.33915211970074816,0.0019432799161645446,-0.0020513696883860933
NN_v2,ROC_YOUDEN_J_EXPANDING,VPU,0.3726303849945363,0.362926721572876,0.0483539609662204,0.29243001341819763,0.5,2008-07-04,0.026804123711340205,422,0.35545023696682465,0.0020090904252789347,-0.0019105833461751636
NN_v2,ROC_YOUDEN_J_EXPANDING,VAW,0.39054721898024847,0.4080168604850769,0.051829090648033496,0.252084344625473,0.5,2008-07-04,0.026804123711340205,409,0.4621026894865526,0.0056510425503589964,0.0008337811782016702
NN_v2,ROC_YOUDEN_J_EXPANDING,VNQ,0.40268856913773055,0.38604646921157837,0.0498751104067844,0.3483431339263916,0.5412696003913879,2008-07-04,0.026804123711340205,360,0.4166666666666667,0.003548177615826283,-0.0015777096789814876
NN_v2,ROC_YOUDEN_J_EXPANDING,VDE,0.38856947932046715,0.39645951986312866,0.0387084469418298,0.2849666178226471,0.5010071992874146,2008-07-04,0.026804123711340205,396,0.4393939393939394,0.004353821298362368,-0.0008834426075684568
