model,symbol,pass_rate,n_obs
NN_v1,VAW,0.002061855670103093,970
NN_v1,VCR,0.0010309278350515464,970
NN_v1,VDC,0.0,969
NN_v1,VDE,0.0,970
NN_v1,VFH,0.0010309278350515464,970
NN_v1,VGT,0.002061855670103093,970
NN_v1,VHT,0.0,970
NN_v1,VIS,0.0010309278350515464,970
NN_v1,VNQ,0.0,970
NN_v1,VOX,0.0010309278350515464,970
NN_v1,VPU,0.0010309278350515464,970
NN_v2,VAW,0.0,970
NN_v2,VCR,0.0,970
NN_v2,VDC,0.0,969
NN_v2,VDE,0.0,970
NN_v2,VFH,0.0,970
NN_v2,VGT,0.0,970
NN_v2,VHT,0.0,970
NN_v2,VIS,0.0,970
NN_v2,VNQ,0.0,970
NN_v2,VOX,0.0,970
NN_v2,VPU,0.0,970
