model,year,pass_rate,n_obs
NN_v1,2008,0.012237762237762238,572
NN_v1,2009,0.0,572
NN_v1,2010,0.0,583
NN_v1,2011,0.0,572
NN_v1,2012,0.0017482517482517483,572
NN_v1,2013,0.0,572
NN_v1,2014,0.0,572
NN_v1,2015,0.0,572
NN_v1,2016,0.0,583
NN_v1,2017,0.0,572
NN_v1,2018,0.0,572
NN_v1,2019,0.0,572
NN_v1,2020,0.0,572
NN_v1,2021,0.0,583
NN_v1,2022,0.0017482517482517483,572
NN_v1,2023,0.0,572
NN_v1,2024,0.0,572
NN_v1,2025,0.0,572
NN_v1,2026,0.0,340
NN_v2,2008,0.0,572
NN_v2,2009,0.0,572
NN_v2,2010,0.0,583
NN_v2,2011,0.0,572
NN_v2,2012,0.0,572
NN_v2,2013,0.0,572
NN_v2,2014,0.0,572
NN_v2,2015,0.0,572
NN_v2,2016,0.0,583
NN_v2,2017,0.0,572
NN_v2,2018,0.0,572
NN_v2,2019,0.0,572
NN_v2,2020,0.0,572
NN_v2,2021,0.0,583
NN_v2,2022,0.0,572
NN_v2,2023,0.0,572
NN_v2,2024,0.0,572
NN_v2,2025,0.0,572
NN_v2,2026,0.0,340
