feature,instability_ratio,group
sector_return_dispersion_1w,0.34259850998215596,I
realized_vol_26w,0.2516729289395254,D
drawdown_dist_from_high_26w,0.2311627696286578,F
realized_vol_12w,0.2174892823505155,D
realized_vol_8w,0.199107900330394,-
drawdown_dist_from_high_13w,0.171620129770089,F
realized_vol_4w,0.16695986573616928,D
vti_return_12w,0.15324318422177552,H
abs_return_26w,0.14446042044280613,A
trend_dist_from_ma_26w,0.1391287018724546,E
vti_volatility_4w,0.1318152336518616,H
excess_return_vs_vti_26w,0.118721771363232,B
abs_return_12w,0.0836429211269104,A
trend_dist_from_ma_12w,0.081683760572928,E
excess_return_vs_vti_12w,0.07811061549898396,B
vti_return_4w,0.07651784491343401,H
volume_vs_avg_12w,0.07393725408077702,G
volume_change_1w,0.07202448149741952,G
sectors_outperforming_vti_1w,0.07067789007027021,I
abs_return_8w,0.06555890129711944,A
excess_return_vs_vti_8w,0.06333933413234905,B
volume_vs_avg_4w,0.06022160840499606,G
trend_dist_from_ma_8w,0.059705624977509926,-
excess_return_vs_vti_4w,0.04362471670630228,B
abs_return_4w,0.03846558142541175,A
vti_return_1w,0.03618855899383511,H
trend_dist_from_ma_4w,0.0345869017448149,E
excess_return_vs_vti_2w,0.03127235276192045,B
abs_return_2w,0.02575170589332386,A
excess_return_vs_vti_1w,0.022050830987246126,B
average_sector_return_1w,0.02077591782483323,I
abs_return_1w,0.01704689577514375,A
cross_sectional_rank_12w,0.0,C
cross_sectional_rank_8w,0.0,C
cross_sectional_rank_4w,0.0,C
cross_sectional_rank_1w,0.0,C
