,abs_return_1w,abs_return_2w,abs_return_4w,abs_return_8w,abs_return_12w,abs_return_26w,excess_return_vs_vti_1w,excess_return_vs_vti_2w,excess_return_vs_vti_4w,excess_return_vs_vti_8w,excess_return_vs_vti_12w,excess_return_vs_vti_26w,cross_sectional_rank_1w,cross_sectional_rank_4w,cross_sectional_rank_8w,cross_sectional_rank_12w,trend_dist_from_ma_4w,trend_dist_from_ma_8w,trend_dist_from_ma_12w,trend_dist_from_ma_26w,realized_vol_4w,realized_vol_8w,realized_vol_12w,realized_vol_26w,drawdown_dist_from_high_13w,drawdown_dist_from_high_26w,volume_change_1w,volume_vs_avg_4w,volume_vs_avg_12w,vti_return_1w,vti_return_4w,vti_return_12w,vti_volatility_4w,sector_return_dispersion_1w,sectors_outperforming_vti_1w,average_sector_return_1w
abs_return_1w,1.0,0.6416185389341709,0.4454071578591858,0.2851250985441687,0.23808800187388077,0.17755127195570053,0.5194887527706669,0.3537145082338916,0.2538160883488961,0.166800317191983,0.1354036965501596,0.09924921871263244,-0.5386168802374539,-0.25401421769838295,-0.175709500655391,-0.1431125537969069,0.7620042025227616,0.5357416827200233,0.4343328056369893,0.297394002962853,-0.01598272546625478,-0.0011204314896448833,0.012317688795381063,0.013193607441095585,0.44999521849095997,0.35851167604039796,-0.07152495662188815,-0.08926882399369104,-0.0767680069915255,0.7491237965689619,0.3340330725067807,0.18203839668202335,0.005417004560427926,-0.061804119923967865,-0.024943871234926012,0.7718169820131336
abs_return_2w,0.6416185389341709,1.0,0.6539455828396427,0.4123177941942673,0.32286647077553254,0.22666557557264871,0.3727339488959826,0.5486832963329562,0.3763947761065786,0.25475584804574375,0.20288832468123957,0.14170119700619135,-0.3748690107691286,-0.3783380761369976,-0.2640463011426089,-0.2106522741748741,0.9197224933358372,0.7186184325102445,0.5916694144292179,0.39844078509458,-0.045714692498854986,-0.006773374909385569,0.017271498932976356,0.028129728341765435,0.5500218902320626,0.4402356816933829,-0.04900410072296391,-0.11327416643891319,-0.11244047015597256,0.46973746785763926,0.48189116873539867,0.22269226057970345,-0.015519040464427045,-0.08057130229260837,-0.0028747290281707595,0.48369738918937616
abs_return_4w,0.4454071578591858,0.6539455828396427,1.0,0.6321642418404426,0.5012290678549091,0.341924439545831,0.2615053556770029,0.3764678374996862,0.5598633653917491,0.37999632935516303,0.30096480468410874,0.20270226857668047,-0.26310816626974154,-0.5680550603836596,-0.38937432156654656,-0.31644309918860297,0.7528724485481924,0.9069740940910828,0.8024387055518594,0.5762524658401321,-0.16141199152701496,-0.07409687764673498,-0.028554707558290142,0.01025454577851588,0.6763497503210932,0.5604289804199926,-0.016689522319032035,-0.07223478593751824,-0.10897126763777729,0.3306002217953299,0.7245522936484359,0.34494044339675445,-0.14816455394318975,-0.10511856309539923,-0.013317546086994527,0.33957695771727675
abs_return_8w,0.2851250985441687,0.4123177941942673,0.6321642418404426,1.0,0.7441763074749166,0.4706914357705051,0.17659430317310562,0.26131280715948735,0.3764781881146269,0.5600619358508975,0.4341647104566892,0.28485869662897256,-0.18575762299990542,-0.396445093982943,-0.5842394728015539,-0.45925801223427204,0.4722962720291811,0.7758104922850357,0.912645302701854,0.7598237891849535,-0.2555009038130916,-0.22529148440597535,-0.1270813800877257,-0.02561809906085488,0.750051682934024,0.6565387407724916,0.0058174355741206565,0.01853577421249353,-0.04863265281334842,0.20281458473723452,0.4600537001812741,0.5190032458500312,-0.26116575550281107,-0.13165527601529559,-0.03564902330185013,0.19833114351975614
abs_return_12w,0.23808800187388077,0.32286647077553254,0.5012290678549091,0.7441763074749166,1.0,0.6019530728501673,0.13769432317880262,0.20495772085493782,0.30742279575917036,0.4336420730013389,0.5536840580096609,0.35517767324912647,-0.15220897869701977,-0.3241577466486596,-0.46136602865654064,-0.5911913026251793,0.3741915907837735,0.5973701196486795,0.785999892411874,0.862130275168241,-0.2549413309444617,-0.28357079517609796,-0.23458494547413278,-0.07206018478836047,0.7215640081989083,0.6968933544138546,0.004143286220523762,0.015163123706461399,-0.003220004523612442,0.1734713379020376,0.3534478612880306,0.7021019625477689,-0.2545470987364327,-0.18001606556647443,-0.056200542729847154,0.1702538013630045
abs_return_26w,0.17755127195570053,0.22666557557264871,0.341924439545831,0.4706914357705051,0.6019530728501673,1.0,0.10021473436976087,0.1413168043953691,0.1963076842367017,0.28040840207845114,0.35041914375678584,0.5484278837407375,-0.10959170717944246,-0.21070657605058263,-0.29841077260295235,-0.38262260786416036,0.26574279882519947,0.39910818501833445,0.501232734617619,0.8067057581685103,-0.2528153017352002,-0.30526177802320614,-0.3186561281631022,-0.2636112075902863,0.5328857641720623,0.6937956213264721,-0.00272337783032802,0.024300107250391143,0.038761633622471925,0.12196576763545189,0.24079296039506023,0.42455817733497386,-0.27157891261170725,-0.2180570752980971,-0.04538402617933183,0.12605217538118255
excess_return_vs_vti_1w,0.5194887527706669,0.3727339488959826,0.2615053556770029,0.17659430317310562,0.13769432317880262,0.10021473436976087,1.0,0.6581084568003125,0.46220207588982065,0.30938229561167724,0.25059617069374346,0.17897777899930653,-0.9063452695691179,-0.4146404285621886,-0.27917279895525593,-0.23029045455840202,0.4266520537647264,0.3060681395527942,0.255463017941142,0.16965690464202726,-0.013978277729968241,-0.004135035306048996,-0.0033503482753426835,0.003371762436833547,0.2630401113387182,0.21058223290688724,-0.008530757096185863,-0.011693600133828318,-0.008858620523503497,-0.07730612751111784,-0.037168066616336155,-0.03460826805829798,0.017462726210660976,0.0007145818203953865,0.21053095198949837,-0.019315339906890168
excess_return_vs_vti_2w,0.3537145082338916,0.5486832963329562,0.3764678374996862,0.26131280715948735,0.20495772085493782,0.1413168043953691,0.6581084568003125,1.0,0.6664692043978632,0.4586979180296064,0.36276829630958085,0.2485637727913451,-0.6006797481610475,-0.6044327194867368,-0.41796977256963985,-0.33141811710646424,0.5136163202983227,0.4161640944142919,0.35695865605753835,0.2419988062042012,-0.026958328954054703,-0.014857187469907608,-0.016938652927571397,-0.0027645081695319555,0.33370133423842696,0.27245110508225623,0.014353111373623993,0.013409037199476188,0.01196956683800941,-0.053962218144808734,-0.050210514733723496,-0.04624614471421169,0.024493008303245935,-0.001865150000458827,0.11854004179923165,-0.015805246677041238
excess_return_vs_vti_4w,0.2538160883488961,0.3763947761065786,0.5598633653917491,0.3764781881146269,0.30742279575917036,0.1963076842367017,0.46220207588982065,0.6664692043978632,1.0,0.6660145381070899,0.5367631151593727,0.35369895119495726,-0.41468706652825776,-0.9112821591802176,-0.6075669213209887,-0.48972980203378064,0.4339772483815017,0.516483551176078,0.4707125586001641,0.3363784741066561,-0.029889870274692944,-0.018381574492046016,-0.018273155263005006,-0.002822520723886573,0.3862950377121544,0.325924680334282,0.015548518496060332,0.03436212603282497,0.03935468009318664,-0.035728316389021575,-0.06785717512086428,-0.05895938506167887,0.043462620459120464,0.0061348287220019376,0.09172175178076987,-0.003988996562969633
excess_return_vs_vti_8w,0.166800317191983,0.25475584804574375,0.37999632935516303,0.5600619358508975,0.4336420730013389,0.28040840207845114,0.30938229561167724,0.4586979180296064,0.6660145381070899,1.0,0.7816443699082333,0.512977332409828,-0.2774435968826826,-0.603819007449707,-0.9080081865515086,-0.7075727423587604,0.2890291436365383,0.45786944426706544,0.5283250678496808,0.44203926392121246,-0.03905897688591509,-0.02756322947256126,-0.019953011078026748,-0.00828373720167637,0.40172115071917,0.3698097128238037,0.017013591529395546,0.04638233474475798,0.07920509144871352,-0.03429184118312046,-0.05371445152724005,-0.0891012194171016,0.04490956654355206,0.010017556907220228,0.057945995994204726,-0.011232342719881333
excess_return_vs_vti_12w,0.1354036965501596,0.20288832468123957,0.30096480468410874,0.4341647104566892,0.5536840580096609,0.35041914375678584,0.25059617069374346,0.36276829630958085,0.5367631151593727,0.7816443699082333,1.0,0.6424847283635997,-0.22773557157058097,-0.48680785304157415,-0.7051732837792395,-0.9061780912947023,0.2312466678439478,0.35775889620522316,0.4596297339987816,0.4940023417526512,-0.021503621659641,-0.015484145052254256,-0.013686466707212668,-0.005844691360423489,0.3579133436406151,0.36801936008880526,0.01229516315845157,0.034990198665180425,0.08215266966468233,-0.02650804889518059,-0.0513760248908366,-0.10382328483662427,0.04799388973281203,0.008298510787262474,0.046336949600628764,-0.006347697101734113
excess_return_vs_vti_26w,0.09924921871263244,0.14170119700619135,0.20270226857668047,0.28485869662897256,0.35517767324912647,0.5484278837407375,0.17897777899930653,0.2485637727913451,0.35369895119495726,0.512977332409828,0.6424847283635997,1.0,-0.16382550874848176,-0.3208520880713577,-0.45873318887865105,-0.5863285578817503,0.16246244462268367,0.24150813206137875,0.3034763575554597,0.4629947268423979,-0.004293060068560343,-0.0012365297387676088,-0.0025614811004160474,-0.00766721615416741,0.24624324715313167,0.3375077630236437,0.007344184145294186,0.026066312409726112,0.054257252263682255,-0.018508803914469695,-0.032276212483803086,-0.06719344995294618,0.037141269158531304,0.00026514778972174365,0.03255604767997445,-0.0032965868546863297
cross_sectional_rank_1w,-0.5386168802374539,-0.3748690107691286,-0.26310816626974154,-0.18575762299990542,-0.15220897869701977,-0.10959170717944246,-0.9063452695691179,-0.6006797481610475,-0.41468706652825776,-0.2774435968826826,-0.22773557157058097,-0.16382550874848176,1.0,0.4188780409731114,0.27876646321876003,0.23114925854287557,-0.4337489868268781,-0.3175308470090345,-0.2684094852983184,-0.18583040426285777,0.02199275445884913,0.007862056345073603,0.0034964017036384766,-0.003969216775769903,-0.2824480876225268,-0.23065991688002294,0.005948020539022138,0.0047598155362445545,0.008135532837368249,0.0,0.0,0.0,0.0,0.0,0.0,0.0
cross_sectional_rank_4w,-0.25401421769838295,-0.3783380761369976,-0.5680550603836596,-0.396445093982943,-0.3241577466486596,-0.21070657605058263,-0.4146404285621886,-0.6044327194867368,-0.9112821591802176,-0.603819007449707,-0.48680785304157415,-0.3208520880713577,0.4188780409731114,1.0,0.6185512367491166,0.4974774339136041,-0.43503534160951884,-0.5306220764542303,-0.48951240016333375,-0.36257137298482145,0.06126977906748573,0.041505279499148916,0.03564182512938457,0.010128528382877023,-0.4115474633395972,-0.35474061381306893,-0.016050549327363134,-0.032556292358474015,-0.028861154266973495,0.0,0.0,0.0,0.0,0.0,0.0,0.0
cross_sectional_rank_8w,-0.175709500655391,-0.2640463011426089,-0.38937432156654656,-0.5842394728015539,-0.46136602865654064,-0.29841077260295235,-0.27917279895525593,-0.41796977256963985,-0.6075669213209887,-0.9080081865515086,-0.7051732837792395,-0.45873318887865105,0.27876646321876003,0.6185512367491166,1.0,0.7263136686009026,-0.3003130424763684,-0.47244603168414795,-0.5501455225621987,-0.4716852480530044,0.07062630675436565,0.06519704914632103,0.05014848508641363,0.01705594018150435,-0.4306642993766728,-0.3982712457417738,-0.016767952873776477,-0.05237483378442406,-0.07577743210617613,0.0,0.0,0.0,0.0,0.0,0.0,0.0
cross_sectional_rank_12w,-0.1431125537969069,-0.2106522741748741,-0.31644309918860297,-0.45925801223427204,-0.5911913026251793,-0.38262260786416036,-0.23029045455840202,-0.33141811710646424,-0.48972980203378064,-0.7075727423587604,-0.9061780912947023,-0.5863285578817503,0.23114925854287557,0.4974774339136041,0.7263136686009026,1.0,-0.2410664306522935,-0.3767302662019714,-0.4851551274883621,-0.5330989131750911,0.05912775245888386,0.06004216226627684,0.0575114496096678,0.020820688188761604,-0.3952346791684342,-0.4066148344560462,-0.012841248004313788,-0.04019845197295171,-0.08391137825415365,0.0,0.0,0.0,0.0,0.0,0.0,0.0
trend_dist_from_ma_4w,0.7620042025227616,0.9197224933358372,0.7528724485481924,0.4722962720291811,0.3741915907837735,0.26574279882519947,0.4266520537647264,0.5136163202983227,0.4339772483815017,0.2890291436365383,0.2312466678439478,0.16246244462268367,-0.4337489868268781,-0.43503534160951884,-0.3003130424763684,-0.2410664306522935,1.0,0.8107379511207534,0.6707185358777968,0.45942836459162945,-0.056387011554651596,-0.009234323385788308,0.019656165551292126,0.03329599010461562,0.621399175510039,0.4987159119540016,-0.047123772998117194,-0.11169844609552132,-0.11700308536530309,0.568068669804738,0.5485088136169274,0.259718508497879,-0.030432331834352587,-0.08129626112028618,-0.010857628340697293,0.5828616535081949
trend_dist_from_ma_8w,0.5357416827200233,0.7186184325102445,0.9069740940910828,0.7758104922850357,0.5973701196486795,0.39910818501833445,0.3060681395527942,0.4161640944142919,0.516483551176078,0.45786944426706544,0.35775889620522316,0.24150813206137875,-0.3175308470090345,-0.5306220764542303,-0.47244603168414795,-0.3767302662019714,0.8107379511207534,1.0,0.9247580278118995,0.6745840656836576,-0.18740472656302812,-0.10479272294042279,-0.04339325181471306,0.01205260052099593,0.7796184441811363,0.6483449396773125,-0.016971213539135065,-0.05592648037151909,-0.10542235549732207,0.40084793699981686,0.6592690020942691,0.41383330554417397,-0.1826269549352204,-0.11795478960707603,-0.026698914554054043,0.4038080809063846
trend_dist_from_ma_12w,0.4343328056369893,0.5916694144292179,0.8024387055518594,0.912645302701854,0.785999892411874,0.501232734617619,0.255463017941142,0.35695865605753835,0.4707125586001641,0.5283250678496808,0.4596297339987816,0.3034763575554597,-0.2684094852983184,-0.48951240016333375,-0.5501455225621987,-0.4851551274883621,0.6707185358777968,0.9247580278118995,1.0,0.8109937693286626,-0.2437634207624251,-0.19846340324698317,-0.11520762913654797,-0.01705542246068009,0.8416098432188002,0.7247688046205958,-0.00898182287226019,-0.020260288870156073,-0.07159706344839098,0.320178496775457,0.5777532332993006,0.5476265286230622,-0.2415883096053607,-0.14506365805051608,-0.04490083441843452,0.3202800933926977
trend_dist_from_ma_26w,0.297394002962853,0.39844078509458,0.5762524658401321,0.7598237891849535,0.862130275168241,0.8067057581685103,0.16965690464202726,0.2419988062042012,0.3363784741066561,0.44203926392121246,0.4940023417526512,0.4629947268423979,-0.18583040426285777,-0.36257137298482145,-0.4716852480530044,-0.5330989131750911,0.45942836459162945,0.6745840656836576,0.8109937693286626,1.0,-0.29959268004030765,-0.3195635885679312,-0.28701407596633544,-0.14207157043004442,0.7709294815742718,0.8348087442856706,-0.003636285785895165,0.00879021622257127,-0.002975950257991083,0.21556917212827337,0.41397350452654846,0.6081670066800391,-0.31111917500922953,-0.20243311196145847,-0.060177986950299814,0.21461617980198602
realized_vol_4w,-0.01598272546625478,-0.045714692498854986,-0.16141199152701496,-0.2555009038130916,-0.2549413309444617,-0.2528153017352002,-0.013978277729968241,-0.026958328954054703,-0.029889870274692944,-0.03905897688591509,-0.021503621659641,-0.004293060068560343,0.02199275445884913,0.06126977906748573,0.07062630675436565,0.05912775245888386,-0.056387011554651596,-0.18740472656302812,-0.2437634207624251,-0.29959268004030765,1.0,0.7851416697901984,0.7016491978599335,0.5811746947812135,-0.475235457369107,-0.5021991472147128,-0.012816009555106441,0.00772989179727387,0.04707312239814183,-0.002143355277972285,-0.16884426995148044,-0.2708117162729143,0.6697426521156816,0.3234559407207763,0.04457941915965804,0.004617577131339287
realized_vol_8w,-0.0011204314896448833,-0.006773374909385569,-0.07409687764673498,-0.22529148440597535,-0.28357079517609796,-0.30526177802320614,-0.004135035306048996,-0.014857187469907608,-0.018381574492046016,-0.02756322947256126,-0.015484145052254256,-0.0012365297387676088,0.007862056345073603,0.041505279499148916,0.06519704914632103,0.06004216226627684,-0.009234323385788308,-0.10479272294042279,-0.19846340324698317,-0.3195635885679312,0.7851416697901984,1.0,0.9085368140686148,0.7534367125346805,-0.48662987903814026,-0.5559574213602992,-0.01629135074347398,-0.032659670635113214,-0.012605521765239464,0.0063133839591550354,-0.07081085484711332,-0.3121211646576714,0.5673135385018704,0.34299634504210275,0.04671858298945258,0.00969175599285246
realized_vol_12w,0.012317688795381063,0.017271498932976356,-0.028554707558290142,-0.1270813800877257,-0.23458494547413278,-0.3186561281631022,-0.0033503482753426835,-0.016938652927571397,-0.018273155263005006,-0.019953011078026748,-0.013686466707212668,-0.0025614811004160474,0.0034964017036384766,0.03564182512938457,0.05014848508641363,0.0575114496096678,0.019656165551292126,-0.04339325181471306,-0.11520762913654797,-0.28701407596633544,0.7016491978599335,0.9085368140686148,1.0,0.847396656189933,-0.4381179146956171,-0.542696215920156,-0.015463164969246542,-0.03204069542167762,-0.04953031218235275,0.02385548318877839,-0.010509549432054276,-0.25132380517648006,0.4977391409764426,0.3453346954551743,0.04136602563438812,0.02310720426190519
realized_vol_26w,0.013193607441095585,0.028129728341765435,0.01025454577851588,-0.02561809906085488,-0.07206018478836047,-0.2636112075902863,0.003371762436833547,-0.0027645081695319555,-0.002822520723886573,-0.00828373720167637,-0.005844691360423489,-0.00766721615416741,-0.003969216775769903,0.010128528382877023,0.01705594018150435,0.020820688188761604,0.03329599010461562,0.01205260052099593,-0.01705542246068009,-0.14207157043004442,0.5811746947812135,0.7534367125346805,0.847396656189933,1.0,-0.3286557638596094,-0.4508286077486519,-0.010788464707697884,-0.022775642246114114,-0.05632233991624483,0.021025825876512274,0.025103522883655943,-0.05831920607094382,0.4012800892522932,0.33528378252134666,0.028626809716842082,0.017927072781880406
drawdown_dist_from_high_13w,0.44999521849095997,0.5500218902320626,0.6763497503210932,0.750051682934024,0.7215640081989083,0.5328857641720623,0.2630401113387182,0.33370133423842696,0.3862950377121544,0.40172115071917,0.3579133436406151,0.24624324715313167,-0.2824480876225268,-0.4115474633395972,-0.4306642993766728,-0.3952346791684342,0.621399175510039,0.7796184441811363,0.8416098432188002,0.7709294815742718,-0.475235457369107,-0.48662987903814026,-0.4381179146956171,-0.3286557638596094,1.0,0.8950070781749272,0.01503167503902836,0.004420903077594661,-0.04163907997572161,0.318792025520395,0.4905377792687595,0.5444175478764506,-0.38262679386269277,-0.2620554556483374,-0.05215984508677563,0.320729728525981
drawdown_dist_from_high_26w,0.35851167604039796,0.4402356816933829,0.5604289804199926,0.6565387407724916,0.6968933544138546,0.6937956213264721,0.21058223290688724,0.27245110508225623,0.325924680334282,0.3698097128238037,0.36801936008880526,0.3375077630236437,-0.23065991688002294,-0.35474061381306893,-0.3982712457417738,-0.4066148344560462,0.4987159119540016,0.6483449396773125,0.7247688046205958,0.8348087442856706,-0.5021991472147128,-0.5559574213602992,-0.542696215920156,-0.4508286077486519,0.8950070781749272,1.0,0.008710224387452063,0.009947074545923834,-0.002277064712269716,0.2481392968543477,0.3931852178893625,0.5084684718736654,-0.41023863667637384,-0.29039907576110713,-0.060323418525865174,0.2504100926632674
volume_change_1w,-0.07152495662188815,-0.04900410072296391,-0.016689522319032035,0.0058174355741206565,0.004143286220523762,-0.00272337783032802,-0.008530757096185863,0.014353111373623993,0.015548518496060332,0.017013591529395546,0.01229516315845157,0.007344184145294186,0.005948020539022138,-0.016050549327363134,-0.016767952873776477,-0.012841248004313788,-0.047123772998117194,-0.016971213539135065,-0.00898182287226019,-0.003636285785895165,-0.012816009555106441,-0.01629135074347398,-0.015463164969246542,-0.010788464707697884,0.01503167503902836,0.008710224387452063,1.0,0.7167000712889502,0.5780621796319451,-0.07463021727279408,-0.029252401173926156,-0.00395975695073383,-0.008912007446160258,0.10263856852775599,0.02791056194794082,-0.07247413488228292
volume_vs_avg_4w,-0.08926882399369104,-0.11327416643891319,-0.07223478593751824,0.01853577421249353,0.015163123706461399,0.024300107250391143,-0.011693600133828318,0.013409037199476188,0.03436212603282497,0.04638233474475798,0.034990198665180425,0.026066312409726112,0.0047598155362445545,-0.032556292358474015,-0.05237483378442406,-0.04019845197295171,-0.11169844609552132,-0.05592648037151909,-0.020260288870156073,0.00879021622257127,0.00772989179727387,-0.032659670635113214,-0.03204069542167762,-0.022775642246114114,0.004420903077594661,0.009947074545923834,0.7167000712889502,1.0,0.8207136668126043,-0.09997700261305006,-0.112856478149362,-0.007246310820106483,-0.0032784913251931885,0.13380395137675521,1.713009935573825e-05,-0.09753133988920551
volume_vs_avg_12w,-0.0767680069915255,-0.11244047015597256,-0.10897126763777729,-0.04863265281334842,-0.003220004523612442,0.038761633622471925,-0.008858620523503497,0.01196956683800941,0.03935468009318664,0.07920509144871352,0.08215266966468233,0.054257252263682255,0.008135532837368249,-0.028861154266973495,-0.07577743210617613,-0.08391137825415365,-0.11700308536530309,-0.10542235549732207,-0.07159706344839098,-0.002975950257991083,0.04707312239814183,-0.012605521765239464,-0.04953031218235275,-0.05632233991624483,-0.04163907997572161,-0.002277064712269716,0.5780621796319451,0.8207136668126043,1.0,-0.09143986344448593,-0.1656371724159491,-0.06433210843027659,0.038765497213965106,0.1199487938961695,0.010126704499589625,-0.08058342336944864
vti_return_1w,0.7491237965689619,0.46973746785763926,0.3306002217953299,0.20281458473723452,0.1734713379020376,0.12196576763545189,-0.07730612751111784,-0.053962218144808734,-0.035728316389021575,-0.03429184118312046,-0.02650804889518059,-0.018508803914469695,0.0,0.0,0.0,0.0,0.568068669804738,0.40084793699981686,0.320178496775457,0.21556917212827337,-0.002143355277972285,0.0063133839591550354,0.02385548318877839,0.021025825876512274,0.318792025520395,0.2481392968543477,-0.07463021727279408,-0.09997700261305006,-0.09143986344448593,1.0,0.4493295845479665,0.25295476528414795,0.006745413664110002,-0.06433077310967923,-0.19990802842533373,0.9631648703911291
vti_return_4w,0.3340330725067807,0.48189116873539867,0.7245522936484359,0.4600537001812741,0.3534478612880306,0.24079296039506023,-0.037168066616336155,-0.050210514733723496,-0.06785717512086428,-0.05371445152724005,-0.0513760248908366,-0.032276212483803086,0.0,0.0,0.0,0.0,0.5485088136169274,0.6592690020942691,0.5777532332993006,0.41397350452654846,-0.16884426995148044,-0.07081085484711332,-0.010509549432054276,0.025103522883655943,0.4905377792687595,0.3931852178893625,-0.029252401173926156,-0.112856478149362,-0.1656371724159491,0.4493295845479665,1.0,0.486260300888594,-0.22230575460480853,-0.12557290905242224,-0.1082898779366005,0.42451515902103076
vti_return_12w,0.18203839668202335,0.22269226057970345,0.34494044339675445,0.5190032458500312,0.7021019625477689,0.42455817733497386,-0.03460826805829798,-0.04624614471421169,-0.05895938506167887,-0.0891012194171016,-0.10382328483662427,-0.06719344995294618,0.0,0.0,0.0,0.0,0.259718508497879,0.41383330554417397,0.5476265286230622,0.6081670066800391,-0.2708117162729143,-0.3121211646576714,-0.25132380517648006,-0.05831920607094382,0.5444175478764506,0.5084684718736654,-0.00395975695073383,-0.007246310820106483,-0.06433210843027659,0.25295476528414795,0.486260300888594,1.0,-0.3345474760953233,-0.2087492691089049,-0.11607109127573734,0.2275074123355839
vti_volatility_4w,0.005417004560427926,-0.015519040464427045,-0.14816455394318975,-0.26116575550281107,-0.2545470987364327,-0.27157891261170725,0.017462726210660976,0.024493008303245935,0.043462620459120464,0.04490956654355206,0.04799388973281203,0.037141269158531304,0.0,0.0,0.0,0.0,-0.030432331834352587,-0.1826269549352204,-0.2415883096053607,-0.31111917500922953,0.6697426521156816,0.5673135385018704,0.4977391409764426,0.4012800892522932,-0.38262679386269277,-0.41023863667637384,-0.008912007446160258,-0.0032784913251931885,0.038765497213965106,0.006745413664110002,-0.22230575460480853,-0.3345474760953233,1.0,0.3196475459875125,0.05824230602170291,0.02178197098623964
sector_return_dispersion_1w,-0.061804119923967865,-0.08057130229260837,-0.10511856309539923,-0.13165527601529559,-0.18001606556647443,-0.2180570752980971,0.0007145818203953865,-0.001865150000458827,0.0061348287220019376,0.010017556907220228,0.008298510787262474,0.00026514778972174365,0.0,0.0,0.0,0.0,-0.08129626112028618,-0.11795478960707603,-0.14506365805051608,-0.20243311196145847,0.3234559407207763,0.34299634504210275,0.3453346954551743,0.33528378252134666,-0.2620554556483374,-0.29039907576110713,0.10263856852775599,0.13380395137675521,0.1199487938961695,-0.06433077310967923,-0.12557290905242224,-0.2087492691089049,0.3196475459875125,1.0,0.06909033932296478,-0.07427250510385602
sectors_outperforming_vti_1w,-0.024943871234926012,-0.0028747290281707595,-0.013317546086994527,-0.03564902330185013,-0.056200542729847154,-0.04538402617933183,0.21053095198949837,0.11854004179923165,0.09172175178076987,0.057945995994204726,0.046336949600628764,0.03255604767997445,0.0,0.0,0.0,0.0,-0.010857628340697293,-0.026698914554054043,-0.04490083441843452,-0.060177986950299814,0.04457941915965804,0.04671858298945258,0.04136602563438812,0.028626809716842082,-0.05215984508677563,-0.060323418525865174,0.02791056194794082,1.713009935573825e-05,0.010126704499589625,-0.19990802842533373,-0.1082898779366005,-0.11607109127573734,0.05824230602170291,0.06909033932296478,1.0,-0.049885261885711164
average_sector_return_1w,0.7718169820131336,0.48369738918937616,0.33957695771727675,0.19833114351975614,0.1702538013630045,0.12605217538118255,-0.019315339906890168,-0.015805246677041238,-0.003988996562969633,-0.011232342719881333,-0.006347697101734113,-0.0032965868546863297,0.0,0.0,0.0,0.0,0.5828616535081949,0.4038080809063846,0.3202800933926977,0.21461617980198602,0.004617577131339287,0.00969175599285246,0.02310720426190519,0.017927072781880406,0.320729728525981,0.2504100926632674,-0.07247413488228292,-0.09753133988920551,-0.08058342336944864,0.9631648703911291,0.42451515902103076,0.2275074123355839,0.02178197098623964,-0.07427250510385602,-0.049885261885711164,1.0
