feature,rank,other_feature,spearman_corr
abs_return_1w,1,average_sector_return_1w,0.7718169820131336
abs_return_1w,2,trend_dist_from_ma_4w,0.7620042025227616
abs_return_1w,3,vti_return_1w,0.7491237965689619
abs_return_1w,4,abs_return_2w,0.6416185389341709
abs_return_1w,5,cross_sectional_rank_1w,-0.5386168802374539
abs_return_2w,1,trend_dist_from_ma_4w,0.9197224933358372
abs_return_2w,2,trend_dist_from_ma_8w,0.7186184325102445
abs_return_2w,3,abs_return_4w,0.6539455828396427
abs_return_2w,4,abs_return_1w,0.6416185389341709
abs_return_2w,5,trend_dist_from_ma_12w,0.5916694144292179
abs_return_4w,1,trend_dist_from_ma_8w,0.9069740940910828
abs_return_4w,2,trend_dist_from_ma_12w,0.8024387055518594
abs_return_4w,3,trend_dist_from_ma_4w,0.7528724485481924
abs_return_4w,4,vti_return_4w,0.7245522936484359
abs_return_4w,5,drawdown_dist_from_high_13w,0.6763497503210932
abs_return_8w,1,trend_dist_from_ma_12w,0.912645302701854
abs_return_8w,2,trend_dist_from_ma_8w,0.7758104922850357
abs_return_8w,3,trend_dist_from_ma_26w,0.7598237891849535
abs_return_8w,4,drawdown_dist_from_high_13w,0.750051682934024
abs_return_8w,5,abs_return_12w,0.7441763074749166
abs_return_12w,1,trend_dist_from_ma_26w,0.862130275168241
abs_return_12w,2,trend_dist_from_ma_12w,0.785999892411874
abs_return_12w,3,abs_return_8w,0.7441763074749166
abs_return_12w,4,drawdown_dist_from_high_13w,0.7215640081989083
abs_return_12w,5,vti_return_12w,0.7021019625477689
abs_return_26w,1,trend_dist_from_ma_26w,0.8067057581685103
abs_return_26w,2,drawdown_dist_from_high_26w,0.6937956213264721
abs_return_26w,3,abs_return_12w,0.6019530728501673
abs_return_26w,4,excess_return_vs_vti_26w,0.5484278837407375
abs_return_26w,5,drawdown_dist_from_high_13w,0.5328857641720623
excess_return_vs_vti_1w,1,cross_sectional_rank_1w,-0.9063452695691179
excess_return_vs_vti_1w,2,excess_return_vs_vti_2w,0.6581084568003125
excess_return_vs_vti_1w,3,abs_return_1w,0.5194887527706669
excess_return_vs_vti_1w,4,excess_return_vs_vti_4w,0.46220207588982065
excess_return_vs_vti_1w,5,trend_dist_from_ma_4w,0.4266520537647264
excess_return_vs_vti_2w,1,excess_return_vs_vti_4w,0.6664692043978632
excess_return_vs_vti_2w,2,excess_return_vs_vti_1w,0.6581084568003125
excess_return_vs_vti_2w,3,cross_sectional_rank_4w,-0.6044327194867368
excess_return_vs_vti_2w,4,cross_sectional_rank_1w,-0.6006797481610475
excess_return_vs_vti_2w,5,abs_return_2w,0.5486832963329562
excess_return_vs_vti_4w,1,cross_sectional_rank_4w,-0.9112821591802176
excess_return_vs_vti_4w,2,excess_return_vs_vti_2w,0.6664692043978632
excess_return_vs_vti_4w,3,excess_return_vs_vti_8w,0.6660145381070899
excess_return_vs_vti_4w,4,cross_sectional_rank_8w,-0.6075669213209887
excess_return_vs_vti_4w,5,abs_return_4w,0.5598633653917491
excess_return_vs_vti_8w,1,cross_sectional_rank_8w,-0.9080081865515086
excess_return_vs_vti_8w,2,excess_return_vs_vti_12w,0.7816443699082333
excess_return_vs_vti_8w,3,cross_sectional_rank_12w,-0.7075727423587604
excess_return_vs_vti_8w,4,excess_return_vs_vti_4w,0.6660145381070899
excess_return_vs_vti_8w,5,cross_sectional_rank_4w,-0.603819007449707
excess_return_vs_vti_12w,1,cross_sectional_rank_12w,-0.9061780912947023
excess_return_vs_vti_12w,2,excess_return_vs_vti_8w,0.7816443699082333
excess_return_vs_vti_12w,3,cross_sectional_rank_8w,-0.7051732837792395
excess_return_vs_vti_12w,4,excess_return_vs_vti_26w,0.6424847283635997
excess_return_vs_vti_12w,5,abs_return_12w,0.5536840580096609
excess_return_vs_vti_26w,1,excess_return_vs_vti_12w,0.6424847283635997
excess_return_vs_vti_26w,2,cross_sectional_rank_12w,-0.5863285578817503
excess_return_vs_vti_26w,3,abs_return_26w,0.5484278837407375
excess_return_vs_vti_26w,4,excess_return_vs_vti_8w,0.512977332409828
excess_return_vs_vti_26w,5,trend_dist_from_ma_26w,0.4629947268423979
cross_sectional_rank_1w,1,excess_return_vs_vti_1w,-0.9063452695691179
cross_sectional_rank_1w,2,excess_return_vs_vti_2w,-0.6006797481610475
cross_sectional_rank_1w,3,abs_return_1w,-0.5386168802374539
cross_sectional_rank_1w,4,trend_dist_from_ma_4w,-0.4337489868268781
cross_sectional_rank_1w,5,cross_sectional_rank_4w,0.4188780409731114
cross_sectional_rank_4w,1,excess_return_vs_vti_4w,-0.9112821591802176
cross_sectional_rank_4w,2,cross_sectional_rank_8w,0.6185512367491166
cross_sectional_rank_4w,3,excess_return_vs_vti_2w,-0.6044327194867368
cross_sectional_rank_4w,4,excess_return_vs_vti_8w,-0.603819007449707
cross_sectional_rank_4w,5,abs_return_4w,-0.5680550603836596
cross_sectional_rank_8w,1,excess_return_vs_vti_8w,-0.9080081865515086
cross_sectional_rank_8w,2,cross_sectional_rank_12w,0.7263136686009026
cross_sectional_rank_8w,3,excess_return_vs_vti_12w,-0.7051732837792395
cross_sectional_rank_8w,4,cross_sectional_rank_4w,0.6185512367491166
cross_sectional_rank_8w,5,excess_return_vs_vti_4w,-0.6075669213209887
cross_sectional_rank_12w,1,excess_return_vs_vti_12w,-0.9061780912947023
cross_sectional_rank_12w,2,cross_sectional_rank_8w,0.7263136686009026
cross_sectional_rank_12w,3,excess_return_vs_vti_8w,-0.7075727423587604
cross_sectional_rank_12w,4,abs_return_12w,-0.5911913026251793
cross_sectional_rank_12w,5,excess_return_vs_vti_26w,-0.5863285578817503
trend_dist_from_ma_4w,1,abs_return_2w,0.9197224933358372
trend_dist_from_ma_4w,2,trend_dist_from_ma_8w,0.8107379511207534
trend_dist_from_ma_4w,3,abs_return_1w,0.7620042025227616
trend_dist_from_ma_4w,4,abs_return_4w,0.7528724485481924
trend_dist_from_ma_4w,5,trend_dist_from_ma_12w,0.6707185358777968
trend_dist_from_ma_8w,1,trend_dist_from_ma_12w,0.9247580278118995
trend_dist_from_ma_8w,2,abs_return_4w,0.9069740940910828
trend_dist_from_ma_8w,3,trend_dist_from_ma_4w,0.8107379511207534
trend_dist_from_ma_8w,4,drawdown_dist_from_high_13w,0.7796184441811363
trend_dist_from_ma_8w,5,abs_return_8w,0.7758104922850357
trend_dist_from_ma_12w,1,trend_dist_from_ma_8w,0.9247580278118995
trend_dist_from_ma_12w,2,abs_return_8w,0.912645302701854
trend_dist_from_ma_12w,3,drawdown_dist_from_high_13w,0.8416098432188002
trend_dist_from_ma_12w,4,trend_dist_from_ma_26w,0.8109937693286626
trend_dist_from_ma_12w,5,abs_return_4w,0.8024387055518594
trend_dist_from_ma_26w,1,abs_return_12w,0.862130275168241
trend_dist_from_ma_26w,2,drawdown_dist_from_high_26w,0.8348087442856706
trend_dist_from_ma_26w,3,trend_dist_from_ma_12w,0.8109937693286626
trend_dist_from_ma_26w,4,abs_return_26w,0.8067057581685103
trend_dist_from_ma_26w,5,drawdown_dist_from_high_13w,0.7709294815742718
realized_vol_4w,1,realized_vol_8w,0.7851416697901984
realized_vol_4w,2,realized_vol_12w,0.7016491978599335
realized_vol_4w,3,vti_volatility_4w,0.6697426521156816
realized_vol_4w,4,realized_vol_26w,0.5811746947812135
realized_vol_4w,5,drawdown_dist_from_high_26w,-0.5021991472147128
realized_vol_8w,1,realized_vol_12w,0.9085368140686148
realized_vol_8w,2,realized_vol_4w,0.7851416697901984
realized_vol_8w,3,realized_vol_26w,0.7534367125346805
realized_vol_8w,4,vti_volatility_4w,0.5673135385018704
realized_vol_8w,5,drawdown_dist_from_high_26w,-0.5559574213602992
realized_vol_12w,1,realized_vol_8w,0.9085368140686148
realized_vol_12w,2,realized_vol_26w,0.847396656189933
realized_vol_12w,3,realized_vol_4w,0.7016491978599335
realized_vol_12w,4,drawdown_dist_from_high_26w,-0.542696215920156
realized_vol_12w,5,vti_volatility_4w,0.4977391409764426
realized_vol_26w,1,realized_vol_12w,0.847396656189933
realized_vol_26w,2,realized_vol_8w,0.7534367125346805
realized_vol_26w,3,realized_vol_4w,0.5811746947812135
realized_vol_26w,4,drawdown_dist_from_high_26w,-0.4508286077486519
realized_vol_26w,5,vti_volatility_4w,0.4012800892522932
drawdown_dist_from_high_13w,1,drawdown_dist_from_high_26w,0.8950070781749272
drawdown_dist_from_high_13w,2,trend_dist_from_ma_12w,0.8416098432188002
drawdown_dist_from_high_13w,3,trend_dist_from_ma_8w,0.7796184441811363
drawdown_dist_from_high_13w,4,trend_dist_from_ma_26w,0.7709294815742718
drawdown_dist_from_high_13w,5,abs_return_8w,0.750051682934024
drawdown_dist_from_high_26w,1,drawdown_dist_from_high_13w,0.8950070781749272
drawdown_dist_from_high_26w,2,trend_dist_from_ma_26w,0.8348087442856706
drawdown_dist_from_high_26w,3,trend_dist_from_ma_12w,0.7247688046205958
drawdown_dist_from_high_26w,4,abs_return_12w,0.6968933544138546
drawdown_dist_from_high_26w,5,abs_return_26w,0.6937956213264721
volume_change_1w,1,volume_vs_avg_4w,0.7167000712889502
volume_change_1w,2,volume_vs_avg_12w,0.5780621796319451
volume_change_1w,3,sector_return_dispersion_1w,0.10263856852775599
volume_change_1w,4,vti_return_1w,-0.07463021727279408
volume_change_1w,5,average_sector_return_1w,-0.07247413488228292
volume_vs_avg_4w,1,volume_vs_avg_12w,0.8207136668126043
volume_vs_avg_4w,2,volume_change_1w,0.7167000712889502
volume_vs_avg_4w,3,sector_return_dispersion_1w,0.13380395137675521
volume_vs_avg_4w,4,abs_return_2w,-0.11327416643891319
volume_vs_avg_4w,5,vti_return_4w,-0.112856478149362
volume_vs_avg_12w,1,volume_vs_avg_4w,0.8207136668126043
volume_vs_avg_12w,2,volume_change_1w,0.5780621796319451
volume_vs_avg_12w,3,vti_return_4w,-0.1656371724159491
volume_vs_avg_12w,4,sector_return_dispersion_1w,0.1199487938961695
volume_vs_avg_12w,5,trend_dist_from_ma_4w,-0.11700308536530309
vti_return_1w,1,average_sector_return_1w,0.9631648703911291
vti_return_1w,2,abs_return_1w,0.7491237965689619
vti_return_1w,3,trend_dist_from_ma_4w,0.568068669804738
vti_return_1w,4,abs_return_2w,0.46973746785763926
vti_return_1w,5,vti_return_4w,0.4493295845479665
vti_return_4w,1,abs_return_4w,0.7245522936484359
vti_return_4w,2,trend_dist_from_ma_8w,0.6592690020942691
vti_return_4w,3,trend_dist_from_ma_12w,0.5777532332993006
vti_return_4w,4,trend_dist_from_ma_4w,0.5485088136169274
vti_return_4w,5,drawdown_dist_from_high_13w,0.4905377792687595
vti_return_12w,1,abs_return_12w,0.7021019625477689
vti_return_12w,2,trend_dist_from_ma_26w,0.6081670066800391
vti_return_12w,3,trend_dist_from_ma_12w,0.5476265286230622
vti_return_12w,4,drawdown_dist_from_high_13w,0.5444175478764506
vti_return_12w,5,abs_return_8w,0.5190032458500312
vti_volatility_4w,1,realized_vol_4w,0.6697426521156816
vti_volatility_4w,2,realized_vol_8w,0.5673135385018704
vti_volatility_4w,3,realized_vol_12w,0.4977391409764426
vti_volatility_4w,4,drawdown_dist_from_high_26w,-0.41023863667637384
vti_volatility_4w,5,realized_vol_26w,0.4012800892522932
sector_return_dispersion_1w,1,realized_vol_12w,0.3453346954551743
sector_return_dispersion_1w,2,realized_vol_8w,0.34299634504210275
sector_return_dispersion_1w,3,realized_vol_26w,0.33528378252134666
sector_return_dispersion_1w,4,realized_vol_4w,0.3234559407207763
sector_return_dispersion_1w,5,vti_volatility_4w,0.3196475459875125
sectors_outperforming_vti_1w,1,excess_return_vs_vti_1w,0.21053095198949837
sectors_outperforming_vti_1w,2,vti_return_1w,-0.19990802842533373
sectors_outperforming_vti_1w,3,excess_return_vs_vti_2w,0.11854004179923165
sectors_outperforming_vti_1w,4,vti_return_12w,-0.11607109127573734
sectors_outperforming_vti_1w,5,vti_return_4w,-0.1082898779366005
average_sector_return_1w,1,vti_return_1w,0.9631648703911291
average_sector_return_1w,2,abs_return_1w,0.7718169820131336
average_sector_return_1w,3,trend_dist_from_ma_4w,0.5828616535081949
average_sector_return_1w,4,abs_return_2w,0.48369738918937616
average_sector_return_1w,5,vti_return_4w,0.42451515902103076
