,vif,group
trend_dist_from_ma_12w,97.06322511233121,E
trend_dist_from_ma_8w,49.870678962483304,-
average_sector_return_1w,44.33319723560257,I
trend_dist_from_ma_26w,30.25142114539713,E
trend_dist_from_ma_4w,27.303102036150698,E
vti_return_1w,18.818829287484174,H
realized_vol_12w,18.766531280299922,D
abs_return_8w,15.222723250010585,A
drawdown_dist_from_high_13w,15.07785313736066,F
drawdown_dist_from_high_26w,15.050877718892037,F
realized_vol_8w,14.423778900103587,-
abs_return_2w,10.944874767864624,A
abs_return_1w,9.345812588142712,A
excess_return_vs_vti_8w,8.623094459344626,B
volume_vs_avg_4w,7.974099315587209,G
realized_vol_26w,7.861843135112435,D
abs_return_26w,7.224895663579204,A
volume_vs_avg_12w,5.931784046909205,G
realized_vol_4w,5.488339630221932,D
cross_sectional_rank_8w,5.088980085869581,C
excess_return_vs_vti_12w,4.7517372546758745,B
cross_sectional_rank_12w,4.715698228729152,C
excess_return_vs_vti_4w,4.283886622985617,B
excess_return_vs_vti_2w,4.1123872573695515,B
cross_sectional_rank_4w,4.057089441724599,C
excess_return_vs_vti_1w,4.026534900875581,B
volume_change_1w,3.5296293485607224,G
cross_sectional_rank_1w,3.489675156635432,C
vti_volatility_4w,3.4589304569011534,H
excess_return_vs_vti_26w,2.847287457866561,B
vti_return_12w,2.791639438136516,H
abs_return_12w,2.645978696161502,A
abs_return_4w,2.479243263580082,A
vti_return_4w,2.465357854499107,H
sectors_outperforming_vti_1w,1.654663852965195,I
sector_return_dispersion_1w,1.5461525694694886,I
